night_date,t_start,event_type,duration_min,onset_min,delta_T_at_onset,delta_T_final,delta_T_at_plateau,plateau_min,wind_speed_mean,m2_tau,m2_rmse,m2_pred_dT,m2b_tau,m2b_dT_eq,m2b_rmse,m2b_pred_dT,m6_tau,m6_alpha,m6_rmse,m6_pred_dT
2025-07-01,2025-07-01 22:20:00+00:00,open,617.0,21.0,1.280038136207036,0.3080995842448253,0.3080995842448253,,5.01600581947626,0.6550079319155054,0.1355242983339794,"[1.78439504 1.73956392 1.69585913 1.65325239 1.61171609 1.57122335
 1.53174795 1.50004876 1.47527466 1.4500567  1.42469188 1.39944204
 1.37450619 1.35001491 1.32597153 1.3022458  1.27867738 1.25526554
 1.23204161 1.20893885 1.1859099  1.16297022 1.14021034 1.11776137
 1.09565773 1.07383245 1.05226203 1.03100521 1.0101822  0.98995747
 0.97040541 0.95140033 0.93268744 0.914095   0.89566532 0.87756824
 0.85995205 0.84280288 0.82594707 0.80921397 0.79249089 0.77567558
 0.75869552 0.74155015 0.72426385 0.7068816  0.68953671 0.67243345
 0.65572059 0.63940579 0.62338022 0.60744538 0.59145903 0.57612064
 0.56164619 0.54753539 0.53377912 0.52036846 0.50729473 0.49454946]",2.101206233820222,-2.6320092730811284,0.10854862799059463,"[1.78439504 1.7495029  1.71488642 1.68054344 1.64647179 1.61266932
 1.57913391 1.55268748 1.53265408 1.51170295 1.49012959 1.46819952
 1.44611921 1.42402973 1.40194594 1.37974798 1.35728294 1.33455585
 1.31160458 1.28836839 1.26480472 1.24093356 1.21685077 1.19269487
 1.16850927 1.14423547 1.11985734 1.09544132 1.07111684 1.04706005
 1.02335933 0.99990239 0.97644427 0.95281881 0.92907275 0.90538243
 0.88190557 0.85863901 0.83541786 0.81207694 0.7885066  0.76460575
 0.74030142 0.71559197 0.69050101 0.66507327 0.63944331 0.61381966
 0.58835866 0.56307689 0.53787335 0.51255464 0.48698021 0.4618542
 0.43741089 0.4131607  0.3891021  0.36523358 0.34155363 0.31806077]",0.6446002418800758,0.9899999999999999,0.1362598719432617,"[1.78439504 1.73940377 1.69556095 1.65283595 1.61119913 1.57062163
 1.53107544 1.49931709 1.47449154 1.44922919 1.42382683 1.39854638
 1.37358666 1.34907767 1.32502229 1.3012899  1.27772015 1.25431264
 1.23109888 1.20801201 1.18500459 1.16209156 1.13936277 1.11694899
 1.09488461 1.07310305 1.05158095 1.03037681 1.00961064 0.98944689
 0.96996028 0.95102558 0.93238824 0.91387655 0.895533   0.87752771
 0.86000895 0.84296274 0.82621486 0.80959376 0.79298603 0.7762893
 0.75943144 0.7424124  0.72525694 0.70800994 0.69080434 0.673844
 0.65727703 0.64111053 0.62523551 0.60945353 0.59362232 0.578441
 0.56412495 0.55017369 0.53657798 0.52332883 0.51041726 0.49783413]"
2025-07-02,2025-07-02 22:18:00+00:00,open,656.0,43.0,-1.0450577706087714,-2.934366961469964,-2.934366961469964,,1.0427597018169175,11.999999999999469,0.2267864122701986,"[-0.95397089 -0.95264685 -0.95132465 -0.95000428 -0.94868575 -0.94736904
 -0.94605416 -0.93825231 -0.92448916 -0.91170323 -0.89976665 -0.88862038
 -0.87825466 -0.86857548 -0.85942803 -0.85072803 -0.84251651 -0.8349506
 -0.82819903 -0.82233404 -0.81727825 -0.8128741  -0.80898716 -0.80554134
 -0.80259717 -0.80029982 -0.79872875 -0.79787358 -0.79771772 -0.79827554
 -0.79950573 -0.80122174 -0.80311256 -0.80491493 -0.8065291  -0.80797714
 -0.8093301  -0.81069343 -0.812163   -0.81365449 -0.81499175 -0.81616872
 -0.81730126 -0.81844943 -0.81957563 -0.82059254 -0.82143532 -0.8221046
 -0.8225791  -0.82271206 -0.82229573 -0.82116877 -0.81923427 -0.81748877
 -0.81635415 -0.81522112 -0.81408965 -0.81295975 -0.81183143 -0.81070467]",11.99999999999998,-3.669954109192092,0.15114082982434476,"[-0.95397089 -0.95774047 -0.96150482 -0.96526394 -0.96901785 -0.97276655
 -0.97651004 -0.97375954 -0.96504072 -0.95729213 -0.9503859  -0.94426299
 -0.93891367 -0.93424391 -0.93009894 -0.92639448 -0.92317156 -0.92058733
 -0.91881052 -0.91791339 -0.91781856 -0.91836849 -0.91942875 -0.92092326
 -0.92291257 -0.92554186 -0.92889058 -0.93294838 -0.93769866 -0.94315582
 -0.94927855 -0.95588031 -0.96265009 -0.96932466 -0.97580426 -0.98211098
 -0.98831587 -0.9945244  -1.00083245 -1.0071557  -1.01331802 -1.01931335
 -1.02525756 -1.03121072 -1.03713524 -1.04294382 -1.04857161 -1.05401926
 -1.05926551 -1.06416359 -1.06850576 -1.07213069 -1.0749415  -1.07793472
 -1.08153224 -1.08512478 -1.08871233 -1.0922949  -1.09587249 -1.09944513]",11.99999998786064,0.010000000132707628,0.22135753835664154,"[-0.95397089 -0.95273617 -0.95149318 -0.9502433  -0.94898664 -0.94772465
 -0.94646088 -0.93870952 -0.92499899 -0.91227057 -0.90039834 -0.88932483
 -0.87904224 -0.86945914 -0.8604226  -0.85184875 -0.84377719 -0.83636266
 -0.8297717  -0.82407527 -0.81919584 -0.81497461 -0.81127593 -0.80802438
 -0.80528372 -0.80320349 -0.80186588 -0.80126091 -0.80136957 -0.80220358
 -0.80371823 -0.8057237  -0.80790883 -0.81001063 -0.81192872 -0.81368445
 -0.81534804 -0.81702429 -0.81880792 -0.82061283 -0.82226082 -0.82374559
 -0.82518379 -0.82663537 -0.82806245 -0.82937796 -0.83051578 -0.83147257
 -0.8322252  -0.83262884 -0.83247758 -0.83160985 -0.82992705 -0.82842312
 -0.82751805 -0.82660182 -0.82567339 -0.82472986 -0.82376765 -0.8227848 ]"
2025-07-03,2025-07-03 22:55:00+00:00,open,642.0,20.0,-1.3660642504350857,-0.24068703784752188,-0.24068703784752188,,3.6708668470202035,11.999999999991243,0.6190653175383591,"[-0.86259746 -0.86140024 -0.86020468 -0.85901079 -0.85781854 -0.85662796
 -0.85543902 -0.85921947 -0.86804685 -0.87712238 -0.88652509 -0.89620057
 -0.90610529 -0.91618988 -0.92633055 -0.93639184 -0.94631124 -0.95610684
 -0.96571064 -0.97494094 -0.98373624 -0.99218174 -1.00024605 -1.0077597
 -1.01459724 -1.02073957 -1.0261866  -1.03083826 -1.03451675 -1.0370863
 -1.03850473 -1.03865275 -1.03725683 -1.03412663 -1.02929615 -1.02293344
 -1.01530416 -1.00671448 -0.99734139 -0.98723154 -0.97638993 -0.96494499
 -0.95322862 -0.94153456 -0.93003669 -0.91896775 -0.90865072 -0.89924661
 -0.89063992 -0.88267926 -0.87524048 -0.86806814 -0.86092985 -0.8567606
 -0.85557148 -0.85438401 -0.85319819 -0.85201402 -0.85083148 -0.84965059]",1.2888703502007033,-2.6678142438604286,0.06673688707910966,"[-0.86259746 -0.88579084 -0.90868622 -0.93128745 -0.9535983  -0.97562249
 -0.99736373 -1.02377431 -1.05485938 -1.08580413 -1.11668911 -1.14746138
 -1.17807956 -1.20849677 -1.23859273 -1.26823695 -1.29737311 -1.32602557
 -1.35413256 -1.38152014 -1.40813615 -1.43407465 -1.45931239 -1.48368934
 -1.50709116 -1.52951057 -1.55095908 -1.57134858 -1.59051478 -1.60833715
 -1.62478959 -1.63976926 -1.65302132 -1.6643768  -1.6738917  -1.68175445
 -1.68824842 -1.69369381 -1.69827856 -1.70205895 -1.70504927 -1.70738658
 -1.70940859 -1.71141082 -1.71356639 -1.71610516 -1.71934395 -1.72343456
 -1.72825227 -1.73363842 -1.73946313 -1.74546731 -1.75141819 -1.76024046
 -1.77190094 -1.78341161 -1.79477439 -1.80599118 -1.81706386 -1.82799428]",11.999999999999995,0.010000000000000021,0.5931376183242598,"[-0.86259746 -0.86180869 -0.86105224 -0.86032784 -0.85963469 -0.85897179
 -0.85834029 -0.862708   -0.87215101 -0.88187025 -0.89194697 -0.90233078
 -0.91298059 -0.92384387 -0.93479131 -0.94568448 -0.95646074 -0.96713986
 -0.9776521  -0.98781191 -0.99755597 -1.00696764 -1.01601145 -1.02451252
 -1.03234382 -1.03948808 -1.04594461 -1.05161061 -1.05630529 -1.05988804
 -1.06230943 -1.06344562 -1.0630228  -1.06084974 -1.05695659 -1.05150701
 -1.0447618  -1.03702284 -1.02846348 -1.01912635 -1.00901434 -0.99825676
 -0.98718909 -0.97611012 -0.96519944 -0.95469155 -0.94490961 -0.93601726
 -0.92789988 -0.92040904 -0.9134253  -0.90669309 -0.89997934 -0.89622174
 -0.8954338  -0.89463386 -0.89381716 -0.89298371 -0.89213319 -0.89126223]"
2025-07-04,2025-07-04 22:15:00+00:00,open,683.0,12.0,1.5371599924053054,0.31601129536229955,0.31601129536229955,,9.156912185801534,0.9930016868349283,0.06029112214798842,"[1.71384376 1.68531844 1.65726791 1.62968424 1.60255968 1.57588658
 1.54965744 1.53440355 1.52978181 1.52501916 1.52008476 1.51500648
 1.50980699 1.50444869 1.49900371 1.4936236  1.48834628 1.48315501
 1.47810728 1.47328728 1.46877886 1.4646559  1.46097476 1.45766362
 1.45444856 1.45107981 1.44744978 1.44361451 1.43971164 1.43563766
 1.43111837 1.42610311 1.42070111 1.41493705 1.40874113 1.4018892
 1.39404145 1.38498789 1.37479032 1.3636719  1.35176346 1.33913261
 1.32590399 1.31220559 1.29820997 1.2841283  1.27009049 1.25608417
 1.24202506 1.22790965 1.21381649 1.19974862 1.18563286 1.16873856
 1.14928601 1.13015722 1.11134682 1.0928495  1.07466005 1.05677334]",0.43753273797034353,0.8011694608108308,0.053360711961106914,"[1.71384376 1.67973165 1.64689451 1.61528469 1.58485632 1.55556524
 1.52736895 1.51069097 1.50486784 1.49904677 1.49319483 1.48733814
 1.48149671 1.47563078 1.46981039 1.46418229 1.45877756 1.4535731
 1.44861987 1.4439941  1.43977032 1.43601165 1.43276285 1.4299406
 1.42726378 1.42448172 1.42148952 1.41834659 1.41519128 1.41191976
 1.40826239 1.40417678 1.39977875 1.39509783 1.39006943 1.38447724
 1.37799528 1.3704331  1.36187283 1.35255383 1.34261837 1.33214352
 1.32126093 1.31010261 1.29884204 1.28768706 1.27676061 1.26604238
 1.25544171 1.24495014 1.23464041 1.22450881 1.2144767  1.20182841
 1.18685339 1.17243807 1.15856153 1.14520365 1.13234502 1.11996701]",0.9802164474779306,0.9899999999999999,0.060538083878536465,"[1.71384376 1.68536773 1.65736936 1.62984032 1.60277225 1.57615707
 1.54998665 1.53479097 1.53022348 1.52551007 1.52061957 1.51557964
 1.51041282 1.50508154 1.49965828 1.49429457 1.48902835 1.483843
 1.47879612 1.47397208 1.46945473 1.46531779 1.46161804 1.45828405
 1.45504188 1.45164192 1.4479771  1.44410403 1.44016113 1.43604579
 1.43148451 1.42642663 1.420981   1.41517223 1.40893074 1.40203297
 1.39413943 1.38503997 1.37479637 1.36363219 1.35167857 1.33900344
 1.32573152 1.31199055 1.2979529  1.28382989 1.26975161 1.25570572
 1.24160782 1.22745489 1.21332637 1.19922586 1.18508041 1.16815988
 1.14868566 1.12953983 1.11071693 1.0922118  1.07401899 1.05613291]"
2025-07-06,2025-07-06 22:26:00+00:00,open,648.0,10.0,0.79869562492566,0.5956869174672406,0.5956869174672406,,8.388176750435102,0.3752377860147761,0.06994200251193974,"[1.17801574 1.12683765 1.07788295 1.03105506 0.98626157 0.94341411
 0.90242812 0.86131924 0.82019293 0.78116618 0.7443159  0.70942758
 0.67624975 0.64462005 0.61432587 0.58515541 0.55709813 0.53034491
 0.50507909 0.48136903 0.45922572 0.43861141 0.41940316 0.40133795
 0.38409352 0.36755827 0.35182013 0.3369031  0.3227787  0.30950641
 0.29717093 0.28577451 0.27516651 0.26513512 0.25562173 0.24665582
 0.23818524 0.2300951  0.22223657 0.21445674 0.20672373 0.19912644
 0.19178253 0.18493469 0.17881494 0.17334842 0.1682855  0.16348577
 0.15899195 0.15484218 0.15097895 0.14726619 0.14350625 0.13850611
 0.13248881 0.12673292 0.1212271  0.11596047 0.11092264 0.10610368]",0.29763954365643874,0.10807061310203613,0.06066631117493748,"[1.17801574 1.11974951 1.06465629 1.0125633  0.96330714 0.91673334
 0.87269582 0.82916022 0.78620616 0.74590265 0.70827219 0.67304971
 0.63993892 0.60873731 0.57919626 0.55107255 0.52432733 0.4991235
 0.47561565 0.45384352 0.43379072 0.41539369 0.39850597 0.38284441
 0.36807124 0.3540629  0.34089585 0.3285824  0.3170833  0.30644766
 0.29674945 0.28798021 0.27997995 0.27253031 0.26556815 0.25911856
 0.25312534 0.24747075 0.24200478 0.23657513 0.23115174 0.22582471
 0.22071166 0.21605341 0.21207709 0.20870225 0.20567614 0.20285778
 0.20028987 0.19800974 0.19595937 0.1940032  0.1919461  0.18860342
 0.18421782 0.18007106 0.17615011 0.17244269 0.16893717 0.16562255]",0.28542358734289514,0.9084258686139264,0.05940908384504959,"[1.17801574 1.11959307 1.0644051  1.01225415 0.96296589 0.91638077
 0.87234857 0.82883864 0.78593469 0.74568951 0.70810599 0.67290509
 0.63978279 0.60853207 0.57891161 0.55069849 0.52387845 0.4986281
 0.47508574 0.45326912 0.4331588  0.41468983 0.39771006 0.38193629
 0.3670378  0.35290537 0.33962372 0.32721033 0.3156321  0.30494836
 0.2952469  0.28652117 0.27860688 0.27127834 0.26446183 0.25817562
 0.25236263 0.24690761 0.24166444 0.23648252 0.23132426 0.22627151
 0.22144908 0.21710111 0.21345227 0.210422   0.20774321 0.20525972
 0.20301318 0.20103912 0.1992824  0.19763453 0.19591041 0.1929083
 0.18885488 0.18502016 0.18139079 0.17795706 0.1747051  0.17160706]"
2025-07-07,2025-07-07 22:35:00+00:00,open,682.0,11.0,-1.8699914850877821,-1.5529796934935813,-1.5529796934935813,,1.923337256688655,6.942795070060345,0.09003758424819547,"[-1.82792904 -1.82354624 -1.81917393 -1.81481212 -1.81046076 -1.80611983
 -1.80178932 -1.79879332 -1.79704221 -1.79511252 -1.7929732  -1.79059108
 -1.7879716  -1.78518279 -1.78231002 -1.77938641 -1.77637733 -1.77324516
 -1.76999376 -1.76659801 -1.76296298 -1.75901923 -1.75478832 -1.75034041
 -1.74571744 -1.74089578 -1.73583314 -1.73049459 -1.72483567 -1.71882138
 -1.7124568  -1.70579033 -1.69886079 -1.69164533 -1.68410448 -1.67626661
 -1.66821297 -1.65998395 -1.65154384 -1.64283148 -1.63382558 -1.62455068
 -1.61505728 -1.60541619 -1.59569044 -1.58591153 -1.57608096 -1.5661866
 -1.55623065 -1.54625406 -1.53631909 -1.52646321 -1.51669748 -1.51002675
 -1.50640617 -1.50279428 -1.49919104 -1.49559644 -1.49201046 -1.48843308]",11.999999999999998,1.3097180840048523,0.08890726993541946,"[-1.82792904 -1.82357423 -1.81922545 -1.81488271 -1.810546   -1.80621531
 -1.80189063 -1.79889654 -1.79714517 -1.79521335 -1.79306986 -1.79068129
 -1.78805284 -1.78525233 -1.782365   -1.77942393 -1.77639442 -1.77323875
 -1.76996064 -1.76653488 -1.76286632 -1.75888527 -1.75461297 -1.75011933
 -1.74544611 -1.74056951 -1.735447   -1.73004341 -1.72431399 -1.71822339
 -1.71177635 -1.70502095 -1.69799573 -1.69067756 -1.68302671 -1.67507119
 -1.66689203 -1.65852944 -1.64994752 -1.64108488 -1.63191996 -1.622477
 -1.61280629 -1.60297846 -1.59305644 -1.58307165 -1.5730256  -1.56290608
 -1.55271525 -1.54249401 -1.53230467 -1.52218476 -1.51214547 -1.50519273
 -1.50128584 -1.49738438 -1.49348833 -1.48959769 -1.48571245 -1.4818326 ]",1.4250651469384243,0.01000000000009469,0.07706168231838845,"[-1.82792904 -1.82547251 -1.82296277 -1.82040859 -1.81781464 -1.81516939
 -1.81244649 -1.81093963 -1.81053002 -1.80979038 -1.80868873 -1.80719368
 -1.80532098 -1.80314366 -1.80074036 -1.79813645 -1.79529566 -1.79218778
 -1.78882899 -1.78520294 -1.78122015 -1.77681534 -1.77201249 -1.76688251
 -1.76146866 -1.75575764 -1.74972379 -1.74333819 -1.73655006 -1.72932478
 -1.72168218 -1.71369159 -1.70540565 -1.69681039 -1.68787762 -1.67863953
 -1.66917571 -1.65952742 -1.64966642 -1.63954711 -1.62916332 -1.61854785
 -1.60775087 -1.59683948 -1.58587556 -1.57488757 -1.56387103 -1.55280601
 -1.54169421 -1.53058545 -1.51955199 -1.50864224 -1.4978769  -1.49026096
 -1.4857251  -1.4812307  -1.47678908 -1.47241361 -1.46811928 -1.46391935]"
2025-07-08,2025-07-08 22:32:00+00:00,open,664.0,5.0,-0.4999966399707301,0.6372316047038638,0.6372316047038638,,7.250685899309022,11.999999996425833,0.2603099965150722,"[-0.68159376 -0.68064776 -0.67970307 -0.67875969 -0.67781762 -0.67687686
 -0.67593741 -0.65479652 -0.61384778 -0.57369214 -0.53457691 -0.49684544
 -0.46058318 -0.42580717 -0.39269713 -0.36135142 -0.331514   -0.30273122
 -0.27469316 -0.24743917 -0.22126782 -0.19646792 -0.17331239 -0.15213391
 -0.13315349 -0.11635544 -0.10159612 -0.08874894 -0.07776325 -0.06874
 -0.06187026 -0.05720142 -0.05461643 -0.05390288 -0.05467144 -0.05635799
 -0.05838275 -0.06029937 -0.06184386 -0.06275835 -0.06265716 -0.06131516
 -0.05876796 -0.05498288 -0.04965311 -0.04235619 -0.03289814 -0.02137977
 -0.00794922  0.00737915  0.02464157  0.04385426  0.06502932  0.07605161
  0.07594606  0.07584065  0.07573539  0.07563028  0.07552531  0.07542048]",0.1527755167602947,-0.3865944042775762,0.058564727470483365,"[-0.68159376 -0.65110482 -0.623767   -0.5992546  -0.57727563 -0.55756824
 -0.53989766 -0.50455666 -0.45441147 -0.41014733 -0.37139534 -0.3379109
 -0.30922984 -0.28487523 -0.26457359 -0.24799878 -0.23452187 -0.22339456
 -0.21408405 -0.20644432 -0.20058773 -0.19660409 -0.19456124 -0.19457633
 -0.19664671 -0.20054602 -0.20595173 -0.21259131 -0.22029253 -0.22904561
 -0.23892529 -0.24986074 -0.26163412 -0.27395922 -0.28641037 -0.29844068
 -0.30954592 -0.31940053 -0.32788489 -0.33489422 -0.34021376 -0.34380683
 -0.34588498 -0.34657008 -0.34571106 -0.34306554 -0.33863498 -0.33269829
 -0.32554798 -0.3173192  -0.30808708 -0.29793723 -0.28695069 -0.28690308
 -0.29720643 -0.3064449  -0.31472856 -0.32215608 -0.32881594 -0.33478749]",11.999999999991312,0.989999999999998,0.260452451001409,"[-0.68159376 -0.68065385 -0.67971479 -0.67877653 -0.67783902 -0.67690227
 -0.67596624 -0.65482814 -0.61388158 -0.57372756 -0.53461348 -0.49688271
 -0.46062074 -0.4258446  -0.39273403 -0.36138734 -0.33154842 -0.3027636
 -0.27472304 -0.24746607 -0.22129126 -0.19648739 -0.17332742 -0.15214401
 -0.13315814 -0.11635409 -0.10158825 -0.08873408 -0.07774104 -0.06871011
 -0.06183239 -0.05715529 -0.05456176 -0.05383945 -0.05459902 -0.05627632
 -0.05829159 -0.06019855 -0.06173329 -0.06263793 -0.06252676 -0.06117464
 -0.05861719 -0.05482171 -0.04948136 -0.04217367 -0.03270462 -0.02117499
 -0.00773288  0.00760736  0.02488198  0.0441072   0.06529516  0.07633073
  0.07623886  0.07614754  0.07605675  0.07596653  0.07587689  0.07578788]"
2025-07-10,2025-07-10 22:28:00+00:00,open,680.0,5.0,0.5986650904403419,0.9285110413487558,0.9285110413487558,,2.1420459270046397,2.5233922448744885,0.2617260907389306,"[0.46735496 0.46427831 0.46122192 0.45818565 0.45516937 0.45217294
 0.44919624 0.45828468 0.47940672 0.50053203 0.52165974 0.54259784
 0.56276391 0.58132421 0.59752827 0.611029   0.62183522 0.63011872
 0.63611396 0.63992823 0.64152122 0.64088532 0.63808026 0.63321158
 0.62644512 0.61797478 0.60799578 0.59672158 0.58446031 0.57164114
 0.55869555 0.54590778 0.53339036 0.52120334 0.50947336 0.49842241
 0.48824459 0.47901176 0.47075504 0.46340889 0.45679763 0.45088361
 0.44588409 0.44216449 0.44004454 0.43973683 0.44134867 0.4446887
 0.44923978 0.45442008 0.45975373 0.46498545 0.47007301 0.4710229
 0.46792211 0.46484173 0.46178163 0.45874167 0.45572173 0.45272167]",11.999999971780182,-2.2456419889961774,0.2603651332412894,"[0.46735496 0.46358952 0.45982931 0.45607432 0.45232454 0.44857997
 0.44484059 0.45317289 0.47362904 0.4941995  0.51488324 0.53548779
 0.55542823 0.57386453 0.59003562 0.60358089 0.61449488 0.62293566
 0.62912505 0.63315879 0.63498506 0.63458458 0.63200562 0.62734267
 0.62075123 0.61241589 0.60252353 0.59128035 0.57898856 0.56607334
 0.55296452 0.5399466  0.52713337 0.51458655 0.50243486 0.49090329
 0.48019014 0.47037213 0.46148544 0.45346961 0.4461533  0.43950252
 0.43373868 0.42923293 0.42631258 0.42519919 0.42600986 0.4285629
 0.43234893 0.43679084 0.44141469 0.44596519 0.45039936 0.45071597
 0.44697363 0.44323648 0.43950452 0.43577774 0.43205613 0.42833968]",2.3879098639416583,0.010000000000000142,0.24856294821164984,"[0.46735496 0.4664619  0.46543858 0.46425381 0.46291502 0.46145441
 0.4599055  0.47031478 0.49261374 0.51474891 0.53670817 0.55828634
 0.57890027 0.59771328 0.61397163 0.62733336 0.6378048  0.64555097
 0.6508083  0.65368501 0.65412979 0.65211354 0.64767277 0.64090617
 0.63199959 0.62118783 0.60870275 0.59477888 0.57973965 0.56404192
 0.54815433 0.53239349 0.51690174 0.50176119 0.48710796 0.47317184
 0.46016126 0.44816647 0.43724372 0.42735583 0.41836054 0.41024922
 0.40326138 0.39778356 0.39415036 0.39258678 0.39320973 0.39581247
 0.39986758 0.40480743 0.41018363 0.41577801 0.42157201 0.42359586
 0.4219495  0.42067531 0.419718   0.4190218  0.4185317  0.41821745]"
2025-07-11,2025-07-11 22:17:00+00:00,open,691.0,5.0,-0.6531492100674114,0.655540459419564,0.655540459419564,,5.124167953314483,11.999999845527928,0.18581550630670338,"[-0.55530595 -0.55453523 -0.55376558 -0.55299699 -0.55222947 -0.55146302
 -0.55069763 -0.55472628 -0.56328117 -0.57133166 -0.57892365 -0.58608471
 -0.59291358 -0.59952858 -0.6058663  -0.61181901 -0.61732065 -0.62228271
 -0.62675699 -0.63092695 -0.6348967  -0.63863912 -0.64211469 -0.64531372
 -0.64818687 -0.65072669 -0.65298111 -0.65495216 -0.65651457 -0.65750826
 -0.65799857 -0.65813791 -0.65791945 -0.65722551 -0.65605483 -0.65468103
 -0.65341451 -0.65239356 -0.6516685  -0.65127645 -0.65122761 -0.6514963
 -0.65197884 -0.65257486 -0.65326278 -0.65397691 -0.65481901 -0.65612835
 -0.65809133 -0.66064501 -0.66363952 -0.66686478 -0.67011222 -0.67125559
 -0.67032394 -0.66939358 -0.66846451 -0.66753673 -0.66661024 -0.66568504]",0.1455494644775691,-0.8208874310576435,0.056247506860627496,"[-0.55530595 -0.58404074 -0.60966654 -0.63251974 -0.65290032 -0.67107581
 -0.68728479 -0.70635732 -0.72756122 -0.74600571 -0.76203198 -0.7759269
 -0.78801539 -0.79860317 -0.80779029 -0.81562736 -0.82219695 -0.82755204
 -0.83187468 -0.83544937 -0.83845369 -0.8409225  -0.84287681 -0.84436257
 -0.84538294 -0.84598207 -0.84625014 -0.84622398 -0.84581487 -0.84491346
 -0.84363694 -0.84216801 -0.84051908 -0.83859739 -0.83643321 -0.83431319
 -0.8325241  -0.83115966 -0.83022164 -0.82969933 -0.82955742 -0.8297307
 -0.83008627 -0.83051104 -0.83097741 -0.83141795 -0.83193562 -0.83284337
 -0.83427281 -0.83610742 -0.83816231 -0.84021464 -0.84206875 -0.84170055
 -0.83944866 -0.83744041 -0.83564945 -0.83405226 -0.83262788 -0.83135762]",11.999999963829616,0.9899993756344944,0.18582113678582274,"[-0.55530595 -0.55453619 -0.55376757 -0.55300005 -0.5522336  -0.55146818
 -0.55070381 -0.55473349 -0.56328938 -0.57134088 -0.57893388 -0.58609593
 -0.59292574 -0.59954161 -0.60588011 -0.61183351 -0.61733573 -0.62229823
 -0.62677283 -0.63094292 -0.63491266 -0.63865492 -0.64213022 -0.64532881
 -0.64820136 -0.65074041 -0.65299392 -0.65496393 -0.65652518 -0.65751757
 -0.65800641 -0.65814406 -0.65792366 -0.65722754 -0.65605441 -0.65467792
 -0.65340844 -0.65238429 -0.65165578 -0.65126009 -0.6512074  -0.65147205
 -0.65195041 -0.6525422  -0.65322586 -0.65393572 -0.65477351 -0.6560785
 -0.65803709 -0.66058629 -0.66357622 -0.66679678 -0.67003936 -0.67117772
 -0.67024097 -0.66930548 -0.66837122 -0.6674382  -0.66650645 -0.66557594]"
2025-07-12,2025-07-12 22:52:00+00:00,open,659.0,9.0,-1.0040133787610372,0.5789582576362662,0.5789582576362662,,2.243167048200653,2.67291582024006,0.22096010952706494,"[-1.3002465  -1.29216419 -1.28413211 -1.27614996 -1.26821743 -1.2603342
 -1.25249998 -1.24121048 -1.22619472 -1.21066899 -1.19468276 -1.17835012
 -1.16176261 -1.14502438 -1.12817168 -1.11096494 -1.09308514 -1.07441187
 -1.0548653  -1.03424712 -1.01247392 -0.98963352 -0.96586454 -0.94136249
 -0.91627724 -0.8907982  -0.86527823 -0.84004084 -0.81517487 -0.79064317
 -0.76649241 -0.74282803 -0.71979813 -0.69772357 -0.67701047 -0.65777322
 -0.63984337 -0.62308066 -0.6074472  -0.5929639  -0.57950011 -0.56677141
 -0.55466771 -0.54320552 -0.53227977 -0.5218044  -0.51193954 -0.50293262
 -0.49483079 -0.48748291 -0.4807929  -0.47489575 -0.46997572 -0.46632025
 -0.46342161 -0.46054098 -0.45767827 -0.45483334 -0.45200611 -0.44919644]",0.16369741053606407,-0.7538164848747911,0.052184884361897416,"[-1.3002465  -1.24735079 -1.19957551 -1.15642499 -1.11745154 -1.08225081
 -1.0504576  -1.01834697 -0.98577252 -0.95577589 -0.92815252 -0.90277892
 -0.87952207 -0.85827558 -0.8388768  -0.82091524 -0.80394664 -0.78775779
 -0.77219126 -0.75699178 -0.74204034 -0.72739002 -0.71313814 -0.69942739
 -0.68634302 -0.67400314 -0.66267083 -0.65255552 -0.6436236  -0.6357276
 -0.62881468 -0.62289243 -0.61800982 -0.6143779  -0.61226802 -0.6116462
 -0.612216   -0.61373693 -0.61608838 -0.6192168  -0.62292666 -0.62689666
 -0.63100339 -0.63525257 -0.63953265 -0.64376335 -0.64810699 -0.65279143
 -0.65783153 -0.66305328 -0.66835354 -0.67385924 -0.67972982 -0.6862126
 -0.69275681 -0.69866753 -0.70400608 -0.70882784 -0.71318285 -0.71711628]",2.641885661185755,0.9899999999737845,0.22097473452760769,"[-1.3002465  -1.29214408 -1.2840938  -1.27609527 -1.26814795 -1.2602512
 -1.25240449 -1.24110368 -1.2260784  -1.21054513 -1.19455328 -1.17821682
 -1.16162719 -1.14488853 -1.12803694 -1.11083265 -1.09295647 -1.07428792
 -1.05474715 -1.03413568 -1.01236984 -0.98953738 -0.96577691 -0.94128378
 -0.91620772 -0.89073803 -0.86522729 -0.83999866 -0.81514085 -0.79061659
 -0.76647237 -0.74281356 -0.71978813 -0.69771712 -0.67700676 -0.65777124
 -0.63984185 -0.62307822 -0.60744234 -0.59295503 -0.57948564 -0.56674988
 -0.55463767 -0.54316547 -0.53222805 -0.52173933 -0.51185958 -0.50283629
 -0.49471667 -0.48734961 -0.48063909 -0.47471998 -0.4697764  -0.46609583
 -0.46317085 -0.46026303 -0.4573724  -0.45449882 -0.45164221 -0.44880262]"
2025-07-13,2025-07-13 22:24:00+00:00,open,677.0,22.0,0.3184971234109817,1.4694780421101576,1.4694780421101576,,11.773559898227917,0.2882893599922092,0.05766904869061079,"[ 0.71171236  0.67173341  0.6340002   0.59838657  0.56477346  0.5330485
  0.50310562  0.48266803  0.47100079  0.45987044  0.44920573  0.43894989
  0.42900776  0.41920002  0.40941494  0.3996825   0.39003704  0.38033581
  0.37031909  0.35987211  0.34900175  0.33765122  0.32565505  0.312867
  0.29935934  0.28535781  0.27100562  0.2562961   0.24123902  0.22588441
  0.21013507  0.19383484  0.17703144  0.15994315  0.14274076  0.12546003
  0.108074    0.09062661  0.07316631  0.0555948   0.03776985  0.01970598
  0.00155277 -0.01659447 -0.03470641 -0.05266691 -0.07023003 -0.08722788
 -0.10365774 -0.11953422 -0.13484557 -0.14949543 -0.16339063 -0.16526136
 -0.15597815 -0.14721641 -0.13894683 -0.13114179 -0.12377517 -0.11682236]",0.3451248739407743,-0.07207225990974969,0.05067736290115243,"[ 0.71171236  0.67476146  0.63955258  0.6060036   0.57403625  0.54357598
  0.51455174  0.49474378  0.48354044  0.47274624  0.46230063  0.45215639
  0.44222686  0.43233951  0.42238754  0.41240531  0.4024318   0.39232828
  0.38183679  0.3708423   0.35935115  0.34730591  0.33453943  0.32090223
  0.30646307  0.2914459   0.27599414  0.26010187  0.24377939  0.22707768
  0.20990035  0.19209057  0.17369478  0.15493149  0.13597361  0.11685992
  0.09756626  0.07813921  0.05863037  0.03894423  0.01893992 -0.00136745
 -0.02182685 -0.04234026 -0.06287535 -0.08331254 -0.10340088 -0.12296553
 -0.14199648 -0.16050154 -0.17846247 -0.19577635 -0.2123426  -0.21684857
 -0.2100232  -0.20351962 -0.19732264 -0.19141781 -0.18579136 -0.18043016]",0.279179375669321,0.9899999999999999,0.06022686472432693,"[ 0.71171236  0.67122985  0.63309289  0.59716506  0.56331724  0.53142926
  0.50138825  0.48090504  0.46921976  0.45809123  0.44744645  0.43722695
  0.42733519  0.41759038  0.40787987  0.39823407  0.38868811  0.37909858
  0.36920511  0.35889246  0.34816744  0.33697314  0.32514436  0.31253658
  0.29922297  0.28542812  0.27129373  0.25681278  0.24199526  0.22689046
  0.21140077  0.1953714   0.17885242  0.16206357  0.14517459  0.12821919
  0.11116959  0.09406836  0.07696155  0.05974866  0.0422865   0.02458912
  0.00680578 -0.0109694  -0.02870904 -0.04629757 -0.06348931 -0.08011739
 -0.09617976 -0.11169161 -0.12664203 -0.14093574 -0.15448089 -0.1560154
 -0.14643579 -0.13742107 -0.12893863 -0.12095737 -0.11344865 -0.10638491]"
2025-07-14,2025-07-14 22:32:00+00:00,open,182.0,3.0,-0.3824370359615834,0.31296817622921935,0.31296817622921935,,8.904229064894032,11.999999999650024,0.2510719178137937,"[-0.35596876 -0.35547471 -0.35498133 -0.35448865 -0.35399664 -0.35350532
 -0.35301468 -0.3490222  -0.34143156 -0.33354507 -0.32516484 -0.31605401
 -0.30587717 -0.29431075 -0.28126743 -0.26691965 -0.25145532 -0.23494603
 -0.21744753 -0.19891887 -0.17914616 -0.15793361 -0.13520912 -0.11103061
 -0.08553556 -0.05889159 -0.03134398 -0.00315909  0.02544185  0.05433185
  0.08355631  0.11320358  0.14328432  0.17374653  0.20437695  0.234852
  0.26496867  0.29466568  0.32393821  0.35279521  0.38124238  0.40932653
  0.43710615  0.46461287  0.49188675  0.51891162  0.54563163  0.57200279
  0.59790575  0.62323861  0.64799996  0.67212959  0.69550503  0.70649773
  0.70551716  0.70453796  0.70356011  0.70258362  0.70160849  0.70063471]",11.156308508060437,-4.999999999999999,0.041545093867845745,"[-0.35596876 -0.36290141 -0.36982371 -0.37673567 -0.38363731 -0.39052866
 -0.39740971 -0.40077809 -0.400538   -0.39999188 -0.39894193 -0.39715134
 -0.39428483 -0.39001896 -0.38426659 -0.37720031 -0.36900818 -0.35976191
 -0.34951737 -0.33823373 -0.32569724 -0.31171225 -0.29620685 -0.27923911
 -0.26094666 -0.24149729 -0.22113638 -0.2001304  -0.17870062 -0.15697409
 -0.13490547 -0.11240644 -0.0894664  -0.06613741 -0.04263277 -0.01927608
  0.00372968  0.02632326  0.04849988  0.0702685   0.09163486  0.1126458
  0.13335985  0.15380865  0.17403226  0.19401454  0.21369965  0.23304363
  0.25192715  0.27024836  0.2880059   0.30513962  0.32152708  0.32554024
  0.31759023  0.30965209  0.3017258   0.29381135  0.2859087   0.27801786]",11.99999999999933,0.9899999999999999,0.25146724350273253,"[-0.35596876 -0.35546741 -0.35496671 -0.35446668 -0.35396731 -0.35346863
 -0.35297065 -0.34897081 -0.34137275 -0.33347874 -0.3250909  -0.31597234
 -0.30578765 -0.29421324 -0.28116177 -0.26680569 -0.25133283 -0.23481479
 -0.21730726 -0.19876925 -0.17898681 -0.15776412 -0.13502907 -0.11083959
 -0.08533317 -0.05867743 -0.03111767 -0.00292021  0.0256938   0.05459739
  0.08383595  0.11349786  0.14359375  0.17407158  0.20471806  0.23520961
  0.2653432   0.29505755  0.32434786  0.35322303  0.38168877  0.40979183
  0.43759067  0.46511688  0.49241052  0.51945544  0.54619576  0.57258749
  0.59851124  0.62386512  0.64864772  0.67279884  0.69619597  0.70721058
  0.70625213  0.70529521  0.70433975  0.7033857   0.70243306  0.7014818 ]"
2025-07-15,2025-07-15 22:15:00+00:00,open,125.0,21.0,0.5332363489781908,0.013521576713877437,0.013521576713877437,,5.182208141679372,0.816211167432659,0.06685515550289269,"[0.86605299 0.84854791 0.83139665 0.81459205 0.79812712 0.78199499
 0.76618893 0.75441819 0.74545615 0.73440783 0.72122921 0.70597411
 0.68884773 0.67008596 0.64988732 0.62836938 0.60562162 0.58180694
 0.55716127 0.5318707  0.50606683 0.47993522 0.45369896 0.4275607
 0.40172307 0.37647789 0.3521069  0.32881613 0.30686537 0.28653952
 0.26805079 0.25150775 0.23697112 0.22453735 0.21437489 0.20668193
 0.20152445 0.19872387 0.19790797 0.19867756 0.20072895 0.20394629
 0.20833215 0.2137697  0.22007451 0.22714425 0.23494305 0.24338832
 0.25224273 0.2611723  0.26987227 0.27822198 0.28635981 0.28744907
 0.28163901 0.27594639 0.27036883 0.264904   0.25954963 0.25430349]",2.3622250403405567,-0.976405088703628,0.05184330936744488,"[0.86605299 0.85309929 0.84023666 0.82746446 0.81478206 0.80218883
 0.78968413 0.78099975 0.77497521 0.76671051 0.75613467 0.74327454
 0.72831038 0.71145641 0.69289252 0.67272    0.65101331 0.62792211
 0.60367187 0.57844131 0.55235665 0.52560016 0.49839447 0.47094465
 0.44345837 0.41623559 0.38957032 0.36368382 0.338854   0.31538756
 0.29352171 0.27339199 0.25508689 0.23873144 0.22452419 0.2126958
 0.20334648 0.19633091 0.19130607 0.18789642 0.18581702 0.18496768
 0.18536609 0.1869099  0.1894267  0.1928242  0.19707559 0.20210672
 0.20768656 0.21348337 0.21919028 0.22468147 0.23009039 0.22854671
 0.2200751  0.21166305 0.20331014 0.19501596 0.18678009 0.17860213]",0.7932307431588238,0.9899999999999924,0.06784984555060014,"[0.86605299 0.84838511 0.83108562 0.81414665 0.79756024 0.78131865
 0.7654142  0.75355432 0.74450916 0.73338383 0.72013504 0.70481719
 0.68763633 0.668829   0.64859397 0.62704908 0.6042843  0.58046302
 0.55582118 0.53054519 0.50476714 0.47867288 0.45248527 0.42640671
 0.40063978 0.37547605 0.35119686 0.32800775 0.30616788 0.28596133
 0.26759951 0.25119022 0.23679347 0.22450512 0.21449276 0.20695395
 0.20195416 0.19931381 0.19865967 0.19959173 0.20180571 0.20518544
 0.20973293 0.21533072 0.22179356 0.22901769 0.23696562 0.24555368
 0.25454404 0.26360314 0.27242708 0.28089607 0.28914935 0.29035213
 0.28465943 0.27908908 0.27363807 0.26830356 0.26308293 0.25797377]"
2025-07-16,2025-07-16 22:37:00+00:00,open,661.0,0.0,-0.9526859327087358,-2.1481897901496065,-2.1481897901496065,,3.2527345935631886,11.999999984349923,0.3736067004003974,"[-0.95268593 -0.95136368 -0.95004325 -0.94872467 -0.94740791 -0.94609298
 -0.94477987 -0.94260607 -0.93951373 -0.93630398 -0.93299957 -0.92964977
 -0.92628506 -0.92292292 -0.91961633 -0.91641374 -0.91326611 -0.91006024
 -0.90673358 -0.90329145 -0.89976713 -0.89625327 -0.89284112 -0.88954349
 -0.88634715 -0.8832163  -0.88008428 -0.87689869 -0.87361681 -0.87020785
 -0.86672479 -0.86331957 -0.86016481 -0.85734276 -0.85481421 -0.85251875
 -0.85044073 -0.84861821 -0.84712606 -0.84602108 -0.84530724 -0.84493212
 -0.84484082 -0.84501609 -0.84544223 -0.84609154 -0.84691922 -0.84784624
 -0.84883296 -0.84992135 -0.85114882 -0.85249565 -0.85390106 -0.85401559
 -0.85283028 -0.85164662 -0.8504646  -0.84928422 -0.84810548 -0.84692837]",7.542825132004678,-4.999999999974098,0.16005827810495057,"[-0.95268593 -0.96161903 -0.9705324  -0.97942611 -0.98830018 -0.99715467
 -1.00598961 -1.01394278 -1.02095732 -1.02783472 -1.03459788 -1.04129615
 -1.04796009 -1.05460723 -1.06129055 -1.06805851 -1.07486201 -1.08158789
 -1.08817376 -1.09462504 -1.10097517 -1.10731684 -1.11374131 -1.12026135
 -1.12686367 -1.13351244 -1.14014102 -1.14669706 -1.15313797 -1.15943308
 -1.1656355  -1.17189723 -1.17839077 -1.18519818 -1.19228003 -1.19957572
 -1.20706948 -1.21479923 -1.22283961 -1.2312472  -1.24002568 -1.24912235
 -1.25848214 -1.2680876  -1.27792287 -1.2879601  -1.29815437 -1.30842658
 -1.31873708 -1.32912782 -1.33963617 -1.35024233 -1.3608855  -1.3702166
 -1.37822813 -1.38622199 -1.39419819 -1.4021568  -1.41009783 -1.41802134]",11.99999998873797,0.010000411739259904,0.37290150750592205,"[-0.95268593 -0.95182194 -0.9509476  -0.95006144 -0.94916314 -0.94825204
 -0.94732711 -0.94552336 -0.9427801  -0.93989839 -0.93690275 -0.93384284
 -0.93074896 -0.9276376  -0.92455911 -0.92156076 -0.91859294 -0.91554152
 -0.91234472 -0.90900937 -0.90556914 -0.90211714 -0.89874532 -0.89546514
 -0.892262   -0.8891007  -0.88591624 -0.88265785 -0.8792841  -0.8757655
 -0.87215569 -0.86860655 -0.86529044 -0.86228989 -0.85956668 -0.85706113
 -0.85475798 -0.8526965  -0.85095335 -0.84958843 -0.84860994 -0.8479672
 -0.84760515 -0.84750681 -0.84765767 -0.84803198 -0.84858623 -0.84924153
 -0.84995743 -0.85077478 -0.85173041 -0.85280424 -0.85393551 -0.85377559
 -0.85231682 -0.85086232 -0.84941385 -0.84797232 -0.84653778 -0.84511008]"
2025-07-17,2025-07-17 22:36:00+00:00,open,657.0,7.0,-1.3907429736475816,-1.5783882706770012,-1.5783882706770012,,2.4671136353341647,11.999999999647686,0.6220540829512965,"[-1.11027987 -1.10873888 -1.10720004 -1.10566333 -1.10412875 -1.1025963
 -1.10106598 -1.09792836 -1.09310261 -1.08809261 -1.08284291 -1.0773056
 -1.07145854 -1.06530425 -1.05887901 -1.05224999 -1.04544973 -1.03843719
 -1.03118561 -1.02373716 -1.01622523 -1.00879991 -1.00146333 -0.99413906
 -0.98681865 -0.97955471 -0.97239045 -0.96533528 -0.95841496 -0.9516562
 -0.9450352  -0.93854031 -0.93219    -0.9259241  -0.91961032 -0.91319479
 -0.90678435 -0.90055805 -0.8946213  -0.88890313 -0.88317688 -0.87728395
 -0.87124501 -0.86510733 -0.85889012 -0.85265824 -0.84647734 -0.8403683
 -0.83444849 -0.82894775 -0.82394249 -0.81927488 -0.81476161 -0.81196351
 -0.81083656 -0.80971118 -0.80858736 -0.80746511 -0.8063444  -0.80522526]",0.0939226282057157,-1.6188660629285896,0.1250094158846622,"[-1.11027987 -1.19297496 -1.26222399 -1.32021327 -1.36877361 -1.40943814
 -1.4434907  -1.47048737 -1.49158356 -1.50907384 -1.5234932  -1.53529716
 -1.54489059 -1.55263523 -1.55886506 -1.56388796 -1.56792851 -1.57110785
 -1.57354232 -1.57539214 -1.57687614 -1.57819009 -1.57936099 -1.58034272
 -1.58115954 -1.58188693 -1.58257846 -1.58324846 -1.58392488 -1.58463068
 -1.58533877 -1.58603929 -1.58675035 -1.58741336 -1.58791489 -1.58823389
 -1.58850003 -1.5888859  -1.58946713 -1.59014429 -1.590693   -1.59099177
 -1.59110173 -1.5910957  -1.59101031 -1.59091879 -1.59088139 -1.59090822
 -1.59109946 -1.59163949 -1.59253794 -1.59359041 -1.59460554 -1.59706633
 -1.60061092 -1.60357917 -1.60606479 -1.60814625 -1.60988927 -1.61134888]",11.999999999998709,0.01000000000005419,0.6164027770826492,"[-1.11027987 -1.10898011 -1.10768299 -1.10639049 -1.10510409 -1.10382424
 -1.10255046 -1.09967272 -1.09510909 -1.09036328 -1.0853804  -1.08011158
 -1.07453261 -1.06864185 -1.06247259 -1.05609212 -1.04953291 -1.0427538
 -1.0357283  -1.02849916 -1.02119993 -1.01398072 -1.00684449 -0.99971561
 -0.99258524 -0.98550507 -0.97851747 -0.97163098 -0.96487118 -0.95826376
 -0.95178253 -0.94541427 -0.93917785 -0.93301469 -0.92679312 -0.92045878
 -0.91411914 -0.90795393 -0.90206838 -0.896392   -0.89069777 -0.88482395
 -0.87878808 -0.87263814 -0.8663966  -0.86013033 -0.85390511 -0.84773922
 -0.84174654 -0.83615726 -0.83105003 -0.82626842 -0.82163061 -0.81869928
 -0.81743174 -0.81615866 -0.81488196 -0.81360363 -0.81232298 -0.81103867]"
2025-07-18,2025-07-18 22:09:00+00:00,open,684.0,12.0,-3.2715308220725703,0.18921287709870072,0.18921287709870072,,3.946180038541819,3.955473104445924,0.09545046840975624,"[-3.80585123 -3.78984874 -3.77391354 -3.75804535 -3.74224387 -3.72650883
 -3.71083996 -3.67335568 -3.61405225 -3.55469568 -3.49518669 -3.43553764
 -3.37595356 -3.31676691 -3.25842024 -3.20129833 -3.14550066 -3.09103478
 -3.03812303 -2.98715863 -2.9385098  -2.89246812 -2.84915272 -2.80852102
 -2.77066754 -2.73582301 -2.70407582 -2.67522173 -2.64869105 -2.62373482
 -2.59986767 -2.57694038 -2.55489648 -2.53363412 -2.51296462 -2.49269873
 -2.47272923 -2.453025   -2.43353195 -2.41406097 -2.39438205 -2.37429988
 -2.35372126 -2.33293142 -2.31249846 -2.29273379 -2.27357402 -2.25485076
 -2.2364419  -2.21827966 -2.20026573 -2.18224821 -2.16409809 -2.15045046
 -2.14140844 -2.13240445 -2.12343832 -2.11450988 -2.10561899 -2.09676548]",0.8605118309236036,-2.282769340096875,0.024927280893502126,"[-3.80585123 -3.77663554 -3.74798026 -3.71987465 -3.69230816 -3.66527044
 -3.63875137 -3.59096973 -3.52234795 -3.45474212 -3.38803402 -3.32221833
 -3.25748103 -3.19413178 -3.132585   -3.07319119 -3.01601249 -2.96101961
 -2.90839719 -2.85849659 -2.81163904 -2.76806515 -2.72784068 -2.69087045
 -2.65719745 -2.62699897 -2.60030831 -2.57686801 -2.55606188 -2.53710583
 -2.51948982 -2.50304485 -2.48769631 -2.47332567 -2.45973006 -2.44670938
 -2.43414796 -2.42200744 -2.41022703 -2.39861281 -2.38693351 -2.37499565
 -2.36271029 -2.35036577 -2.33852621 -2.3274918  -2.31718671 -2.30743235
 -2.2980989  -2.28911236 -2.28036941 -2.27171524 -2.26302017 -2.25889644
 -2.25935437 -2.25980351 -2.26024404 -2.26067612 -2.26109991 -2.26151557]",3.9383540096163743,0.9899999999999999,0.09564584707624949,"[-3.80585123 -3.78988297 -3.77397962 -3.75814097 -3.74236676 -3.72665674
 -3.71101067 -3.67354701 -3.61426248 -3.55492329 -3.4954302  -3.43579544
 -3.37622389 -3.31704791 -3.25870993 -3.20159471 -3.14580181 -3.09133873
 -3.03842779 -2.98746231 -2.93881074 -2.89276488 -2.84944409 -2.80880585
 -2.77094471 -2.73609147 -2.70433458 -2.67546991 -2.64892786 -2.62395952
 -2.60007951 -2.57713871 -2.55508078 -2.53380406 -2.51312    -2.49283939
 -2.47285483 -2.45313502 -2.43362585 -2.41413826 -2.39444231 -2.37434277
 -2.35374645 -2.33293869 -2.31248765 -2.29270473 -2.27352649 -2.25478449
 -2.23635661 -2.21817505 -2.20014151 -2.18210424 -2.16393438 -2.15026695
 -2.1412048  -2.13218017 -2.12319287 -2.11424273 -2.10532951 -2.09645299]"
2025-07-19,2025-07-19 22:07:00+00:00,open,685.0,36.0,-2.024970849058173,0.5383159082117857,0.5383159082117857,,4.447190158708039,2.960206133464567,0.13928151667619224,"[-2.90956075 -2.89322526 -2.87698148 -2.8608289  -2.84476701 -2.8287953
 -2.81291326 -2.78521957 -2.74648364 -2.7092562  -2.67349717 -2.63929021
 -2.60673531 -2.57588865 -2.54668754 -2.51890609 -2.49216623 -2.46602709
 -2.44013023 -2.41433815 -2.38872867 -2.36357346 -2.3393618  -2.31665445
 -2.2958368  -2.27696276 -2.25981838 -2.24398753 -2.22891175 -2.21412092
 -2.19936422 -2.18450743 -2.16937503 -2.15372442 -2.13731281 -2.11996736
 -2.10153601 -2.08176086 -2.06035525 -2.03712037 -2.01189716 -1.98459695
 -1.95543078 -1.92493853 -1.89365397 -1.86190021 -1.82990428 -1.79790458
 -1.76607459 -1.73442897 -1.702839   -1.67114259 -1.63927954 -1.61876239
 -1.60967399 -1.6006366  -1.59164996 -1.58271377 -1.57382775 -1.56499162]",0.3987290909554391,-1.9708554815414234,0.03903111939880019,"[-2.90956075 -2.87113211 -2.83427665 -2.79892998 -2.76503033 -2.73251846
 -2.70133756 -2.65967438 -2.60879341 -2.56126295 -2.51691542 -2.47571089
 -2.43762745 -2.40260137 -2.37045489 -2.34085681 -2.31333892 -2.28738883
 -2.26259408 -2.23877449 -2.2159676  -2.19440048 -2.17450602 -2.15677155
 -2.14149457 -2.12863677 -2.1178992  -2.10879519 -2.10071647 -2.09316416
 -2.08587255 -2.07869942 -2.07146664 -2.06393679 -2.05588079 -2.04714656
 -2.03760717 -2.02703585 -2.01518617 -2.00190644 -1.98708889 -1.97069886
 -1.95299787 -1.93456016 -1.91593219 -1.89743412 -1.87928106 -1.86169174
 -1.84481302 -1.82863064 -1.81299034 -1.79771117 -1.78271911 -1.77937649
 -1.78721524 -1.79473309 -1.80194318 -1.8088581  -1.81548993 -1.82185028]",2.9519689295587015,0.9899999999999999,0.1394670469302261,"[-2.90956075 -2.89325947 -2.87704693 -2.8609228  -2.84488672 -2.82893828
 -2.81307712 -2.78540207 -2.74668293 -2.70947062 -2.67372531 -2.63953084
 -2.60698729 -2.57615087 -2.54695867 -2.51918447 -2.4924499  -2.46631406
 -2.44041877 -2.41462689 -2.38901653 -2.36385954 -2.33964522 -2.31693413
 -2.29611139 -2.27723082 -2.26007848 -2.24423842 -2.22915239 -2.21435048
 -2.19958214 -2.18471341 -2.16956899 -2.15390653 -2.13748335 -2.12012647
 -2.10168358 -2.08189656 -2.06047861 -2.03723069 -2.01199355 -1.98467836
 -1.95549619 -1.92498704 -1.89368474 -1.86191234 -1.8298969  -1.79787689
 -1.76602585 -1.73435851 -1.70274632 -1.67102744 -1.6391418  -1.61860187
 -1.6094902  -1.60042898 -1.59141782 -1.58245636 -1.57354425 -1.56468112]"
2025-07-20,2025-07-20 22:29:00+00:00,open,661.0,12.0,-0.2827708774465467,1.1675601345437308,1.1675601345437308,,3.747416422879118,0.3814131101333779,0.05377106438067496,"[-0.51194002 -0.49005142 -0.46909869 -0.44904182 -0.4298425  -0.41146407
 -0.39387144 -0.37265044 -0.34808698 -0.32476314 -0.30271061 -0.28180327
 -0.26174462 -0.2422745  -0.22330289 -0.20491941 -0.18728073 -0.17046086
 -0.15438039 -0.13881426 -0.12348795 -0.10818814 -0.09279704 -0.07722121
 -0.06137479 -0.04530441 -0.0291927  -0.01313116  0.00286165  0.01867955
  0.03430215  0.04986292  0.06543892  0.08091469  0.09602234  0.11049212
  0.12416657  0.13702332  0.14906942  0.1602286   0.17041859  0.17962035
  0.18779162  0.19482364  0.20063105  0.20524907  0.20879847  0.21138167
  0.2130789   0.21398604  0.21420396  0.2138682   0.21311811  0.2080774
  0.19918081  0.19066459  0.1825125   0.17470896  0.16723908  0.16008857]",0.4271242874598348,0.050858007579230695,0.044395649754093464,"[-0.51194002 -0.49040222 -0.46968865 -0.44976777 -0.43060925 -0.41218391
 -0.39446369 -0.37303426 -0.3481618  -0.32443096 -0.30188297 -0.28040073
 -0.25969537 -0.23951274 -0.21976771 -0.20055471 -0.1820356  -0.16428997
 -0.1472438  -0.13067648 -0.11431655 -0.09795251 -0.08146754 -0.06476874
 -0.04777028 -0.0305187  -0.0131971   0.00410179  0.02135813  0.03846421
  0.05539774  0.07229073  0.08921937  0.1060673   0.12256486  0.13843926
  0.15352913  0.16780796  0.18127881  0.19386148  0.20546943  0.21607936
  0.22564476  0.23405244  0.24121232  0.2471549   0.25199683  0.25583712
  0.2587531   0.26083827  0.26219167  0.26294758  0.26324486  0.25920108
  0.25122796  0.24355998  0.23618544  0.22909311  0.22227221  0.21571233]",0.4078200507146126,0.9529013318858022,0.0449414985959616,"[-0.51194002 -0.49029819 -0.46950195 -0.44951276 -0.43029805 -0.41183065
 -0.39408176 -0.3726356  -0.34776425 -0.32404991 -0.30152738 -0.28007506
 -0.25940439 -0.23926489 -0.21957495 -0.20043076 -0.1819954  -0.16434799
 -0.14741071 -0.13095627 -0.11470877 -0.09845402 -0.08207437 -0.06548047
 -0.04858943 -0.03144593 -0.01422773  0.00297701  0.02014944  0.03718031
  0.05404554  0.07087688  0.08775051  0.10454747  0.12099763  0.1368335
  0.15189528  0.16615392  0.17961308  0.19219564  0.20381842  0.21445855
  0.22406644  0.23252528  0.23974314  0.24575204  0.25066961  0.25459309
  0.25759773  0.25977736  0.26123358  0.26209771  0.26250387  0.25857432
  0.25073503  0.24322493  0.23603196  0.22914142  0.22253796  0.21621048]"
2025-07-21,2025-07-21 23:14:00+00:00,open,622.0,10.0,-0.6591677595860812,0.6488412019887484,0.6488412019887484,,4.882113969944127,1.19744278726171,0.11905678699414655,"[-0.90130552 -0.88884755 -0.87656178 -0.86444583 -0.85249734 -0.84071401
 -0.82909355 -0.8154833  -0.79958797 -0.78323276 -0.76638299 -0.74903363
 -0.73121841 -0.7129123  -0.69400034 -0.67430751 -0.65372012 -0.63232522
 -0.61034255 -0.58797237 -0.56523035 -0.54194791 -0.51800147 -0.49340084
 -0.46823071 -0.44264088 -0.41677856 -0.3907011  -0.36439655 -0.33787658
 -0.31128916 -0.28481172 -0.25851108 -0.23244399 -0.20670443 -0.1814323
 -0.15682556 -0.13305331 -0.11025586 -0.08859504 -0.06816508 -0.0489287
 -0.03083013 -0.01392777  0.00162186  0.01570518  0.02831701  0.03953115
  0.04942223  0.05801196  0.06535472  0.07156806  0.07679796  0.07863393
  0.07754704  0.07647518  0.07541813  0.07437569  0.07334766  0.07233384]",0.3362193690319148,-0.3188857940077111,0.047427951773259605,"[-0.90130552 -0.8731384  -0.84633351 -0.82082496 -0.79655006 -0.77344915
 -0.75146546 -0.72841981 -0.70406955 -0.68022917 -0.65683368 -0.6338501
 -0.61128488 -0.58908651 -0.56711749 -0.54518635 -0.52316949 -0.50114509
 -0.47931853 -0.45786881 -0.43678698 -0.41588435 -0.39502399 -0.37420476
 -0.35349914 -0.33304131 -0.31295797 -0.29328338 -0.27398298 -0.25504731
 -0.23660173 -0.21879556 -0.20166475 -0.185235   -0.16956794 -0.1547688
 -0.14099655 -0.12837645 -0.11700201 -0.10698529 -0.0983682  -0.09106281
 -0.08496731 -0.08009647 -0.0765612  -0.07442649 -0.07364935 -0.07411141
 -0.07569858 -0.0783532  -0.08198759 -0.08645575 -0.09158917 -0.09975214
 -0.11034993 -0.12043519 -0.13003271 -0.13916606 -0.14785771 -0.15612901]",1.203944968855628,0.9899999999999999,0.1197591621127527,"[-0.90130552 -0.88896156 -0.87678647 -0.86477767 -0.85293256 -0.84124866
 -0.82972374 -0.81620516 -0.80039751 -0.78412583 -0.76735509 -0.75007975
 -0.73233312 -0.71409022 -0.69523635 -0.67559657 -0.65505718 -0.63370508
 -0.61175972 -0.58942118 -0.56670502 -0.54344258 -0.51951003 -0.49491686
 -0.46974766 -0.44415235 -0.41827828 -0.39218282 -0.36585392 -0.33930315
 -0.31267868 -0.2861582  -0.25980873 -0.23368725 -0.20788788 -0.18255051
 -0.15787303 -0.13402456 -0.11114571 -0.08939858 -0.06887765 -0.04954596
 -0.031348   -0.01434247  0.00131377  0.01550668  0.02823047  0.03955834
  0.04956462  0.05827103  0.06573195  0.07206463  0.07741462  0.07937092
  0.07840416  0.07745216  0.07651451  0.07559077  0.0746807   0.07378403]"
2025-07-22,2025-07-22 22:44:00+00:00,open,653.0,17.0,-0.05091990519438916,0.9625362136433147,0.9625362136433147,,3.030026051312113,0.17927180610016247,0.1442892901893882,"[-0.20170418 -0.18379729 -0.16748014 -0.15261159 -0.13906304 -0.1267173
 -0.1154676  -0.10546773 -0.09624118 -0.08721241 -0.07849823 -0.07013263
 -0.06213474 -0.05458334 -0.04754759 -0.04102881 -0.03504228 -0.0296795
 -0.02501695 -0.02108822 -0.0179486  -0.01563216 -0.01410603 -0.01323511
 -0.01280096 -0.01264655 -0.01270822 -0.01292786 -0.01322402 -0.01353836
 -0.01387565 -0.01424557 -0.0145582  -0.01462899 -0.01430564 -0.01354858
 -0.01236666 -0.01078891 -0.00893185 -0.00693224 -0.00483499 -0.00262672
 -0.00028773  0.00220625  0.00485359  0.00757875  0.01029205  0.0129715
  0.01560725  0.01816765  0.02063237  0.0229719   0.02518289  0.02506172
  0.02283679  0.02080938  0.01896197  0.01727856  0.01574461  0.01434683]",1.8156115119464098,0.899273468904923,0.027224381666963653,"[-0.20170418 -0.19164384 -0.18167543 -0.17179811 -0.16201104 -0.15231341
 -0.14270439 -0.13344133 -0.12415234 -0.11429935 -0.10402801 -0.0934073
 -0.08249219 -0.07140106 -0.0602494  -0.04908729 -0.03797799 -0.02706513
 -0.01648496 -0.00633419  0.00326583  0.01221111  0.02046526  0.02810121
  0.03529138  0.04216401  0.04876272  0.05513035  0.06133914  0.06744465
  0.07344163  0.07931847  0.08516596  0.09118158  0.09754559  0.10433334
  0.11157172  0.11926609  0.12732835  0.135638    0.14415844  0.15291063
  0.16192323  0.17123122  0.18084493  0.19069769  0.20070067  0.21082799
  0.22106543  0.23137496  0.24172764  0.25208372  0.2624275   0.27048222
  0.27622789  0.28192105  0.2875622   0.29315179  0.29869032  0.30417823]",0.52983169146925,0.4899089792053038,0.024150438491497575,"[-0.20170418 -0.19210266 -0.18270273 -0.17347048 -0.16438872 -0.15542892
 -0.14655232 -0.13798546 -0.12932543 -0.12001948 -0.11021225 -0.0999893
 -0.08939956 -0.07852757 -0.06746669 -0.05626536 -0.04501129 -0.03387362
 -0.02299391 -0.01246872 -0.00242455  0.0070264   0.01585323  0.02414724
  0.03207579  0.03972921  0.04711351  0.05425093  0.06120647  0.0680303
  0.07470613  0.08122619  0.08769092  0.09428961  0.10118965  0.10845808
  0.11611312  0.12415064  0.13247249  0.14094565  0.14953096  0.15826957
  0.16721472  0.1764091   0.18586926  0.19551491  0.20522809  0.21497919
  0.22476113  0.23453958  0.24429315  0.25399248  0.26361894  0.27088562
  0.27581945  0.28069704  0.28552951  0.2903242   0.29507833  0.29978795]"
2025-07-23,2025-07-23 22:50:00+00:00,open,653.0,13.0,1.0868416824379308,0.7213946213511164,0.7213946213511164,,9.21667494836084,0.4629931565121342,0.0592116009174598,"[1.52870111 1.47465015 1.4225103  1.37221397 1.323696   1.27689349
 1.2317458  1.19306024 1.1605654  1.1292537  1.09910285 1.07007255
 1.04199647 1.01457888 0.98757374 0.96086743 0.93439402 0.90812615
 0.88213568 0.85657848 0.83164923 0.80748465 0.7840593  0.7612195
 0.73873533 0.71638733 0.69410365 0.67196102 0.65007307 0.62851858
 0.60736993 0.58675081 0.56681911 0.5476204  0.52907061 0.5110813
 0.49357061 0.47652309 0.4600259  0.44418024 0.42904566 0.4146115
 0.40083959 0.38774375 0.37530772 0.36339273 0.35182275 0.34047377
 0.32930386 0.31828894 0.30740377 0.29669058 0.28619052 0.27602683
 0.26626723 0.2568527  0.24777105 0.2390105  0.2305597  0.22240769]",0.4472565251652082,0.027973242369484872,0.059001722167388596,"[1.52870111 1.47380681 1.42092045 1.36996859 1.32088047 1.27358792
 1.22802526 1.18899298 1.1562073  1.12465505 1.09431065 1.06513066
 1.03694583 1.00945793 0.98241886 0.95571325 0.92927355 0.90307096
 0.87717587 0.85174263 0.8269642  0.80297545 0.77974906 0.75712969
 0.73488603 0.71279759 0.69079173 0.66894438 0.64736829 0.62614126
 0.60533465 0.58507104 0.56550706 0.54668694 0.52852533 0.51093272
 0.49382627 0.4771897  0.46110929 0.44568527 0.43097616 0.41697029
 0.40362852 0.3909638  0.37895898 0.36747455 0.35633395 0.34541288
 0.33466923 0.32407877 0.31361613 0.30332346 0.29324173 0.28349393
 0.27414738 0.26514271 0.25646741 0.24810945 0.24005721 0.2322995 ]",0.4465984931655328,0.9865606899994221,0.059009104715416136,"[1.52870111 1.47380307 1.4209165  1.36996696 1.32088248 1.27359473
 1.22803876 1.18901534 1.1562402  1.12469991 1.09436853 1.06520236
 1.03703176 1.00955781 0.98253211 0.95583928 0.92941157 0.90322033
 0.87733574 0.85191118 0.82713822 0.80315069 0.77992112 0.75729431
 0.735039   0.71293532 0.69091218 0.66904725 0.64745465 0.62621299
 0.60539327 0.58511709 0.56553987 0.54670493 0.52852666 0.51091559
 0.49378912 0.47713176 0.46103078 0.44558767 0.43086255 0.41684449
 0.40349422 0.39082452 0.37881797 0.36733482 0.35619804 0.34528225
 0.33454423 0.32395868 0.31349966 0.30320944 0.29312867 0.28337961
 0.27402944 0.26501957 0.25633824 0.24797363 0.23991484 0.23215118]"
2025-07-28,2025-07-28 22:19:00+00:00,open,678.0,10.0,-0.4363107816684675,0.6874014295737627,0.6874014295737627,,6.039036130803992,0.5330134303549802,0.07365155592568483,"[-0.46148998 -0.44728303 -0.43351345 -0.42016776 -0.40723292 -0.39469628
 -0.38254558 -0.37227933 -0.36415498 -0.35689602 -0.3503794  -0.34453618
 -0.33946806 -0.33537558 -0.33228991 -0.32990037 -0.32761213 -0.32486203
 -0.32148485 -0.31762014 -0.31329347 -0.30827448 -0.30233877 -0.2954902
 -0.28778719 -0.27919441 -0.26972258 -0.25947924 -0.24846084 -0.23644413
 -0.22330623 -0.20932006 -0.19491921 -0.18036171 -0.16585966 -0.15175969
 -0.13834485 -0.12569241 -0.11382321 -0.10285014 -0.09291223 -0.08398215
 -0.07584891 -0.0683751  -0.06165537 -0.05585565 -0.05099672 -0.04679375
 -0.04266603 -0.03806353 -0.03275945 -0.02686564 -0.02062479 -0.01719261
 -0.01666333 -0.01615035 -0.01565317 -0.01517128 -0.01470424 -0.01425157]",0.6601864133400818,0.06751303640659051,0.07281426832278863,"[-0.46148998 -0.44830225 -0.43544329 -0.42290489 -0.41067907 -0.39875803
 -0.38713417 -0.37731351 -0.36957019 -0.36263708 -0.35639728 -0.35078724
 -0.34591394 -0.3419841  -0.33903575 -0.33676407 -0.33457719 -0.33191114
 -0.32859764 -0.32477339 -0.32046187 -0.31543001 -0.30944922 -0.3025186
 -0.2946923  -0.28593087 -0.2762408  -0.26572597 -0.25437967 -0.24197487
 -0.2283837  -0.21387464 -0.19887931 -0.18365597 -0.16841812 -0.15351543
 -0.13923597 -0.12566297 -0.11282321 -0.10083577 -0.08984655 -0.07983534
 -0.07059732 -0.06199988 -0.05414222 -0.04719565 -0.04118682 -0.03583592
 -0.03056444 -0.02482094 -0.01837485 -0.01133405 -0.00393861  0.00065111
  0.00231794  0.00394322  0.00552797  0.00707322  0.00857995  0.01004912]",0.585905286946674,0.9591802069772815,0.07340360302831347,"[-4.61489975e-01 -4.47769499e-01 -4.34429063e-01 -4.21459683e-01
 -4.08850080e-01 -3.96588133e-01 -3.84664276e-01 -3.74584903e-01
 -3.66620112e-01 -3.59501114e-01 -3.53109360e-01 -3.47376931e-01
 -3.42405418e-01 -3.38398302e-01 -3.35393315e-01 -3.33083532e-01
 -3.30873337e-01 -3.28198601e-01 -3.24891797e-01 -3.21090117e-01
 -3.16820066e-01 -3.11853644e-01 -3.05966356e-01 -2.99156049e-01
 -2.91470314e-01 -2.82866059e-01 -2.73352082e-01 -2.63034580e-01
 -2.51906177e-01 -2.39739227e-01 -2.26407329e-01 -2.12181410e-01
 -1.97493708e-01 -1.82600793e-01 -1.67716170e-01 -1.53192218e-01
 -1.39315658e-01 -1.26162927e-01 -1.13754689e-01 -1.02206192e-01
 -9.16604220e-02 -8.20956201e-02 -7.33089586e-02 -6.51699255e-02
 -5.77758002e-02 -5.12938642e-02 -4.57486148e-02 -4.08600345e-02
 -3.60486031e-02 -3.07616180e-02 -2.47702346e-02 -1.81856621e-02
 -1.12495217e-02 -7.11948091e-03 -5.89890370e-03 -4.69638764e-03
 -3.50190337e-03 -2.31308420e-03 -1.13347641e-03  3.24811038e-05]"
2025-08-06,2025-08-06 22:22:00+00:00,open,672.0,45.0,0.8956597287578063,1.280066144841122,1.280066144841122,,4.630811724896505,10.637456983184624,0.11982838977966094,"[0.52156909 0.52075254 0.51993727 0.51912328 0.51831056 0.51749911
 0.51668893 0.52840194 0.55178679 0.57349027 0.59353746 0.61192932
 0.62868623 0.64398657 0.65799731 0.6708064  0.68262628 0.69354989
 0.70345642 0.71244338 0.72085185 0.72893856 0.73682058 0.74459792
 0.75237586 0.76023745 0.76818374 0.7761309  0.7840463  0.79193363
 0.79973665 0.80740371 0.81503625 0.82288056 0.83110418 0.8396969
 0.84859492 0.85775458 0.86713735 0.87669471 0.8863393  0.89599719
 0.90555849 0.91477574 0.92349773 0.93181589 0.93981027 0.94737286
 0.95433375 0.96066256 0.96653478 0.97235203 0.97857288 0.9810628
 0.97952689 0.97799337 0.97646226 0.97493355 0.97340723 0.9718833 ]",0.14700509699185837,0.8141776523328228,0.012928294857380533,"[0.52156909 0.55293204 0.58093339 0.60593344 0.62825389 0.64818194
 0.66597402 0.69392718 0.72970952 0.76010047 0.78569939 0.8070177
 0.82453204 0.83881827 0.85037623 0.85958025 0.86688344 0.87257233
 0.87670422 0.87954069 0.88154228 0.8830387  0.88419377 0.88513869
 0.88599525 0.88685129 0.88770676 0.88848226 0.88915665 0.8897437
 0.89019898 0.89048823 0.8907271  0.89115445 0.89190705 0.89293965
 0.89416277 0.89551515 0.89694693 0.89840379 0.89980019 0.90107348
 0.90213158 0.90276218 0.90287032 0.90259926 0.90206307 0.90118591
 0.89984344 0.89805781 0.89604335 0.89420617 0.89295979 0.88825
 0.88031063 0.87322223 0.8668936  0.86124329 0.85619861 0.85169464]",10.54212443869377,0.9899999999948004,0.11983968930277686,"[0.52156909 0.52074925 0.51993136 0.51911539 0.51830131 0.5174891
 0.51667869 0.52839192 0.5517772  0.57348124 0.59352915 0.61192188
 0.62867982 0.64398128 0.65799326 0.67080364 0.68262489 0.69354996
 0.70345802 0.7124466  0.72085673 0.72894517 0.73682897 0.74460814
 0.752388   0.76025154 0.7681998  0.77614894 0.7840664  0.79195584
 0.79976103 0.80743029 0.81506511 0.82291175 0.83113771 0.83973271
 0.84863298 0.85779482 0.86717972 0.87673915 0.8863858  0.89604573
 0.90560913 0.91482854 0.92355278 0.93187324 0.93986998 0.94743502
 0.95439843 0.96072977 0.96660447 0.97242407 0.97864715 0.98113922
 0.97960545 0.97807408 0.9765451  0.97501856 0.97349455 0.97197319]"
2025-08-07,2025-08-07 22:45:00+00:00,open,125.0,11.0,3.4461924958846026,1.8102198797850013,1.8102198797850013,,6.766063401361251,1.1529824414341838,0.13296605048029178,"[4.01818284 3.96051673 3.90367821 3.8476554  3.79243658 3.73801023
 3.68436496 3.63592687 3.59255137 3.54969508 3.50736816 3.4656267
 3.4245152  3.38411908 3.34460187 3.30606893 3.26846375 3.23154036
 3.19500273 3.15872513 3.12276136 3.08724999 3.05229342 3.01783923
 2.98372077 2.94971026 2.91554952 2.88096519 2.84569301 2.80958805
 2.77261225 2.73482507 2.6964653  2.65785046 2.6191613  2.58036855
 2.5412991  2.50179565 2.46190071 2.4217812  2.38162466 2.34169103
 2.3022162  2.26328442 2.22485761 2.18691966 2.14954191 2.11280293
 2.07672934 2.04130448 2.00653346 1.97248078 1.9392083  1.90897992
 1.8815836  1.85458045 1.82796483 1.80173118 1.77587401 1.75038793]",0.5148267680053787,1.6362415478968635,0.06252459509657238,"[4.01818284 3.94230623 3.86884668 3.79772717 3.72887318 3.66221252
 3.59767533 3.53960495 3.48769979 3.43734568 3.38851075 3.3412098
 3.29544628 3.25126506 3.20878803 3.16807762 3.12903526 3.09137695
 3.05477503 3.01907708 2.9843115  2.95059045 2.91798843 2.88642545
 2.85571031 2.8255949  2.7958058  2.76605946 2.73608667 2.70574148
 2.67498623 2.64388077 2.61266167 2.58163907 2.55098187 2.52064809
 2.49045425 2.46023622 2.43003113 2.39999842 2.37031537 2.34122807
 2.31295432 2.28555799 2.25898098 2.2331886  2.2082336  2.18417507
 2.16101985 2.13873207 2.1172985  2.09676521 2.077175   2.06075927
 2.04723628 2.03414407 2.02146891 2.00919751 1.99731702 1.98581498]",0.3223976254022154,0.4777453543221962,0.06133501475887601,"[4.01818284 3.9407234  3.86647729 3.79522388 3.7267465  3.66094763
 3.59769087 3.54114535 3.49079061 3.4419182  3.39445921 3.34839042
 3.30365764 3.26027412 3.21835916 3.1779751  3.13902845 3.1012527
 3.06432673 3.02811464 2.99274362 2.9584148  2.92519942 2.89298872
 2.86153042 2.83047677 2.79950083 2.76835497 2.7368802  2.70509263
 2.67306108 2.6408813  2.60882008 2.57716131 2.54602443 2.51535776
 2.48498545 2.45473312 2.42460426 2.39474222 2.36532743 2.33660663
 2.30877436 2.28186534 2.25580399 2.23053484 2.20612181 2.18261561
 2.15999974 2.13825467 2.1173917  2.09743634 2.0783671  2.06235143
 2.04899308 2.03579527 2.02276537 2.00988002 1.99713397 1.98455139]"
2025-08-10,2025-08-10 22:18:00+00:00,open,687.0,3.0,-1.9273481086715236,-1.0455598982144636,-1.0455598982144636,,2.300480094713887,8.74272254195489,0.21117715511228494,"[-2.0226549  -2.01880269 -2.01495782 -2.01112027 -2.00729003 -2.00346708
 -1.99965141 -1.98909771 -1.97196754 -1.95523764 -1.93894088 -1.92300803
 -1.90753228 -1.89288656 -1.8795176  -1.86766081 -1.85727063 -1.84806437
 -1.83977789 -1.83233598 -1.82565537 -1.81958809 -1.81406507 -1.80901077
 -1.80424287 -1.7996467  -1.795273   -1.79108394 -1.78681873 -1.78224763
 -1.77727765 -1.77192357 -1.76634873 -1.76076356 -1.75524675 -1.7497902
 -1.74443598 -1.73920446 -1.73406983 -1.72907887 -1.72427187 -1.71954677
 -1.71479871 -1.71001252 -1.70517976 -1.70026139 -1.69518987 -1.68990021
 -1.68437802 -1.67871387 -1.67299734 -1.66717585 -1.66117966 -1.65655772
 -1.65340276 -1.6502538  -1.64711084 -1.64397386 -1.64084286 -1.63771783]",0.08644552617532905,-1.7018029191738722,0.12302473354813606,"[-2.0226549  -1.96639261 -1.91999607 -1.88173529 -1.85018364 -1.82416467
 -1.80270819 -1.77867822 -1.75305599 -1.73226367 -1.71548135 -1.70194422
 -1.69117275 -1.68302634 -1.6774509  -1.67420794 -1.67284567 -1.67277655
 -1.67353887 -1.67492196 -1.6767404  -1.67878479 -1.68095563 -1.68316081
 -1.68522816 -1.68708088 -1.68880495 -1.69038445 -1.69160561 -1.69232489
 -1.69254615 -1.69237157 -1.69202081 -1.6917151  -1.69151521 -1.69139576
 -1.69138207 -1.6914727  -1.69162633 -1.69187651 -1.69224122 -1.69260567
 -1.69287663 -1.69305718 -1.69315507 -1.69314865 -1.69299427 -1.69265883
 -1.69216167 -1.69161517 -1.69110728 -1.69058117 -1.68997798 -1.69076626
 -1.69270157 -1.69429752 -1.69561361 -1.69669892 -1.69759392 -1.69833198]",8.701927292516189,0.9899999999810153,0.2112136456432089,"[-2.0226549  -2.01881005 -2.01497226 -2.01114153 -2.00731786 -2.00350117
 -1.99969139 -1.98914311 -1.97201793 -1.95529265 -1.93900018 -1.92307127
 -1.9075991  -1.89295663 -1.87959063 -1.86773651 -1.85734875 -1.84814469
 -1.83986017 -1.83241999 -1.8257409  -1.81967499 -1.8141532  -1.80909999
 -1.80433302 -1.79973759 -1.79536438 -1.79117553 -1.78691028 -1.7823389
 -1.77736846 -1.77201374 -1.76643808 -1.76085194 -1.75533403 -1.74987625
 -1.74452065 -1.73928761 -1.73415127 -1.72915845 -1.72434946 -1.71962226
 -1.71487196 -1.71008339 -1.70524818 -1.7003273  -1.69525322 -1.68996098
 -1.68443617 -1.67876938 -1.67305012 -1.66722582 -1.66122672 -1.65660176
 -1.6534436  -1.6502913  -1.64714487 -1.64400432 -1.64086964 -1.63774084]"
2025-08-11,2025-08-11 22:26:00+00:00,open,362.0,7.0,-1.2181698224522197,-0.5310628208817043,-0.5310628208817043,,1.7252784704046682,0.3618779283260928,0.08395947680457924,"[-1.76481117 -1.68537426 -1.60951293 -1.53706624 -1.46788049 -1.40180889
 -1.33871128 -1.24874881 -1.13415556 -1.0259038  -0.92395957 -0.82833016
 -0.73874896 -0.6548931  -0.57668981 -0.50430867 -0.43795013 -0.37759918
 -0.32303703 -0.27406159 -0.23058926 -0.19251969 -0.15963764 -0.13179918
 -0.1089648  -0.09098526 -0.07752368 -0.06802255 -0.06185414 -0.05854973
 -0.05769412 -0.05880648 -0.06151263 -0.0656399  -0.07109153 -0.07774349
 -0.08529731 -0.09336105 -0.10173082 -0.11033309 -0.11901213 -0.1275719
 -0.13598084 -0.1443499  -0.1528093  -0.16148764 -0.17054967 -0.18023392
 -0.19070299 -0.20179766 -0.2131208  -0.22444763 -0.23575909 -0.23589285
 -0.22527494 -0.21513496 -0.2054514  -0.19620371 -0.18737228 -0.17893836]",0.4864895719881973,0.21464781913001293,0.05033226933529718,"[-1.76481117 -1.69814528 -1.63372462 -1.57147357 -1.51131906 -1.45319049
 -1.39701962 -1.31291927 -1.20274326 -1.09746817 -0.99718161 -0.9020087
 -0.81179527 -0.72632318 -0.6456185  -0.56994697 -0.49960442 -0.43466926
 -0.37501141 -0.32051183 -0.27116554 -0.22694737 -0.18771279 -0.15338384
 -0.12398395 -0.09942376 -0.07942139 -0.06346741 -0.05097328 -0.04150171
 -0.03466305 -0.02999589 -0.02713961 -0.02593155 -0.02628322 -0.02807735
 -0.03101978 -0.03471835 -0.03896531 -0.04368213 -0.04870702 -0.05383582
 -0.05902762 -0.06438508 -0.07003174 -0.07609135 -0.08272552 -0.09017215
 -0.09859578 -0.10783931 -0.11750408 -0.12735975 -0.13738088 -0.13635516
 -0.12453379 -0.11311054 -0.10207202 -0.09140526 -0.08109775 -0.07113738]",0.3010252488975258,0.474463803313561,0.04691955080430064,"[-1.76481117 -1.7019713  -1.64049427 -1.58020025 -1.52100616 -1.46300855
 -1.40625714 -1.32106512 -1.21002799 -1.10417992 -1.00348851 -0.9080303
 -0.81761285 -0.73194464 -0.65104639 -0.57520096 -0.50459998 -0.43922977
 -0.37894251 -0.32359516 -0.27319958 -0.22777489 -0.18722403 -0.15155775
 -0.12084439 -0.09494361 -0.0735551  -0.05622044 -0.04241277 -0.03176269
 -0.02393617 -0.01851664 -0.01519051 -0.01381961 -0.01424575 -0.0162029
 -0.01932851 -0.02325018 -0.02777655 -0.03278548 -0.0380745  -0.04348449
 -0.04908568 -0.05506024 -0.06147366 -0.06841515 -0.07610254 -0.08481342
 -0.09465632 -0.10535207 -0.11641803 -0.12763726 -0.13908484 -0.13970782
 -0.13010642 -0.12160716 -0.11424072 -0.10790802 -0.10246111 -0.09779428]"
2025-08-12,2025-08-12 22:39:00+00:00,open,657.0,12.0,0.34540861173825377,-0.5161891364229483,-0.5161891364229483,,2.8286513655290646,11.99999899449293,0.4861320528065942,"[-2.02499124e-02 -2.02218070e-02 -2.01937407e-02 -2.01657133e-02
 -2.01377248e-02 -2.01097751e-02 -2.00818643e-02 -1.76223411e-02
 -1.24158632e-02 -6.55165981e-03  3.72166608e-05  7.46168872e-03
  1.58032860e-02  2.50455554e-02  3.50786214e-02  4.57544979e-02
  5.69588459e-02  6.86113725e-02  8.06244885e-02  9.28405676e-02
  1.05059061e-01  1.17034838e-01  1.28503396e-01  1.39259607e-01
  1.49144241e-01  1.58029352e-01  1.65889407e-01  1.72874346e-01
  1.79170499e-01  1.84970197e-01  1.90534983e-01  1.96000265e-01
  2.01215548e-01  2.05960823e-01  2.10216318e-01  2.14058519e-01
  2.17569865e-01  2.20907156e-01  2.24131612e-01  2.27187564e-01
  2.30091165e-01  2.32736913e-01  2.34908550e-01  2.36583942e-01
  2.37817574e-01  2.38458067e-01  2.38256658e-01  2.37243473e-01
  2.35614546e-01  2.33334855e-01  2.30200868e-01  2.26107466e-01
  2.21086629e-01  2.18202632e-01  2.17899783e-01  2.17597354e-01
  2.17295345e-01  2.16993756e-01  2.16692585e-01  2.16391832e-01]",0.2710748940362194,0.7495506510122021,0.05208340818300144,"[-0.02024991  0.02565457  0.06882169  0.10941468  0.14758705  0.18348314
  0.21727367  0.25138351  0.28610904  0.31942376  0.35146401  0.38241355
  0.4124168   0.441515    0.46965706  0.49675808  0.52277019  0.5476807
  0.57147005  0.59405273  0.61530593  0.63507133  0.65318141  0.6695352
  0.68408199  0.69680536  0.70778924  0.71728037  0.72554757  0.7328502
  0.73949659  0.74565453  0.75120868  0.75598406  0.76000664  0.76339448
  0.76626575  0.76880085  0.77107879  0.7730624   0.77478214  0.77615139
  0.77698395  0.77728877  0.77714637  0.77643676  0.77495585  0.77277698
  0.77012686  0.76699888  0.76322563  0.75874317  0.75366604  0.75092724
  0.75082819  0.75075201  0.75068037  0.750613    0.75054965  0.75049008]",0.15684413591505947,0.41521324948705607,0.06602506241406074,"[-0.02024991  0.03174991  0.0790086   0.12200532  0.16112908  0.19667265
  0.22900329  0.26069284  0.29215294  0.32152092  0.34921498  0.37563842
  0.40118014  0.42613906  0.45063705  0.47459773  0.49797374  0.52076448
  0.54298891  0.56459662  0.58534527  0.60496924  0.62315954  0.6397389
  0.65470434  0.66816142  0.6802523   0.69123477  0.70142907  0.71097984
  0.71997251  0.72839952  0.73602808  0.74265688  0.74845596  0.75367236
  0.75844663  0.76301247  0.76755199  0.77199017  0.77614175  0.77981682
  0.78293051  0.78559099  0.78788028  0.78966049  0.79052027  0.79042285
  0.78965702  0.78811202  0.7856359   0.78234151  0.77844318  0.77668845
  0.77712853  0.77712877  0.77675323  0.77594413  0.77466357  0.77295361]"
2025-08-13,2025-08-13 22:18:00+00:00,open,678.0,36.0,-0.8349842402735224,0.48614606771332625,0.48614606771332625,,3.3435052051876295,11.999999989412542,0.3507460758399327,"[-1.03145009 -1.03001852 -1.02858893 -1.02716133 -1.0257357  -1.02431206
 -1.02289039 -1.01380398 -0.99697838 -0.97986213 -0.96228324 -0.94437922
 -0.92648799 -0.90892597 -0.89192741 -0.87543195 -0.85915104 -0.84297183
 -0.82703617 -0.81157112 -0.79676405 -0.78271346 -0.76951464 -0.7573317
 -0.74634991 -0.73670767 -0.7283964  -0.72117126 -0.71462666 -0.70841093
 -0.70236278 -0.69637655 -0.69022399 -0.68365121 -0.67649486 -0.66871066
 -0.66037843 -0.6515146  -0.64194169 -0.63136338 -0.6194234  -0.60584817
 -0.59061287 -0.57385115 -0.55571861 -0.53637169 -0.51599942 -0.49484949
 -0.4731489  -0.45098932 -0.42826626 -0.40484894 -0.38080753 -0.36840173
 -0.36789042 -0.36737981 -0.36686992 -0.36636073 -0.36585225 -0.36534447]",0.031172463531791702,-0.846250619169134,0.15928737429082615,"[-1.03145009 -0.95475479 -0.90982075 -0.88349492 -0.86807121 -0.85903481
 -0.85374058 -0.84417027 -0.83307496 -0.82632168 -0.82198565 -0.81918619
 -0.81754802 -0.81683458 -0.81684014 -0.81720526 -0.81755777 -0.81782784
 -0.81816495 -0.81871817 -0.81954047 -0.82059465 -0.82186196 -0.82338439
 -0.82520032 -0.82729423 -0.82953825 -0.83167321 -0.83342868 -0.83469602
 -0.8355597  -0.83610199 -0.83627389 -0.83603528 -0.83543184 -0.83458512
 -0.83366016 -0.83269406 -0.83155985 -0.83009442 -0.82815586 -0.82573407
 -0.82301774 -0.82023197 -0.81752468 -0.81498301 -0.81268598 -0.8107248
 -0.80913246 -0.80782044 -0.80658395 -0.80529516 -0.80403771 -0.81312853
 -0.82684514 -0.83488139 -0.83958965 -0.84234811 -0.84396423 -0.84491107]",11.999999999973848,0.010000000002752644,0.3398659964524834,"[-1.03145009 -1.03135218 -1.03122164 -1.03105936 -1.03085976 -1.03061995
 -1.03033994 -1.02235391 -1.00659327 -0.99051251 -0.97393974 -0.95700902
 -0.94005621 -0.92339707 -0.90726421 -0.8915946  -0.87609642 -0.86065389
 -0.84540774 -0.83058627 -0.81638055 -0.80289519 -0.79023001 -0.77854984
 -0.76804121 -0.75884508 -0.75095458 -0.74412797 -0.73796223 -0.73210563
 -0.72639719 -0.72073201 -0.71488273 -0.70859694 -0.70171035 -0.69417513
 -0.6860687  -0.67740701 -0.66801196 -0.65758504 -0.64576629 -0.6322798
 -0.61710162 -0.60036901 -0.58224035 -0.56287068 -0.54244472 -0.52120464
 -0.4993713  -0.47703224 -0.45408192 -0.43039049 -0.40603112 -0.39326661
 -0.3923588  -0.39141609 -0.39043993 -0.38943124 -0.38838956 -0.3873168 ]"
2025-08-14,2025-08-14 22:25:00+00:00,open,382.0,15.0,1.0343441512995195,0.30283291500489806,0.30283291500489806,,12.008618906518652,0.427623016984717,0.11666614782926024,"[1.49538582 1.43822413 1.38324746 1.3303723  1.27951831 1.23060824
 1.18356777 1.14901712 1.12564027 1.10180126 1.07778086 1.05394812
 1.03040573 1.00707601 0.98399404 0.96134948 0.93924418 0.91757553
 0.89616109 0.87487709 0.85360623 0.83214931 0.81033088 0.78806781
 0.76531165 0.74200386 0.71819875 0.69418717 0.67029498 0.6467209
 0.62363267 0.60126204 0.57992602 0.55993851 0.54158893 0.52530829
 0.51160994 0.50086819 0.4932976  0.4889122  0.48747269 0.48865048
 0.4921817  0.49782015 0.50507852 0.51323848 0.5218667  0.5309387
 0.54046968 0.55025116 0.55980744 0.56854938 0.57596741 0.56812943
 0.54641247 0.52552564 0.50543722 0.48611669 0.4675347  0.44966301]",0.44189988738301605,-0.028239146606212573,0.11658503064748027,"[1.49538582 1.43899106 1.38468366 1.33238638 1.28202481 1.23352729
 1.18682484 1.15254715 1.12939984 1.10575268 1.08188741 1.05817446
 1.03471817 1.0114424  0.9883837  0.96573328 0.94359468 0.92186694
 0.90036899 0.87897821 0.85757824 0.8359706  0.81398032 0.79152452
 0.76855494 0.74501318 0.72095363 0.69666744 0.67248118 0.64859457
 0.62517654 0.6024602  0.58076422 0.56040452 0.54167282 0.52500274
 0.51091082 0.49977494 0.4918135  0.48704434 0.48523173 0.48605011
 0.48923816 0.49455186 0.50150553 0.50938168 0.51774699 0.52657673
 0.53588593 0.5454658  0.55483994 0.56341785 0.57068794 0.56270999
 0.54083687 0.51977335 0.49948946 0.47995636 0.46114624 0.44303235]",0.41137446966426505,0.9834799342361731,0.11654126544353392,"[1.49538582 1.43728383 1.38149724 1.32793204 1.27649821 1.22710908
 1.17968241 1.14482536 1.12119372 1.09714296 1.07295099 1.04898479
 1.02534599 1.00195527 0.97884543 0.95620433 0.93413099 0.91252057
 0.89119211 0.87002214 0.84889066 0.82759714 0.80596754 0.78392038
 0.76140648 0.73836435 0.71484664 0.69114449 0.6675821  0.64435486
 0.62162876 0.59963332 0.57868357 0.55909375 0.5411547  0.52529712
 0.51203168 0.5017303  0.49460547 0.49066762 0.48967298 0.49128945
 0.49525278 0.50131784 0.50899664 0.51757083 0.52660647 0.53607649
 0.54599434 0.55615148 0.56607243 0.57516778 0.58292536 0.57541821
 0.55405248 0.5335434  0.51385713 0.49496088 0.476822   0.45940675]"
2025-08-16,2025-08-16 22:14:00+00:00,open,685.0,22.0,0.9526563035243578,1.2912971592883222,1.2912971592883222,,11.826200354750092,0.5898669023747152,0.08679943097368394,"[1.3175728  1.28086585 1.24518154 1.21049138 1.17676767 1.14398348
 1.11211264 1.09400352 1.08858684 1.08222076 1.07503758 1.06714959
 1.05856058 1.04926983 1.03922678 1.0282202  1.01600522 1.00255633
 0.9881346  0.97306821 0.95748961 0.94132619 0.92455623 0.90731907
 0.88975144 0.87187473 0.85372337 0.83548231 0.81736699 0.79947836
 0.78186403 0.76459953 0.74775382 0.7313553  0.71540841 0.69996504
 0.68513878 0.67097674 0.65736009 0.64410691 0.6312127  0.61886058
 0.60716066 0.59609524 0.58566197 0.5758855  0.56682821 0.55858453
 0.55116436 0.54449269 0.53846438 0.53293171 0.5278029  0.51799678
 0.50356563 0.48953654 0.47589828 0.46263998 0.44975105 0.4372212 ]",0.8809485664196491,-0.4489526287719114,0.08221143640752875,"[1.3175728  1.28446607 1.25197979 1.22010235 1.18882232 1.15812852
 1.12800995 1.11136962 1.10730678 1.10221462 1.09621867 1.08942593
 1.08183547 1.07344184 1.06418979 1.05386226 1.04220636 1.02918727
 1.0150581  1.0001422  0.98456958 0.96826534 0.95120484 0.93352517
 0.91536231 0.89673766 0.8776857  0.85839242 0.83907636 0.81984298
 0.8007449  0.7818631  0.76327265 0.74500836 0.72708111 0.70954926
 0.6925336  0.67608919 0.66010466 0.64440385 0.62898687 0.61404235
 0.59968742 0.5859115  0.5727191  0.56014176 0.54824893 0.53714279
 0.52684145 0.51727752 0.50835252 0.49992414 0.4919046  0.47920058
 0.46180591 0.44473724 0.42798845 0.41155356 0.39542668 0.37960203]",0.57819417646942,0.9899999999999999,0.0872061451843914,"[1.3175728  1.28067464 1.24482725 1.21000012 1.17616336 1.14328797
 1.11134604 1.09318285 1.0877196  1.08131249 1.07409329 1.06617324
 1.05755543 1.04823921 1.03817478 1.02715106 1.01492314 1.00146641
 0.98704292 0.97198066 0.95641131 0.94026204 0.9235114  0.90629874
 0.88876053 0.87091839 0.8528074  0.83461313 0.81655101 0.79872198
 0.78117371 0.76398179 0.7472155  0.73090322 0.71504914 0.69970517
 0.6849849  0.67093433 0.65743312 0.64429844 0.63152532 0.61929666
 0.60772232 0.59678441 0.58648075 0.5768357  0.56791063 0.55979944
 0.55251235 0.54597463 0.54008087 0.53468305 0.52968924 0.52001885
 0.50572782 0.4918441  0.47835621 0.46525296 0.45252334 0.44015664]"
2025-08-17,2025-08-18 03:26:00+00:00,open,101.0,10.0,2.843640401416119,1.2638778346082102,1.2638778346082102,,9.925583090504603,0.8232396800969783,0.25382524329771117,"[3.62691237 3.55422302 3.4829905  3.41318559 3.34477968 3.27774475
 3.21205331 3.14925105 3.08962808 3.03175108 2.97487996 2.91805068
 2.86104615 2.80424942 2.74787673 2.69197441 2.63643016 2.58110562
 2.52601012 2.47093846 2.4156855  2.36036917 2.30497732 2.24928071
 2.19334753 2.13761921 2.08220731 2.02653487 1.97007905 1.91298558
 1.85551853 1.79779444 1.7400368  1.68225647 1.62432143 1.56623871
 1.50818901 1.45076761 1.39477965 1.34065782 1.28844332 1.23823381
 1.19034051 1.14502647 1.10223487 1.06191611 1.02418068 0.98867359
 0.95479355 0.92231799 0.89121346 0.86155233 0.83342651 0.81154836
 0.79528359 0.77934478 0.76372542 0.7484191  0.73341954 0.71872059]",0.3425775116231833,1.2578645238515909,0.08065467433532739,"[3.62691237 3.51441505 3.40725981 3.30519298 3.20797292 3.11536949
 3.02716345 2.94470387 2.86804804 2.79557485 2.72638871 2.65940353
 2.59430432 2.53137577 2.47073134 2.41231664 2.35592361 2.30132752
 2.24845664 2.19703018 2.14677881 2.09775986 2.04990056 2.00291831
 1.95683404 1.91203607 1.86857549 1.82582483 1.78323124 1.74091704
 1.69911572 1.6579108  1.61748941 1.57782322 1.53874624 1.50023454
 1.46243716 1.42590906 1.39139599 1.3592558  1.32945291 1.302011
 1.27716474 1.25509549 1.23566539 1.218751   1.20439047 1.1921616
 1.18141511 1.17189426 1.16353554 1.15638276 1.15049735 1.15051773
 1.15561523 1.16047067 1.16509554 1.1695008  1.17369687 1.17769368]",0.171362174645282,0.4819931531408645,0.0932755448974244,"[3.62691237 3.50169748 3.38581006 3.27885061 3.18052791 3.08987722
 3.00566177 2.92839121 2.8574477  2.79078553 2.72721346 2.66575904
 2.60644453 2.54950918 2.49470043 2.4415985  2.38982248 2.33901824
 2.28892042 2.23938687 2.19044637 2.14204989 2.09390082 2.04568147
 1.99727176 1.94917311 1.90188828 1.85509218 1.8085283  1.7624091
 1.71667297 1.6712789  1.62672561 1.58328615 1.54076801 1.49886115
 1.4575247  1.4174452  1.37928823 1.34332078 1.30971369 1.27869635
 1.25069351 1.22604631 1.20473381 1.18668252 1.17194797 1.16015805
 1.1506794  1.14318316 1.13742175 1.13321241 1.13045147 1.13367248
 1.1416567  1.14865133 1.15459774 1.15974412 1.16432085 1.16871906]"
2025-08-25,2025-08-25 22:41:00+00:00,open,623.0,1.0,-0.889023939795317,0.6718516167667836,0.6718516167667836,,1.7670076565808477,11.999999888397888,0.23688773662617774,"[-0.89438159 -0.89314025 -0.89190064 -0.89066275 -0.88942658 -0.88819212
 -0.88695937 -0.89098092 -0.89993234 -0.90806012 -0.9150098  -0.92050438
 -0.92438333 -0.92662147 -0.92720527 -0.92598523 -0.92293311 -0.91828469
 -0.91224852 -0.90491833 -0.89644123 -0.88696379 -0.87650106 -0.86502882
 -0.85264976 -0.83961748 -0.82622084 -0.81254953 -0.79840027 -0.7836691
 -0.76861826 -0.75349428 -0.73822261 -0.72265402 -0.70680426 -0.69072366
 -0.67440338 -0.65779501 -0.64079476 -0.62331736 -0.60536079 -0.58702967
 -0.56858077 -0.55030913 -0.53235408 -0.51473819 -0.49750098 -0.48075502
 -0.46465361 -0.44927042 -0.43463061 -0.42085104 -0.40812177 -0.40176645
 -0.40120882 -0.40065198 -0.4000959  -0.3995406  -0.39898607 -0.3984323 ]",0.0744410556612808,-0.695293229042978,0.09342818076079883,"[-0.89438159 -0.85444495 -0.82251951 -0.79699823 -0.77659646 -0.76028723
 -0.7472496  -0.74171112 -0.74152378 -0.74064065 -0.73888276 -0.73617803
 -0.73257225 -0.72822448 -0.72326687 -0.71768365 -0.71157878 -0.70526877
 -0.69897612 -0.69277949 -0.68679185 -0.68109932 -0.67565252 -0.67038033
 -0.66534166 -0.66071781 -0.656683   -0.65319319 -0.64995257 -0.64682451
 -0.64402585 -0.64170561 -0.63969575 -0.6378027  -0.63601958 -0.63436746
 -0.63281155 -0.63128782 -0.62969559 -0.62797309 -0.62614537 -0.62432896
 -0.62275418 -0.62163539 -0.62100266 -0.62077884 -0.6209186  -0.621452
 -0.62243789 -0.62384996 -0.62562696 -0.62780365 -0.6304715  -0.63847673
 -0.64987398 -0.65898497 -0.66626831 -0.67209064 -0.67674502 -0.68046575]",11.999999999651871,0.9899999999999999,0.23694312727612288,"[-0.89438159 -0.89314134 -0.89190288 -0.89066618 -0.88943125 -0.88819812
 -0.8869668  -0.89098987 -0.89994288 -0.90807227 -0.91502354 -0.92051968
 -0.92440015 -0.92663974 -0.92722489 -0.92600609 -0.9229551  -0.91830762
 -0.91227214 -0.90494235 -0.89646538 -0.88698784 -0.87652476 -0.86505185
 -0.85267181 -0.83963825 -0.82624003 -0.81256689 -0.79841552 -0.78368199
 -0.76862852 -0.75350161 -0.7382267  -0.72265455 -0.70680095 -0.69071622
 -0.67439149 -0.65777836 -0.64077307 -0.62329033 -0.60532812 -0.58699104
 -0.5685359  -0.55025774 -0.53229589 -0.51467289 -0.4974282  -0.48067437
 -0.4645647  -0.44917292 -0.43452424 -0.42073557 -0.40799698 -0.40163213
 -0.40106479 -0.40049805 -0.39993192 -0.39936645 -0.39880165 -0.39823755]"
2025-08-26,2025-08-26 22:40:00+00:00,open,656.0,7.0,-1.6802667266625182,0.7094570144041015,0.7094570144041015,,3.0279002016652066,11.999999999999392,0.2655160144171463,"[-1.44570842 -1.44370188 -1.44169813 -1.43969716 -1.43769897 -1.43570355
 -1.4337109  -1.44116499 -1.45752394 -1.47273348 -1.48662502 -1.49894775
 -1.50932971 -1.51737559 -1.52278261 -1.52542958 -1.52536444 -1.52262942
 -1.51727045 -1.50949026 -1.49956707 -1.48778629 -1.47442022 -1.45963452
 -1.44357936 -1.42642567 -1.40829345 -1.38931216 -1.36964286 -1.3494656
 -1.32897454 -1.30835638 -1.28782092 -1.26754327 -1.24755095 -1.22776133
 -1.2080707  -1.18844414 -1.16890316 -1.14939112 -1.12983141 -1.11028315
 -1.09089257 -1.07174776 -1.05284054 -1.03412137 -1.01550485 -0.99688377
 -0.97825079 -0.9597223  -0.94140477 -0.92336548 -0.90567572 -0.89630629
 -0.89506228 -0.89382    -0.89257945 -0.89134062 -0.8901035  -0.8888681 ]",11.999999999999998,-4.222658864949981,0.1806953007171576,"[-1.44570842 -1.44956261 -1.45341146 -1.45725497 -1.46109314 -1.46492599
 -1.46875351 -1.48201969 -1.50418268 -1.52518819 -1.54486766 -1.56297029
 -1.57912413 -1.59293387 -1.60409675 -1.6124916  -1.61816635 -1.62116327
 -1.62152827 -1.61946411 -1.61524902 -1.60916841 -1.60149461 -1.59239327
 -1.58201458 -1.57052948 -1.558058   -1.54472958 -1.5307053  -1.51616524
 -1.50130354 -1.48630694 -1.47138523 -1.45671353 -1.4423194  -1.42812019
 -1.4140122  -1.39996054 -1.38598673 -1.37203412 -1.35802614 -1.34402189
 -1.33016763 -1.31655147 -1.30316521 -1.28995933 -1.27684847 -1.2637254
 -1.25058279 -1.23753706 -1.22469467 -1.21212293 -1.19989313 -1.19597608
 -1.20017689 -1.20437187 -1.20856102 -1.21274436 -1.2169219  -1.22109364]",11.999999999763073,0.010000000001296312,0.2481756883584541,"[-1.44570842 -1.44457131 -1.44344971 -1.4423429  -1.44125214 -1.44018012
 -1.43912983 -1.44754679 -1.46488682 -1.48109129 -1.49598848 -1.50932337
 -1.52071758 -1.52977087 -1.5361751  -1.53980334 -1.54070002 -1.53890291
 -1.53445315 -1.52754797 -1.51845935 -1.5074684  -1.49484472 -1.48075236
 -1.46533998 -1.44877603 -1.43117971 -1.41268139 -1.39344325 -1.37364701
 -1.35348658 -1.33314803 -1.31284184 -1.29274249 -1.27287558 -1.25315721
 -1.23348415 -1.21382398 -1.19420176 -1.1745644  -1.15483881 -1.13508668
 -1.11545508 -1.09603261 -1.07681215 -1.05774599 -1.03874979 -1.01971591
 -1.00063704 -0.9816316  -0.96280863 -0.94423723 -0.92599085 -0.91604311
 -0.91420057 -0.91234119 -0.91046923 -0.90858869 -0.90670112 -0.90480886]"
2025-08-28,2025-08-28 22:47:00+00:00,open,655.0,14.0,0.9486592950534476,1.1966808437575787,1.1966808437575787,,9.795343513763532,0.47235287666497355,0.08175946851691696,"[1.24533371 1.20215908 1.16048129 1.12024842 1.0814104  1.04391885
 1.0077271  0.98135889 0.96481328 0.9496695  0.9357138  0.92261106
 0.90995453 0.89737096 0.88470038 0.87205093 0.85963318 0.84759541
 0.83605324 0.82519567 0.815172   0.8058922  0.79718336 0.78897013
 0.78113433 0.77348942 0.76589592 0.75821505 0.75026715 0.74202153
 0.73369425 0.72551245 0.71747759 0.70937429 0.70084254 0.69158482
 0.68148269 0.67039385 0.65829283 0.6454394  0.63209487 0.61854084
 0.60528762 0.59283554 0.5813724  0.57081706 0.56102774 0.55182915
 0.54295612 0.53422053 0.52561482 0.51733821 0.50976907 0.49740618
 0.48016155 0.46351477 0.44744512 0.43193259 0.41695787 0.40250231]",0.3599922449983212,0.1896112358135223,0.07873056840239595,"[1.24533371 1.19757079 1.15196876 1.10842986 1.06686074 1.02717228
 0.98927941 0.96163849 0.94409321 0.92816532 0.91361725 0.90009417
 0.88717452 0.87447527 0.86183013 0.8493414  0.83721217 0.82558152
 0.81455504 0.80431055 0.7949846  0.78647458 0.77859737 0.77126914
 0.76436447 0.75769171 0.75110826 0.74447379 0.7376089  0.73048455
 0.72331727 0.71633194 0.70952655 0.70268368 0.69544447 0.68751643
 0.67878797 0.66912453 0.65850938 0.64720924 0.63548886 0.6236306
 0.61214124 0.60151182 0.59191754 0.5832648  0.57540135 0.56814343
 0.56122024 0.55444094 0.54779638 0.54148333 0.53587452 0.52548055
 0.51028517 0.49577727 0.48192573 0.46870086 0.4560743  0.444019  ]",0.37341926049326174,0.9272154577475064,0.07864432842255883,"[1.24533371 1.19768013 1.15210734 1.10853619 1.06689335 1.02711
 0.98911749 0.96137514 0.94373242 0.92770488 0.91305545 0.89943339
 0.88641744 0.87362626 0.86090179 0.84834873 0.83616396 0.82448345
 0.81341456 0.80313483 0.79377964 0.78524742 0.77735298 0.77001
 0.76309252 0.75641486 0.74984678 0.74326125 0.7364841  0.72948345
 0.72247342 0.71567096 0.70906246 0.70242358 0.69538936 0.68765503
 0.67909909 0.66958929 0.65911899 0.64795749 0.63636614 0.62462358
 0.6132286  0.60267041 0.5931191  0.5844693  0.57657012 0.56924507
 0.56222634 0.5553381  0.54859118 0.54219186 0.53651659 0.52607763
 0.5108462  0.49629624 0.48238128 0.46906261 0.45631458 0.44412376]"
2025-09-04,2025-09-04 22:34:00+00:00,open,615.0,32.0,1.5048238130775147,0.8355682423638511,0.8355682423638511,,5.00123910519966,6.549659441569078,0.07324080909495445,"[1.48241277 1.47864532 1.47488746 1.47113914 1.46740035 1.46367106
 1.45995124 1.4620736  1.46947205 1.47571488 1.48087031 1.4853616
 1.48979326 1.49453772 1.49965753 1.50512269 1.51083852 1.51627773
 1.52041224 1.52280041 1.52420433 1.52547684 1.52656442 1.52698906
 1.52674187 1.52607044 1.52472445 1.52223232 1.5184978  1.51368319
 1.50812326 1.50222496 1.49624705 1.49038034 1.4846526  1.47877945
 1.47266662 1.4667664  1.46159276 1.45726392 1.45362444 1.45064702
 1.44848399 1.44725512 1.44706014 1.44788535 1.44947292 1.45152871
 1.45406177 1.45734838 1.46148904 1.46624337 1.4712993  1.47199588
 1.46825491 1.46452345 1.46080147 1.45708895 1.45338587 1.44969219]",1.5401387846247354,1.1471587598472581,0.07318912892188308,"[1.48241277 1.47880436 1.4752348  1.47170365 1.46821051 1.46475497
 1.46133662 1.46377173 1.47143156 1.47787677 1.48318563 1.48778944
 1.49229608 1.49707705 1.50219234 1.50760944 1.5132316  1.51853162
 1.52248824 1.5246738  1.52586253 1.52691147 1.52776778 1.52795716
 1.52747678 1.52657853 1.52501604 1.52232532 1.51842008 1.51347193
 1.50782292 1.50188391 1.49591472 1.49010554 1.48448232 1.47876004
 1.47284595 1.46719224 1.46230827 1.45830501 1.45502027 1.45242109
 1.45065351 1.44982983 1.45004162 1.45126651 1.45323928 1.45566096
 1.45853725 1.46213965 1.46656206 1.47155821 1.47681282 1.47767608
 1.47411866 1.47059952 1.46711827 1.46367448 1.46026776 1.45689771]",0.5453347183422954,0.1903482119780271,0.035455355143076225,"[1.48241277 1.48900295 1.49539936 1.50157548 1.50750517 1.51305776
 1.51812714 1.52836462 1.54285404 1.55514513 1.56559019 1.57489294
 1.58358382 1.59177776 1.59937653 1.60639949 1.61283042 1.6181196
 1.62137115 1.6224411  1.62225763 1.62167029 1.6205451  1.61835949
 1.6151277  1.61103885 1.60565898 1.59855301 1.58989006 1.57991454
 1.56890117 1.55730866 1.5455596  1.53400377 1.52267482 1.51127719
 1.4997234  1.48840175 1.47783542 1.46818263 1.45923914 1.45085688
 1.4431179  1.4361387  1.43004664 1.42484716 1.42029126 1.41610671
 1.4123393  1.40929354 1.40709812 1.4055377  1.40429239 1.39873357
 1.38890573 1.3792173  1.36967773 1.36036762 1.35128191 1.34235978]"
2025-09-05,2025-09-05 22:31:00+00:00,open,633.0,22.0,0.06675644324027452,0.1915401235831391,0.1915401235831391,,8.74223728827496,0.49243419084354034,0.10892122209461451,"[-0.08690701 -0.08401482 -0.08121889 -0.07851599 -0.07590305 -0.07337706
 -0.07093514 -0.05781924 -0.03494582 -0.01375385  0.00578155  0.02381323
  0.04038998  0.05543239  0.06903528  0.0812982   0.09211887  0.10166433
  0.11052527  0.11912752  0.1275757   0.13586124  0.1439315   0.15159716
  0.15861083  0.16482666  0.1701847   0.17488318  0.17928818  0.18367748
  0.18824746  0.19309174  0.19805959  0.20286599  0.20741345  0.211761
  0.21594344  0.21995018  0.22389408  0.22807147  0.23265509  0.23753991
  0.24253786  0.24750533  0.25238399  0.25718976  0.26193338  0.26664576
  0.27126001  0.27552812  0.279231    0.28228858  0.28476309  0.28108334
  0.27172913  0.26268623  0.25394426  0.24549322  0.23732342  0.22942551]",11.999999999999666,-2.7978477430537008,0.09113280460045257,"[-0.08690701 -0.0906696  -0.09442696 -0.0981791  -0.10192604 -0.10566777
 -0.10940432 -0.10226379 -0.08471167 -0.06811893 -0.05251613 -0.03780296
 -0.02397855 -0.01117179  0.00066246  0.01157875  0.02142947  0.03033521
  0.03885403  0.04739731  0.05606305  0.06483734  0.07366107  0.0823352
  0.09059448  0.09826904  0.10527149  0.1117741   0.11812745  0.12460442
  0.13140401  0.13862741  0.14613108  0.15362897  0.16101572  0.1683427
  0.17563874  0.18288764  0.19019746  0.19786688  0.20607975  0.2147429
  0.22367466  0.23273241  0.24185534  0.25105648  0.26034424  0.26974761
  0.27919813  0.28844065  0.29724069  0.30549802  0.31325441  0.31485995
  0.31053975  0.30622554  0.30191732  0.29761508  0.29331881  0.2890285 ]",0.46942809963159393,0.989999999999585,0.10936174106568519,"[-0.08690701 -0.08381359 -0.08081664 -0.07791241 -0.07509799 -0.07237122
 -0.06973    -0.05642339 -0.03339017 -0.01207075  0.00756199  0.02566242
  0.0422823   0.05734613  0.07095273  0.08320459  0.09400222  0.10351489
  0.11233558  0.12089149  0.129286    0.13750979  0.1455105   0.15309944
  0.16003013  0.16615906  0.17142897  0.17603981  0.18035885  0.18466448
  0.18915241  0.1939141   0.19879699  0.20351573  0.20797343  0.2122296
  0.21631957  0.22023377  0.22408575  0.22817142  0.232662    0.23745169
  0.2423528   0.24722253  0.25200314  0.25671026  0.2613545   0.26596741
  0.27048195  0.27464975  0.27825181  0.28120876  0.28358472  0.27981315
  0.27038628  0.26129141  0.25251571  0.24404712  0.23587495  0.22798911]"
2025-09-06,2025-09-06 22:46:00+00:00,open,585.0,8.0,0.44705728907285547,1.4788208056035037,1.4788208056035037,,10.95496142654367,0.3006828698639654,0.04127264332342718,"[0.57383001 0.54288842 0.51361524 0.48592051 0.45971911 0.43493051
 0.41147855 0.39284347 0.37918746 0.36727042 0.35701981 0.34828766
 0.34093992 0.33485513 0.32986002 0.32577016 0.32243822 0.31977151
 0.31771187 0.31613234 0.31486451 0.31380274 0.31287283 0.31195428
 0.3108612  0.30943889 0.30750947 0.30486648 0.30153308 0.29764494
 0.29313251 0.28781623 0.28163934 0.27470198 0.26720248 0.25934444
 0.25116884 0.24248861 0.23310339 0.22297703 0.21221204 0.2010592
 0.18977407 0.17842975 0.16711055 0.15600351 0.14515519 0.13448967
 0.12398901 0.1136202  0.10321217 0.09264823 0.0820682  0.07476412
 0.07073275 0.06691876 0.06331042 0.05989665 0.05666695 0.0536114 ]",0.6395113235736114,-0.36144037102234916,0.01814091352301283,"[ 0.57383001  0.54977028  0.52632948  0.50349169  0.48124141  0.45956351
  0.43844327  0.42145339  0.40894827  0.39778202  0.38794198  0.37933522
  0.37187689  0.3654901   0.36004071  0.35537704  0.35137884  0.34797624
  0.34513132  0.34273446  0.34062942  0.3387184   0.3369324   0.3351534
  0.33319334  0.33089011  0.32805444  0.32446257  0.32011756  0.31513894
  0.30944279  0.30283111  0.2952254   0.28670547  0.27745425  0.26766652
  0.25737867  0.24639687  0.23450768  0.22165881  0.20793812  0.19358708
  0.17886038  0.16383508  0.14860064  0.13335361  0.11815379  0.10293707
  0.08769543  0.07240535  0.05690211  0.04107001  0.02505025  0.01217223
  0.00256108 -0.00680281 -0.01592583 -0.02481415 -0.03347383 -0.04191073]",0.288763184486563,0.9899999999999972,0.04329407529771587,"[0.57383001 0.54245157 0.51282639 0.48485571 0.45844661 0.43351157
 0.40996763 0.3912868  0.37761685 0.36571126 0.35549246 0.34680719
 0.33951749 0.33349856 0.32857433 0.3245588  0.32130339 0.31871447
 0.3167321  0.31522758 0.31403205 0.31303896 0.31217379 0.31131759
 0.31028632 0.30892651 0.30706102 0.304484   0.30121994 0.29740616
 0.2929754  0.28774957 0.28167277 0.27484545 0.26746434 0.2597326
 0.25169268 0.24315813 0.23392881 0.22396936 0.21338353 0.20242296
 0.19134361 0.18021868 0.16913088 0.15826433 0.14766294 0.13724921
 0.12700454 0.1168953  0.10675017 0.09645325 0.08614614 0.0791188
 0.07535723 0.0718038  0.06844785 0.0652784  0.06228379 0.05945347]"
2025-09-07,2025-09-07 23:58:00+00:00,open,357.0,10.0,2.7064479461901954,1.316076729812936,1.316076729812936,,10.556561805630631,0.5447389473889616,0.14794148451460765,"[3.56372936 3.4563457  3.35219777 3.25118806 3.15322201 3.05820791
 2.96605682 2.87605606 2.788458   2.70412747 2.62302185 2.54510522
 2.47025833 2.39836882 2.32935612 2.26303612 2.19921121 2.13776932
 2.07860314 2.02158041 1.96654288 1.91334987 1.86190799 1.81207044
 1.76359966 1.71635246 1.67036548 1.6256488  1.58211497 1.53975245
 1.49864095 1.45877754 1.41999927 1.38198602 1.3444196  1.3071697
 1.2702448  1.23374434 1.19779343 1.16244392 1.12764711 1.09329003
 1.05935022 1.02592417 0.99303192 0.96056374 0.9284055  0.89657448
 0.86530988 0.83486509 0.80527782 0.77644703 0.74825824 0.72326143
 0.70146784 0.68033094 0.65983095 0.63994867 0.62066549 0.60196336]",0.4040063301692882,0.5010096134631408,0.11705545633075162,"[3.56372936 3.43995219 3.32117737 3.20720272 3.09783427 2.99288584
 2.89217882 2.7949176  2.70128114 2.61205361 2.52711244 2.44634526
 2.36956026 2.29657685 2.22724985 2.16133442 2.09857694 2.03881313
 1.98188665 1.92761947 1.87581091 1.82628122 1.77890073 1.73348891
 1.68977795 1.64759782 1.6069599  1.56784951 1.53015597 1.49384615
 1.45897854 1.42552928 1.39331625 1.36200342 1.33126096 1.30094978
 1.27107044 1.24171422 1.21299713 1.18496129 1.15754867 1.13063823
 1.10420073 1.07832553 1.05302511 1.02818301 1.00367994 0.97952887
 0.95596352 0.93322906 0.91135382 0.89022823 0.86973079 0.85239653
 0.83819553 0.82456845 0.8114921  0.79894422 0.78690345 0.7753493 ]",0.3717407659710098,0.827992208563668,0.12217476133958415,"[3.56372936 3.43931634 3.32017687 3.2060719  3.09679083 2.9921312
 2.8918701  2.79517351 2.70220593 2.61372783 2.52959411 2.44967846
 2.37377404 2.30169546 2.23328408 2.1682639  2.10635281 2.04736819
 1.99114424 1.93749291 1.88619933 1.83707171 1.78996742 1.7446981
 1.70099804 1.65870587 1.617845   1.57841004 1.54030416 1.50350937
 1.46808445 1.43399087 1.40103267 1.36889276 1.33726974 1.30602684
 1.27516322 1.24478427 1.2150221  1.18592176 1.15741476 1.12935119
 1.10168877 1.07453211 1.04791698 1.0217467  0.99589976 0.97037842
 0.94542496 0.92130001 0.89804387 0.87556047 0.85373482 0.83510014
 0.81960854 0.80470209 0.79037261 0.77660438 0.76338304 0.75069387]"
2025-09-08,2025-09-08 22:27:00+00:00,open,629.0,27.0,-0.16864960427798792,-0.46266923294207807,-0.46266923294207807,,10.483351723906457,0.5047105715258605,0.018825875100243392,"[-0.12113446 -0.11719965 -0.11339266 -0.10970933 -0.10614565 -0.10269773
 -0.0993618  -0.09442312 -0.08873948 -0.08475648 -0.08225707 -0.08103703
 -0.08096137 -0.08190281 -0.08373963 -0.08633887 -0.08962653 -0.093575
 -0.0981269  -0.10325304 -0.10888948 -0.11494624 -0.12152855 -0.12880537
 -0.13675884 -0.14524221 -0.15399131 -0.16269417 -0.17123041 -0.17970473
 -0.18826648 -0.19691276 -0.20547465 -0.21375821 -0.22159138 -0.22883814
 -0.23541989 -0.24129631 -0.24649503 -0.25109506 -0.25517381 -0.25881843
 -0.26210318 -0.26503624 -0.2674962  -0.26921103 -0.2699313  -0.26961006
 -0.26838646 -0.26647254 -0.26399567 -0.26093305 -0.25720136 -0.25100306
 -0.24284974 -0.23496127 -0.22732903 -0.21994472 -0.21280026 -0.20588788]",0.5314309695186333,0.00912099469821909,0.018772991605192812,"[-0.12113446 -0.11711279 -0.1132153  -0.10943815 -0.10577761 -0.1022301
 -0.09879211 -0.09374822 -0.08795323 -0.08385446 -0.08123758 -0.0799007
 -0.07971077 -0.08054219 -0.08227468 -0.08477646 -0.08797448 -0.09184201
 -0.09632242 -0.10138719 -0.10697298 -0.1129902  -0.1195445  -0.1268055
 -0.1347561  -0.14325015 -0.15202373 -0.16076461 -0.16935179 -0.17788935
 -0.18652629 -0.19525953 -0.20391978 -0.21231246 -0.22026458 -0.22763894
 -0.23435567 -0.24037307 -0.24571746 -0.25046667 -0.25469705 -0.25849493
 -0.26193387 -0.26502144 -0.26763557 -0.26950326 -0.27037369 -0.27019828
 -0.26911471 -0.26733391 -0.26498244 -0.26203684 -0.25841301 -0.25231158
 -0.2442398  -0.23641724 -0.22883621 -0.22148923 -0.2143691  -0.2074688 ]",0.5719840863166666,0.9481104511048214,0.018204464138241644,"[-0.12113446 -0.1166808  -0.11234521 -0.10813101 -0.10404195 -0.10008127
 -0.09624742 -0.0908249  -0.08466854 -0.08022935 -0.077297   -0.07567325
 -0.07522677 -0.07583614 -0.0773842  -0.07973849 -0.08282642 -0.08662099
 -0.09106307 -0.09612502 -0.1017455  -0.10783225 -0.11448701 -0.12187921
 -0.12999093 -0.13867277 -0.14765799 -0.15663173 -0.16546901 -0.17427104
 -0.18318611 -0.19221117 -0.20117683 -0.20988531 -0.21815813 -0.22585395
 -0.2328912  -0.23922917 -0.24489657 -0.24996915 -0.25451771 -0.25862443
 -0.26235957 -0.26572809 -0.26860716 -0.27072517 -0.27183248 -0.27187869
 -0.27099833 -0.26939998 -0.26720874 -0.2644005  -0.26088891 -0.25486972
 -0.2468412  -0.23902035 -0.23140266 -0.22398466 -0.21675934 -0.20971939]"
2025-09-09,2025-09-10 00:51:00+00:00,open,462.0,2.0,-0.14637510287585087,0.8074682944773688,0.8074682944773688,,4.64502869126196,0.24131093877070234,0.15966080318166495,"[-0.23466927 -0.21900837 -0.20439263 -0.19075227 -0.17802223 -0.16614173
 -0.15505409 -0.12325219 -0.07283602 -0.02639851  0.01586302  0.05363264
  0.08685245  0.11583985  0.14098604  0.16246437  0.18026508  0.19435564
  0.20472907  0.21140077  0.21441875  0.21395704  0.21035733  0.20404237
  0.19558218  0.18572039  0.17507416  0.16401681  0.15273743  0.1412515
  0.12954107  0.1176684   0.10578521  0.09410759  0.08291758  0.07256789
  0.06326295  0.0548404   0.04700183  0.0395193   0.03214863  0.02464148
  0.01684524  0.00879799  0.00070705 -0.0071926  -0.0147194  -0.02180067
 -0.02848201 -0.03482743 -0.04088408 -0.04661351 -0.05184019 -0.05244203
 -0.04894226 -0.04567604 -0.04262781 -0.039783   -0.03712804 -0.03465026]",0.20198138854133726,0.03884272265836911,0.1575888656128183,"[-0.23466927 -0.21300625 -0.19305902 -0.17469167 -0.15777907 -0.142206
 -0.12786637 -0.09330303 -0.04092556  0.00669307  0.0494697   0.08719713
  0.11992051  0.14805014  0.1720578   0.19218719  0.20849256  0.22100069
  0.22975945  0.23483471  0.23632056  0.23443216  0.22954571  0.22211061
  0.21271531  0.2021117   0.19091534  0.17949185  0.16801962  0.15650301
  0.14491409  0.13330565  0.1218193   0.11065939  0.100094    0.09045881
  0.08193859  0.07435255  0.06738889  0.06081061  0.05436811  0.04781143
  0.04098909  0.03394106  0.02687463  0.02002178  0.01355856  0.00755086
  0.00194678 -0.00332271 -0.00830867 -0.01297604 -0.01715386 -0.01674418
 -0.01234153 -0.00828757 -0.0045547  -0.00111749  0.00204749  0.00496178]",0.22908574987068556,0.9899999997210771,0.16019666024339577,"[-0.23466927 -0.21806997 -0.20259381 -0.18815975 -0.17469151 -0.16212279
 -0.15039398 -0.11801953 -0.06719009 -0.02049925  0.02188167  0.05966215
  0.09280691  0.12165252  0.14660769  0.1678621   0.18541935  0.19925709
  0.2093766   0.21580226  0.21859093  0.21792628  0.21415921  0.20771861
  0.19917853  0.18928426  0.17865112  0.16764641  0.15645255  0.14508272
  0.1335196   0.12182492  0.11015036  0.09871199  0.08778932  0.07773054
  0.06873388  0.06063074  0.05311796  0.04596468  0.03892614  0.03175473
  0.02429751  0.01659269  0.00884802  0.00129698 -0.00588103 -0.01261487
 -0.01895186 -0.0249589  -0.03068516 -0.03609227 -0.04100427 -0.04130445
 -0.03753503 -0.03403284 -0.03077858 -0.02775432 -0.02494353 -0.02232915]"
2025-09-10,2025-09-11 00:40:00+00:00,open,492.0,19.0,-1.4440748801013559,-0.4079582896770688,-0.4079582896770688,,3.9860484455682466,1.6104639807565009,0.05796502257877105,"[-1.75301144 -1.7349631  -1.71710058 -1.69942197 -1.68192537 -1.66460891
 -1.64747073 -1.63120792 -1.61633218 -1.60260453 -1.58979602 -1.57770843
 -1.56638941 -1.55586902 -1.5459946  -1.53654686 -1.5274014  -1.51852157
 -1.50973349 -1.50069167 -1.49105901 -1.48058252 -1.46907897 -1.45637569
 -1.44228743 -1.42673682 -1.40978935 -1.39158524 -1.37236002 -1.35251662
 -1.33256292 -1.31289946 -1.29381305 -1.27563691 -1.25874733 -1.24359582
 -1.2307804  -1.22091361 -1.21448804 -1.21183229 -1.21310879 -1.21834277
 -1.227381   -1.23991713 -1.25564032 -1.27436069 -1.29591493 -1.31991681
 -1.3458034  -1.37314646 -1.4018304  -1.43198442 -1.4636878  -1.47226091
 -1.45710307 -1.44210129 -1.42725397 -1.41255951 -1.39801634 -1.38362289]",0.5879465837977553,-0.9140303522803994,0.05067231999351123,"[-1.75301144 -1.72956256 -1.70676906 -1.68461262 -1.66307544 -1.6421402
 -1.62179009 -1.6027035  -1.58535859 -1.56948435 -1.55482416 -1.54115742
 -1.52851126 -1.51689443 -1.50613484 -1.49599776 -1.48634713 -1.47713612
 -1.46818243 -1.45913726 -1.44966665 -1.4395258  -1.42854337 -1.41656117
 -1.40341137 -1.38903605 -1.3735196  -1.3570187  -1.33978169 -1.32221834
 -1.30483484 -1.28802167 -1.27205011 -1.25723291 -1.24392001 -1.23253022
 -1.22362042 -1.21775204 -1.21535818 -1.21670221 -1.22187892 -1.2308461
 -1.24338601 -1.25913386 -1.27772773 -1.29893266 -1.32254421 -1.34814079
 -1.37513392 -1.40307982 -1.43185266 -1.46157129 -1.49230245 -1.49950133
 -1.48313787 -1.46723175 -1.4517702  -1.43674078 -1.42213142 -1.40793039]",1.5998525151675898,0.9899999999999999,0.0580902668065905,"[-1.75301144 -1.73499856 -1.71716924 -1.69952193 -1.68205476 -1.66476565
 -1.64765282 -1.6314135  -1.61655937 -1.60285141 -1.59006076 -1.57798951
 -1.56668559 -1.55617887 -1.54631627 -1.53687817 -1.5277401  -1.51886544
 -1.51008023 -1.50103908 -1.49140512 -1.48092553 -1.46941715 -1.45670733
 -1.4426111  -1.42705146 -1.41009411 -1.39187924 -1.37264206 -1.352785
 -1.33281559 -1.31313412 -1.29402726 -1.27582817 -1.25891337 -1.24373475
 -1.2308908  -1.22099464 -1.21453933 -1.21185378 -1.21310083 -1.21830607
 -1.22731645 -1.23982569 -1.25552301 -1.27421863 -1.29574937 -1.31972893
 -1.34559428 -1.37291716 -1.40158183 -1.4317173  -1.46340297 -1.47196012
 -1.45679036 -1.44178093 -1.42692987 -1.41223544 -1.3976964  -1.38331184]"
2025-09-11,2025-09-11 22:53:00+00:00,open,631.0,1.0,-1.700485583247941,-0.1904684434738222,-0.1904684434738222,,3.858024886377747,0.9869065502691711,0.29110978671403503,"[-1.77420216 -1.74449139 -1.71527816 -1.68655414 -1.65831113 -1.63054107
 -1.60323605 -1.56816379 -1.52660543 -1.48793496 -1.45214218 -1.41936878
 -1.38980566 -1.3634959  -1.34032772 -1.32007862 -1.30242308 -1.28701657
 -1.27351738 -1.26156045 -1.25079883 -1.24092494 -1.23164306 -1.22272648
 -1.2141244  -1.20588831 -1.19801108 -1.1904027  -1.18298665 -1.17573893
 -1.16872314 -1.16212736 -1.15614198 -1.1508761  -1.14638741 -1.14267028
 -1.13966726 -1.13730814 -1.13548753 -1.13408619 -1.13300651 -1.13212173
 -1.13124132 -1.13016775 -1.12877431 -1.12694467 -1.1245092  -1.1213582
 -1.1174632  -1.11273165 -1.10696695 -1.0999952  -1.09177237 -1.07823492
 -1.06017881 -1.04242507 -1.02496864 -1.00780453 -0.99092784 -0.97433378]",0.09816592660685226,-1.0499608591033514,0.18548099212896738,"[-1.77420216 -1.66111186 -1.56568061 -1.48515096 -1.41719601 -1.35985223
 -1.31146269 -1.26280718 -1.21540837 -1.17744365 -1.14747674 -1.12443704
 -1.10746588 -1.09570301 -1.08828085 -1.08436251 -1.08314328 -1.08392285
 -1.0861066  -1.08916612 -1.09266728 -1.09627471 -1.09971118 -1.10280398
 -1.10556769 -1.10810639 -1.11045289 -1.11255871 -1.11439551 -1.11598635
 -1.11743297 -1.11893717 -1.12067198 -1.12271132 -1.12507188 -1.12770931
 -1.13053889 -1.13347646 -1.13641668 -1.13925725 -1.14192983 -1.14434723
 -1.14637489 -1.14789102 -1.14885606 -1.14924231 -1.14897561 -1.14804854
 -1.14652681 -1.14440424 -1.14157845 -1.13798322 -1.1336808  -1.12489686
 -1.1131956  -1.10332149 -1.09498923 -1.08795805 -1.08202478 -1.077018  ]",0.9853865078172059,0.9899999999963354,0.29119244093609864,"[-1.77420216 -1.74454053 -1.71537106 -1.68668499 -1.65847337 -1.63072786
 -1.60344073 -1.56838028 -1.52682858 -1.4881603  -1.45236582 -1.41958754
 -1.39001704 -1.36369801 -1.3405192  -1.32025886 -1.30259182 -1.28717339
 -1.27366165 -1.26169151 -1.25091623 -1.24102841 -1.23173261 -1.22280222
 -1.21418631 -1.20593632 -1.19804509 -1.19042251 -1.18299202 -1.17572966
 -1.1686992  -1.16208888 -1.15608926 -1.15080954 -1.14630737 -1.14257718
 -1.13956179 -1.1371913  -1.13536087 -1.13395179 -1.13286675 -1.13197915
 -1.13109846 -1.13002695 -1.12863774 -1.12681446 -1.12438729 -1.12124637
 -1.11736301 -1.1126442  -1.10689274 -1.09993444 -1.09172531 -1.07820191
 -1.06016034 -1.04242176 -1.02498113 -1.00783296 -0.99097148 -0.97439135]"
2025-09-12,2025-09-12 22:45:00+00:00,open,608.0,7.0,2.6428029610606902,1.1254663330098245,1.1254663330098245,,5.101976449668841,1.5382963831688696,0.09151391179617328,"[2.85141624 2.82068933 2.79029354 2.7602253  2.73048107 2.70105737
 2.67195073 2.64738172 2.62798966 2.61029982 2.59454288 2.58113177
 2.57055691 2.56307438 2.55864569 2.5571499  2.55844456 2.56225139
 2.56819659 2.57603754 2.58563631 2.59675475 2.60904075 2.62215061
 2.63583899 2.64987037 2.66388805 2.67749187 2.6904083  2.70249308
 2.7135936  2.72350613 2.73214758 2.73959389 2.74582913 2.7507169
 2.75418152 2.75624199 2.75696063 2.75641568 2.75476969 2.75232815
 2.74941928 2.74624282 2.74288735 2.73944009 2.73601698 2.73266837
 2.72929151 2.72566765 2.7215169  2.71652331 2.71045859 2.69253585
 2.66352105 2.6348189  2.60642606 2.57833917 2.55055495 2.52307013]",4.431830659124474,-4.999999999999999,0.08841110717811823,"[2.85141624 2.82194508 2.79258454 2.76333421 2.73419368 2.70516253
 2.67624035 2.65166066 2.63210696 2.6141251  2.59795898 2.58403696
 2.57286816 2.56473015 2.55960648 2.55739746 2.55798098 2.56109757
 2.56638979 2.57362893 2.58268982 2.59334573 2.60525378 2.61807695
 2.63157444 2.64551365 2.65953881 2.67324778 2.68636271 2.69873357
 2.71020105 2.72055348 2.72969863 2.73770349 2.74454356 2.75007323
 2.75420684 2.75695326 2.75836503 2.75851118 2.75754581 2.75576769
 2.75350069 2.75094215 2.74817917 2.74529809 2.74241472 2.73957994
 2.73669133 2.73352933 2.72981144 2.72521699 2.71951094 2.70187342
 2.67296359 2.64416227 2.61546906 2.58688355 2.55840535 2.53003403]",0.15224737095623314,0.2887405286019089,0.04617470535249388,"[2.85141624 2.7991362  2.75139415 2.70747299 2.66664028 2.62834333
 2.59238052 2.56275903 2.53950456 2.51893782 2.50126984 2.48684144
 2.47593562 2.46867841 2.46504253 2.46489968 2.46797426 2.47376626
 2.48178649 2.49188568 2.5040593  2.51806621 2.53345185 2.54981103
 2.56681127 2.58394978 2.60068034 2.61672104 2.63201879 2.64661488
 2.66043628 2.67332506 2.68524627 2.69623508 2.70619815 2.71501759
 2.72270064 2.72928622 2.73476187 2.73904769 2.74222316 2.74455777
 2.74628287 2.74757445 2.74859424 2.74946701 2.75032429 2.75123631
 2.75222393 2.75331463 2.75445787 2.75544027 2.75606062 2.74588776
 2.72691014 2.71047406 2.69607072 2.683109   2.67103534 2.65943433]"
2025-09-13,2025-09-13 22:37:00+00:00,open,618.0,8.0,-0.610360077379621,0.2579534635468814,0.2579534635468814,,8.245928754471661,1.7425464187444848,0.17601686909976763,"[-0.75067112 -0.74352551 -0.73644793 -0.72943772 -0.72249424 -0.71561685
 -0.70880493 -0.70049366 -0.69078547 -0.68141584 -0.67252611 -0.66407626
 -0.65583055 -0.64763765 -0.63954328 -0.63161317 -0.62371076 -0.6156189
 -0.60726131 -0.59863627 -0.58980158 -0.58089931 -0.57207351 -0.56342842
 -0.55497159 -0.54664599 -0.53842515 -0.53025498 -0.52198678 -0.5134536
 -0.50451898 -0.49512864 -0.48544019 -0.47575011 -0.46628932 -0.45713619
 -0.44823649 -0.43945007 -0.43056189 -0.42141917 -0.41208447 -0.40274628
 -0.39364972 -0.38498987 -0.37670353 -0.36860211 -0.360611   -0.35267873
 -0.34469159 -0.33659774 -0.32845097 -0.3203341  -0.31230501 -0.30685361
 -0.30393269 -0.30103957 -0.29817398 -0.29533568 -0.29252439 -0.28973987]",0.11384273255908849,-0.4479975450065476,0.09590525863278519,"[-0.75067112 -0.70945043 -0.67384354 -0.64308589 -0.61651709 -0.59356665
 -0.5737418  -0.55512155 -0.53769255 -0.52286897 -0.51043076 -0.50001642
 -0.49113323 -0.48343543 -0.47680656 -0.47116203 -0.46623863 -0.46173666
 -0.45752746 -0.45356703 -0.44987456 -0.44654489 -0.44366231 -0.44126357
 -0.43928988 -0.43763189 -0.43622353 -0.43498008 -0.43373959 -0.43234528
 -0.43068826 -0.42875167 -0.42671968 -0.4248799  -0.4234205  -0.42236324
 -0.42160432 -0.42097361 -0.42025279 -0.41931258 -0.41824147 -0.41723204
 -0.41650594 -0.41620711 -0.41621867 -0.41632621 -0.41645014 -0.41654
 -0.41649444 -0.41628447 -0.41598256 -0.41567805 -0.41542524 -0.41759739
 -0.42173754 -0.42531385 -0.42840311 -0.43107165 -0.43337676 -0.43536795]",1.7421910240367704,0.9899999999999999,0.17620539978291222,"[-0.75067112 -0.74354822 -0.73649265 -0.7295036  -0.72258067 -0.71572355
 -0.70893178 -0.70064052 -0.69095217 -0.68160243 -0.67273257 -0.66430235
 -0.65607587 -0.64790165 -0.63982533 -0.63191264 -0.62402704 -0.61595134
 -0.60760924 -0.59899886 -0.59017794 -0.58128859 -0.57247496 -0.56384124
 -0.55539469 -0.54707791 -0.5388642  -0.53069928 -0.52243445 -0.51390299
 -0.50496867 -0.49557741 -0.48588674 -0.47619309 -0.46672736 -0.45756771
 -0.44865979 -0.43986339 -0.43096329 -0.42180656 -0.41245592 -0.40310015
 -0.39398449 -0.38530414 -0.37699601 -0.36887156 -0.36085603 -0.35289792
 -0.34488376 -0.33676198 -0.32858663 -0.32044052 -0.31238122 -0.30689828
 -0.30394436 -0.30101684 -0.29811564 -0.29524073 -0.2923921  -0.28956977]"
2025-09-15,2025-09-16 01:18:00+00:00,open,451.0,10.0,-0.688402759011856,0.3074175439099349,0.3074175439099349,,3.9220566602243285,11.999999998966409,0.219083457329516,"[-0.86086051 -0.85966571 -0.85847255 -0.85728106 -0.85609122 -0.85490303
 -0.85371649 -0.83763951 -0.80660712 -0.77539474 -0.74397597 -0.71245081
 -0.68102071 -0.64984322 -0.61897336 -0.58845889 -0.55839577 -0.52892242
 -0.50013464 -0.47202807 -0.44457519 -0.41775563 -0.39155783 -0.36609186
 -0.34161682 -0.31837219 -0.29647725 -0.27590855 -0.25654669 -0.23830525
 -0.2211657  -0.20508207 -0.18993925 -0.17568217 -0.16232804 -0.14982529
 -0.13807412 -0.12700955 -0.11648903 -0.10624465 -0.09607191 -0.08593312
 -0.07592653 -0.06622699 -0.0570095  -0.04838011 -0.04046791 -0.03354367
 -0.02781764 -0.02330002 -0.01996172 -0.01779967 -0.01679249 -0.01656213
 -0.01653914 -0.01651618 -0.01649326 -0.01647037 -0.01644751 -0.01642468]",0.7793884189261799,-0.813372992283373,0.03532798774417159,"[-0.86086051 -0.85985581 -0.85887236 -0.85790972 -0.85696744 -0.8560451
 -0.85514228 -0.83946521 -0.80933964 -0.77963047 -0.75030267 -0.72144715
 -0.6932533  -0.66586302 -0.63931402 -0.61363627 -0.58890693 -0.56524367
 -0.54271937 -0.52130645 -0.50095511 -0.48162363 -0.46327988 -0.44601316
 -0.43005836 -0.41562596 -0.40280337 -0.39153489 -0.38167119 -0.37309881
 -0.36577367 -0.35962526 -0.35451608 -0.35037116 -0.34718836 -0.34489729
 -0.34338149 -0.34256132 -0.34228155 -0.34226614 -0.34230775 -0.34236816
 -0.3425445  -0.3430077  -0.34392528 -0.34539314 -0.34752848 -0.35058649
 -0.35475673 -0.36002719 -0.36634755 -0.37369417 -0.38202572 -0.39094753
 -0.3998849  -0.40863318 -0.41719636 -0.42557838 -0.43378305 -0.44181414]",11.999999999948335,0.9899999999998744,0.21920144852037815,"[-0.86086051 -0.85967328 -0.85848717 -0.8573022  -0.85611832 -0.85493549
 -0.85375368 -0.83768081 -0.80665188 -0.77544232 -0.74402573 -0.71250211
 -0.68107296 -0.64989584 -0.61902581 -0.58851062 -0.55844625 -0.52897111
 -0.50018101 -0.47207161 -0.44461539 -0.41779201 -0.39158989 -0.36611911
 -0.34163883 -0.31838851 -0.29648746 -0.27591224 -0.25654347 -0.23829477
 -0.22114758 -0.205056   -0.18990497 -0.17563946 -0.16227671 -0.14976514
 -0.13800491 -0.12693105 -0.11640103 -0.10614693 -0.0959643  -0.08581546
 -0.07579867 -0.06608883 -0.05686092 -0.04822099 -0.04029812 -0.03336309
 -0.02762616 -0.02309755 -0.01974819 -0.01757503 -0.01655668 -0.01631512
 -0.01628096 -0.01624693 -0.01621306 -0.01617937 -0.01614585 -0.01611252]"
2025-09-18,2025-09-18 22:44:00+00:00,open,612.0,14.0,0.6229021111437039,1.0255037108548084,1.0255037108548084,,10.326393671081162,0.28952360127806687,0.14689051826352262,"[1.08845124 1.02756299 0.97008085 0.91581428 0.86458339 0.81621837
 0.7705589  0.72459233 0.67844058 0.63500158 0.59420555 0.55598827
 0.52023686 0.48680827 0.45561896 0.42663256 0.39975332 0.37479322
 0.35152041 0.32972247 0.30922996 0.28990077 0.27162946 0.25440613
 0.23826133 0.22319728 0.20924294 0.19648935 0.18503492 0.17484911
 0.16569406 0.15725191 0.14933585 0.14191649 0.13503505 0.12875734
 0.12311747 0.11810134 0.11366605 0.10978076 0.10642285 0.10350067
 0.10086618 0.0983423  0.09578235 0.09325571 0.09101967 0.08925231
 0.08793684 0.08694925 0.08614974 0.08535841 0.08439053 0.08148213
 0.076924   0.07262085 0.06855842 0.06472324 0.06110261 0.05768451]",0.7411678350600027,-0.7212923222172026,0.0461465765092286,"[ 1.08845124  1.04820962  1.00886283  0.97039095  0.93277453  0.89599456
  0.86003243  0.82197523  0.7819421   0.74293228  0.70500631  0.66822528
  0.63259589  0.59808733  0.56472157  0.53256372  0.5016152   0.471778
  0.4429008   0.41484204  0.38749497  0.36077345  0.33462235  0.30907874
  0.28422     0.26009458  0.23677697  0.21440482  0.19312572  0.17295886
  0.1537103   0.13509478  0.11694812  0.09925966  0.08208929  0.06552304
  0.04961675  0.03437781  0.01978329  0.00582042 -0.00751646 -0.02030419
 -0.03268078 -0.04481901 -0.05686743 -0.06876042 -0.08023796 -0.09111093
 -0.10138269 -0.11116691 -0.12059804 -0.12985601 -0.13913235 -0.15022214
 -0.16292051 -0.17533651 -0.18747643 -0.19934641 -0.21095244 -0.2223004 ]",0.2829573086185298,0.9899999999999999,0.15079388638417324,"[1.08845124 1.02710214 0.96925054 0.91469508 0.86324661 0.8147275
 0.76897066 0.72295828 0.67681065 0.63342046 0.59271249 0.55461785
 0.51901887 0.48576794 0.45477808 0.42600957 0.3993629  0.37464667
 0.35162605 0.33008622 0.30985572 0.29079115 0.27278662 0.2558312
 0.23995387 0.22515555 0.21146425 0.19896984 0.18776962 0.17783258
 0.16892067 0.16071645 0.15303347 0.1458425  0.13918551 0.13312943
 0.12770942 0.12291122 0.11868927 0.11500979 0.11184921 0.10911612
 0.10666299 0.10431365 0.1019227  0.09956068 0.09748585 0.09587679
 0.09471652 0.09388083 0.09323023 0.0925848  0.09175979 0.08899232
 0.0845762  0.08041652 0.07649814 0.07280656 0.06932818 0.06604956]"
2025-09-19,2025-09-20 00:25:00+00:00,open,515.0,12.0,1.8131196021246687,2.0461230227611065,2.0461230227611065,,11.283014425522866,0.5621850707295388,0.0794513367707193,"[2.33032397 2.26225267 2.19616981 2.13201729 2.06973875 2.00927942
 1.95058618 1.90402417 1.86896107 1.83457208 1.80085042 1.76781516
 1.73547131 1.70379402 1.67278406 1.64247528 1.61287212 1.58392662
 1.55559182 1.52787093 1.50078059 1.47429465 1.44835221 1.42288949
 1.39785494 1.37318341 1.34881234 1.32477361 1.30117234 1.27805422
 1.25537072 1.23309486 1.21127561 1.18996557 1.16918978 1.14894958
 1.1292781  1.11027596 1.09202447 1.07455681 1.057915   1.04215218
 1.0272683  1.01319731 0.99989856 0.98742068 0.97583273 0.96516025
 0.95541591 0.94658765 0.93860125 0.93128703 0.9244332  0.9075938
 0.881082   0.85534463 0.83035909 0.80610339 0.78255623 0.75969691]",0.48768184617723753,0.1944351750480934,0.07692207800049135,"[2.33032397 2.25856258 2.18921222 2.12219188 2.05742329 1.99483079
 1.93434127 1.88628517 1.84995168 1.8144896  1.77988252 1.74614023
 1.71325862 1.68120415 1.64996924 1.6195796  1.59003165 1.56126981
 1.53324002 1.50593868 1.4793758  1.45351886 1.42830098 1.40365288
 1.37951798 1.3558265  1.33251171 1.30960159 1.2871971  1.26533954
 1.24397618 1.22307622 1.20268481 1.18285067 1.16359489 1.14491493
 1.12684014 1.10946719 1.09287309 1.07708665 1.06214552 1.04809839
 1.03494077 1.02260245 1.01103908 1.00029569 0.99043753 0.98148628
 0.97345078 0.96631526 0.96000213 0.95433892 0.9491121  0.93389027
 0.90904613 0.8850367  0.86183393 0.83941073 0.8177409  0.79679913]",0.4879293717756072,0.9291286158757032,0.07667710636383725,"[2.33032397 2.25835284 2.18883017 2.1216717  2.05679366 1.99411524
 1.93355962 1.88545372 1.84908401 1.81359718 1.77897535 1.74522765
 1.71234957 1.68030741 1.64909165 1.61872557 1.58920482 1.56047285
 1.5324752  1.50520781 1.47867833 1.45285228 1.4276633  1.40304276
 1.37893268 1.3552612  1.33196154 1.30906362 1.28667022 1.26482171
 1.24346289 1.22256212 1.20216442 1.18231679 1.1630402  1.14433654
 1.12624155 1.10885582 1.09225747 1.07647787 1.06155722 1.047547
 1.03444716 1.02219003 1.01073327 1.00012296 0.99042301 0.98165271
 0.97381741 0.966899   0.96081863 0.95540317 0.95043916 0.93549634
 0.91094895 0.88725471 0.86438717 0.84232003 0.82102425 0.80046809]"
2025-09-21,2025-09-21 22:50:00+00:00,open,610.0,10.0,1.5953179230897834,-0.4483127230414352,-0.4483127230414352,,5.447430552437397,0.6039945886464089,0.057023502726801026,"[2.03798757 1.98252002 1.92856211 1.87607277 1.82501202 1.77534098
 1.72702183 1.68221869 1.64096896 1.60098682 1.56193866 1.52368332
 1.48622867 1.44953181 1.4135722  1.37844326 1.34426695 1.31106537
 1.27881615 1.24748886 1.21693656 1.18693874 1.15731914 1.12803541
 1.09924852 1.07117633 1.04396088 1.01767937 0.99226413 0.96748603
 0.94306705 0.91877115 0.89446747 0.87013206 0.84581551 0.82159674
 0.79754643 0.77373621 0.75013611 0.72654456 0.70274638 0.67861168
 0.65407386 0.6291295  0.60383675 0.57831555 0.55270852 0.52714057
 0.50173819 0.47666037 0.45207897 0.42809911 0.40472198 0.387855
 0.37729882 0.36702994 0.35704055 0.34732304 0.33787001 0.32867426]",0.4740990912557288,0.25177812370679314,0.04320182905071824,"[2.03798757 1.97628537 1.91671458 1.85920159 1.8036753  1.7500671
 1.69831072 1.6505376  1.60673742 1.56459443 1.52375341 1.48405428
 1.44548691 1.40799115 1.37153011 1.33618121 1.30205    1.26914219
 1.23741968 1.20683701 1.1772333  1.14837607 1.12007901 1.09229096
 1.06516394 1.03890557 1.01364671 0.98945292 0.96624517 0.94378458
 0.92178561 0.90000694 0.87831402 0.85667987 0.83515205 0.81380599
 0.79270849 0.7719269  0.75142683 0.73100335 0.71043974 0.68960586
 0.66843562 0.64692634 0.62513668 0.60318641 0.58121695 0.55935108
 0.53771231 0.51645569 0.49574805 0.47568854 0.45627219 0.44338583
 0.436767   0.43037681 0.42420736 0.41825102 0.41250044 0.4069485 ]",0.43868646036553083,0.8706834807140226,0.04300568074385524,"[2.03798757 1.97608261 1.91637902 1.85880706 1.80327794 1.74970525
 1.69801979 1.65034648 1.60665552 1.56462316 1.52388942 1.48428169
 1.44578003 1.40832774 1.37189651 1.33657156 1.3024573  1.26954865
 1.23780262 1.20717222 1.17749178 1.14853421 1.12012587 1.09222819
 1.06500449 1.03866374 1.01333345 0.9890734  0.96579943 0.9432738
 0.92121755 0.89940227 0.87770956 0.85612322 0.83469778 0.81349989
 0.79257384 0.77196741 0.75163309 0.73136005 0.71092798 0.69020389
 0.66912094 0.64767569 0.62593117 0.60401458 0.5820657  0.5602011
 0.53854241 0.5172459  0.49647524 0.47632332 0.45678091 0.44373042
 0.43689255 0.43022717 0.42373333 0.41741663 0.41127976 0.40532082]"
2025-10-14,2025-10-14 23:01:00+00:00,open,29.0,5.0,4.927909490608032,3.0728424986203517,3.0728424986203517,,9.615573164753586,0.6825344903230999,0.17549114045955255,"[5.58778968 5.45299507 5.32145212 5.19308239 5.06780934 4.94555825
 4.82625623 4.71634673 4.61398156 4.50925513 4.40378123 4.30287015
 4.20638988 4.11148471 4.01932339 3.93298266 3.85205096 3.77187945
 3.68877511 3.60457171 3.52244017 3.44212325 3.36181517 3.28138662
 3.20222952 3.12498193 3.0495978  2.97603215 2.90424114 2.83418195]",0.26614756366518283,2.5816659738964596,0.09257685813426457,"[5.58778968 5.40531362 5.23391412 5.07291882 4.92169617 4.77965295
 4.64623197 4.52734257 4.4204207  4.31523866 4.21324922 4.11944413
 4.03327925 3.95160225 3.87534082 3.80724627 3.7465394  3.68832909
 3.62887252 3.56999482 3.51473535 3.46266104 3.41184995 3.36210855
 3.31473456 3.27023623 3.22843902 3.18917896 3.15230205 3.11766361]",0.14141602727917507,0.4580924368840549,0.09689800802753726,"[5.58778968 5.3955969  5.22155218 5.06037543 4.91005025 4.77148563
 4.64292955 4.5265043  4.4186514  4.31364157 4.21684138 4.13094005
 4.04995707 3.97034983 3.89517042 3.82885959 3.7685108  3.70688482
 3.64399913 3.58400568 3.52791922 3.46987503 3.40929126 3.35189254
 3.30031855 3.25332829 3.20859848 3.16574625 3.12462263 3.08460965]"
2025-10-15,2025-10-15 23:38:00+00:00,open,101.0,10.0,2.59046012490208,1.5819742744256917,1.5819742744256917,,7.591775622185534,1.1879101449081046,0.1084289943325081,"[3.01898582 2.97692447 2.93544913 2.89455164 2.85422395 2.81445811
 2.7752463  2.73991575 2.70827294 2.676817   2.64549805 2.61422236
 2.5828998  2.55150728 2.52010554 2.48875031 2.45746547 2.42629432
 2.39526284 2.36437477 2.33368405 2.30326188 2.27314199 2.24334205
 2.21390481 2.18494198 2.15656008 2.12878449 2.10160496 2.07499805
 2.04894194 2.02338542 1.99823676 1.97347232 1.94913798 1.92524793
 1.90177996 1.87873703 1.85610606 1.83374744 1.81143968 1.78902838
 1.76645979 1.74373645 1.7208966  1.69800868 1.6751832  1.65251807
 1.63004639 1.60778315 1.58574308 1.56395439 1.54246118 1.52112219
 1.49992949 1.47903206 1.45842578 1.43810658 1.41807049 1.39831354]",0.4562034903769653,1.3624729434212923,0.03614733997631226,"[3.01898582 2.95955989 2.90226581 2.84702711 2.79377004 2.74242353
 2.69291903 2.64850059 2.60882271 2.57031708 2.53289474 2.496426
 2.46078817 2.42592815 2.39187726 2.35866132 2.32627465 2.29473134
 2.26402828 2.23414099 2.20509567 2.17693514 2.14966467 2.12327397
 2.09777824 2.07326102 2.0497989  2.02738698 2.00598583 1.98554416
 1.96601391 1.94731918 1.92934618 1.91205149 1.89546146 1.87957064
 1.86433811 1.84974908 1.83577323 1.82225588 1.8089653  1.79574162
 1.78252799 1.76932447 1.75616645 1.7431184  1.73028512 1.71775642
 1.70555624 1.6936903  1.68216401 1.67099626 1.66022121 1.64968852
 1.63938492 1.62945095 1.61987335 1.61063934 1.60173659 1.59315321]",0.26426725454813793,0.5239137717551859,0.04204476779290427,"[3.01898582 2.95505953 2.89456496 2.83728969 2.78302678 2.73155792
 2.68264216 2.63932956 2.60103683 2.56411121 2.52843967 2.49385019
 2.46014219 2.42717318 2.39491456 2.36334019 2.33241051 2.30214332
 2.2725474  2.24361641 2.21536091 2.18779406 2.16091518 2.1347018
 2.10920044 2.08456285 2.06088032 2.03812857 2.01627167 1.99526928
 1.9750751  1.95562834 1.93688086 1.91887061 1.90162836 1.88510322
 1.869224   1.85396134 1.83927047 1.82498682 1.81090753 1.7969127
 1.782956   1.76903097 1.75516653 1.74143079 1.72789741 1.71459866
 1.70152144 1.68863467 1.67590187 1.66333354 1.65097535 1.63870238
 1.62656197 1.61474785 1.60328011 1.59215592 1.58134913 1.57085597]"
2025-10-16,2025-10-16 23:16:00+00:00,open,233.0,39.0,2.8412172098342197,2.5341706925865637,2.5341706925865637,,2.9644961360130777,1.9992701139413123,0.06516727449043026,"[3.66181204 3.63141269 3.6012657  3.57136899 3.54172046 3.51231808
 3.48315978 3.46155367 3.44741176 3.43324883 3.41875419 3.40369389
 3.38807578 3.37210093 3.35598829 3.33971858 3.32298461 3.30541258
 3.28686305 3.26745035 3.24737823 3.22688953 3.20617052 3.18531458
 3.16442355 3.14367108 3.12325369 3.1032893  3.08375176 3.06448288
 3.04528091 3.02597053 3.00642164 2.98652524 2.96623314 2.94561804
 2.92486719 2.90419934 2.88368966 2.86323538 2.84265254 2.82177524
 2.80049601 2.77868598 2.75621744 2.73306025 2.70925548 2.68490606
 2.66022011 2.63545339 2.61076781 2.58611024 2.56129028 2.53823794
 2.51716619 2.49626937 2.47554603 2.45499473 2.43461404 2.41440255]",0.6614113257552594,2.098599973196966,0.025600623320815794,"[3.66181204 3.62291338 3.58498266 3.5479958  3.51192932 3.47676031
 3.44246643 3.41629518 3.39797866 3.3799803  3.36198377 3.34375467
 3.32530222 3.306827   3.28854358 3.27042645 3.25216524 3.23338918
 3.21396643 3.19401858 3.1737537  3.15341512 3.13318574 3.1131535
 3.09341344 3.07413031 3.05548869 3.03759217 3.02039975 3.00374044
 2.98740312 2.97120655 2.95501739 2.93872537 2.9222826  2.90576183
 2.88934817 2.87325469 2.85754833 2.84211867 2.82677681 2.81135509
 2.79574657 2.77982467 2.7634663  2.74664717 2.72941384 2.71187348
 2.6942358  2.67675403 2.65958396 2.64266547 2.62580366 2.61091559
 2.59816723 2.58573609 2.57361429 2.56179413 2.5502681  2.53902888]",0.33890967327507093,0.3589345738173773,0.03397429708094041,"[3.66181204 3.61922241 3.57843478 3.53944314 3.50212384 3.46631118
 3.43186631 3.40593676 3.38811936 3.37099467 3.35433479 3.33782971
 3.32135508 3.30496462 3.28872516 3.27254858 3.25611067 3.2390174
 3.22108268 3.20237609 3.18310742 3.16360645 3.14414888 3.12485354
 3.10579503 3.08709322 3.06889727 3.05127597 3.03416316 3.01737799
 3.00072588 2.98407224 2.96733925 2.9504709  2.93345281 2.91638742
 2.89949487 2.88297961 2.86683765 2.85087091 2.83480742 2.81841231
 2.80157479 2.78422059 2.76633314 2.74798434 2.72922771 2.71013127
 2.69084534 2.67158416 2.65248032 2.63343102 2.61421468 2.59671533
 2.58101178 2.56528325 2.54959384 2.53404741 2.5187285  2.50365762]"
2025-10-17,2025-10-17 23:04:00+00:00,open,561.0,17.0,1.764864518788407,1.0343715635250348,1.0343715635250348,,1.5276367991499171,2.008876608377411,0.04272384138451336,"[1.9679552  1.95169558 1.9355703  1.91957826 1.90371834 1.88798945
 1.87239053 1.86094944 1.85358291 1.84615253 1.83856396 1.83075573
 1.82267249 1.81425247 1.80548651 1.79644127 1.78724205 1.77797941
 1.76863899 1.75919894 1.74970184 1.74012268 1.73032414 1.72021721
 1.70981214 1.69909383 1.68802526 1.67668512 1.66517999 1.65346914
 1.64143429 1.62900727 1.61617943 1.60298955 1.58944898 1.5754973
 1.56111646 1.54634473 1.53118374 1.5156178  1.49967175 1.48341491
 1.46694976 1.45037375 1.43374779 1.41710495 1.40045615 1.38381029
 1.36719293 1.35069257 1.33444131 1.31849635 1.30285284 1.28975896
 1.27910272 1.26853453 1.25805366 1.24765938 1.23735098 1.22712776]",0.769726651194934,1.0371989143879272,0.0308686883600335,"[1.9679552  1.94801843 1.9285087  1.90941687 1.89073399 1.87245129
 1.85456021 1.84106347 1.83180044 1.82261183 1.81340182 1.80410857
 1.79467702 1.78504655 1.77520965 1.76523419 1.75524538 1.74533206
 1.73547772 1.72565887 1.71591624 1.70622272 1.69644012 1.68648028
 1.6763547  1.66604937 1.65552887 1.64487328 1.63418903 1.62343471
 1.61249266 1.60129661 1.58984023 1.5781644  1.56628201 1.55413453
 1.54170648 1.52903834 1.51613361 1.50297859 1.48960007 1.47606861
 1.46248677 1.44895068 1.43551891 1.42222165 1.40906671 1.39605984
 1.38322332 1.37064174 1.35844182 1.3466741  1.33532703 1.3266323
 1.32043264 1.31436578 1.30842888 1.30261914 1.29693384 1.29137033]",0.010000000000000002,0.19966745043372708,0.03150334549235244,"[1.9679552  1.89504342 1.87995722 1.87672936 1.87442108 1.86976165
 1.86382528 1.86070715 1.85661873 1.84978683 1.84208428 1.83370956
 1.8239818  1.81325906 1.80321938 1.79429749 1.7857634  1.77678979
 1.76757257 1.75684017 1.74297913 1.72772907 1.71345251 1.70023443
 1.68792617 1.67591694 1.66332692 1.65040515 1.63784543 1.62537375
 1.61313605 1.60163051 1.59060507 1.57912555 1.5669566  1.55376717
 1.54013343 1.52671408 1.51380093 1.5015882  1.49012904 1.47898552
 1.46707908 1.45467421 1.44247347 1.43038514 1.41847031 1.40669797
 1.39475149 1.38290064 1.37117526 1.35956169 1.3484718  1.33923219
 1.3302638  1.3209674  1.31187101 1.30330127 1.29527209 1.28755791]"
2025-10-18,2025-10-18 23:15:00+00:00,open,552.0,4.0,0.3730751713696048,1.9652052050826114,1.9652052050826114,,5.67770773034419,11.99999999998573,0.08484045750925652,"[0.29686152 0.2964495  0.29603805 0.29562717 0.29521686 0.29480712
 0.29439795 0.30249302 0.31881061 0.33455763 0.34974802 0.36442838
 0.3786941  0.39274359 0.4067456  0.4207192  0.43461843 0.44842517
 0.46214527 0.47578849 0.48929737 0.50254113 0.51545091 0.52808173
 0.54043662 0.55234078 0.56360606 0.5741349  0.5838967  0.59295167
 0.60139937 0.60931084 0.61670587 0.62355562 0.629844   0.63561796
 0.64098713 0.64606609 0.65095727 0.65580855 0.66079326 0.66601526
 0.67146617 0.67706701 0.68273946 0.68844983 0.69418628 0.69995013
 0.70578619 0.71175338 0.7178673  0.72408146 0.73032175 0.73292953
 0.73191228 0.73089644 0.72988201 0.72886899 0.72785737 0.72684716]",0.569785691055278,0.6149882664609135,0.022698657253310932,"[0.29686152 0.30603219 0.3149385  0.32358806 0.33198829 0.34014636
 0.34806925 0.36418902 0.38792408 0.41043449 0.43176873 0.45200584
 0.47127111 0.48978784 0.50774343 0.52517242 0.54204468 0.55835838
 0.57413528 0.58940035 0.60411128 0.61815485 0.63148235 0.64416845
 0.65623379 0.66752315 0.67787301 0.68721349 0.69554268 0.70294831
 0.70955416 0.71545244 0.72068216 0.72523341 0.72910921 0.73237477
 0.7351552  0.73757683 0.73975068 0.74182962 0.74398724 0.7463236
 0.74882537 0.75141012 0.75399851 0.75655743 0.75907608 0.76155704
 0.76404576 0.76660014 0.76923373 0.77189845 0.77452046 0.77347646
 0.7689077  0.76447065 0.76016151 0.75597658 0.7519123  0.74796518]",0.7313533726821422,0.3249982372616425,0.02554672306500063,"[0.29686152 0.30445859 0.31203215 0.31957669 0.32708269 0.33451963
 0.34184014 0.35745775 0.38085169 0.40317331 0.42444489 0.44472013
 0.46409929 0.4828056  0.50102823 0.51878188 0.53600077 0.55267198
 0.56883164 0.58450956 0.599675   0.61423578 0.62814734 0.64146854
 0.65420074 0.66617735 0.67722776 0.6872698  0.69628436 0.70433996
 0.71155498 0.71802521 0.72376738 0.72873827 0.73292603 0.73639894
 0.73930428 0.74179794 0.74400246 0.74606824 0.74815554 0.75034916
 0.75263    0.75492339 0.75716387 0.75933302 0.76144525 0.76351966
 0.76560183 0.76774231 0.7699416  0.77215079 0.77430879 0.77279242
 0.76770737 0.76269795 0.75776372 0.75290684 0.74812672 0.74341547]"
2025-10-20,2025-10-20 23:15:00+00:00,open,295.0,20.0,0.01899154680478432,-0.440821425465435,-0.440821425465435,,2.426759653723615,0.5347745552795422,0.20044191406839484,"[-4.30239858e-01 -4.17037890e-01 -4.04241026e-01 -3.91836836e-01
 -3.79813270e-01 -3.68158649e-01 -3.56861651e-01 -3.39444504e-01
 -3.15988862e-01 -2.92888597e-01 -2.70078367e-01 -2.47482883e-01
 -2.25102633e-01 -2.03029642e-01 -1.81327220e-01 -1.59969500e-01
 -1.38925619e-01 -1.18212415e-01 -9.78166574e-02 -7.76825054e-02
 -5.78054858e-02 -3.82468541e-02 -1.90717330e-02 -3.53477519e-04
  1.78108835e-02  3.52921389e-02  5.19390587e-02  6.76598082e-02
  8.24598244e-02  9.63945999e-02  1.09467940e-01  1.21615695e-01
  1.32801783e-01  1.42986480e-01  1.52107328e-01  1.60192958e-01
  1.67346501e-01  1.73644034e-01  1.79120723e-01  1.83780602e-01
  1.87607273e-01  1.90612499e-01  1.92885272e-01  1.94548488e-01
  1.95664882e-01  1.96243294e-01  1.96308607e-01  1.95960236e-01
  1.95378544e-01  1.94721501e-01  1.94047190e-01  1.93362508e-01
  1.92686120e-01  1.89389243e-01  1.83577809e-01  1.77944699e-01
  1.72484442e-01  1.67191734e-01  1.62061433e-01  1.57088556e-01]",1.0170675563617224,0.5315418867916818,0.014513272446492394,"[-0.43023986 -0.41460759 -0.3992294  -0.38410116 -0.36921881 -0.35457835
 -0.34017584 -0.31950881 -0.29254067 -0.26564384 -0.23876237 -0.21182912
 -0.18485189 -0.1579307  -0.13113803 -0.10445729 -0.07786614 -0.05138975
 -0.02502326  0.00128156  0.02752225  0.05363024  0.07953222  0.10514582
  0.13036389  0.15504564  0.17902632  0.20219888  0.2245532   0.24613001
  0.26691918  0.28684227  0.30584831  0.32388257  0.34086693  0.35681422
  0.37181319  0.38592715  0.39917947  0.41156289  0.42304978  0.43364072
  0.44341442  0.45248534  0.46090939  0.46868909  0.47584329  0.48246632
  0.48873564  0.49480905  0.50074603  0.50655522  0.51225713  0.51521215
  0.51547756  0.51573866  0.51599552  0.5162482   0.51649677  0.51674131]",0.6627447449058319,0.5775435116309074,0.01700234381368078,"[-0.43023986 -0.41375593 -0.39764597 -0.38188227 -0.36644246 -0.35130627
 -0.33645896 -0.31541304 -0.28819485 -0.26117247 -0.23428144 -0.20744981
 -0.18067769 -0.15406154 -0.12766974 -0.10147723 -0.07544189 -0.04956027
 -0.02379142  0.00193914  0.02762767  0.0531911   0.07855074  0.10363971
  0.12836586  0.15258832  0.17615452  0.1989728   0.22102799  0.24235092
  0.26292672  0.28267796  0.30156156  0.31953157  0.3365127   0.35251147
  0.36761139  0.381879    0.39533903  0.40798114  0.41976874  0.43069219
  0.44082929  0.45029572  0.45914338  0.46736734  0.47497921  0.48206498
  0.4887937   0.49531955  0.50170651  0.50796482  0.51411003  0.51750255
  0.51822399  0.51897255  0.51976497  0.52061212  0.52151323  0.5224622 ]"
2025-10-21,2025-10-21 23:26:00+00:00,open,340.0,9.0,1.092522040627708,-0.7622981449298756,-0.7622981449298756,,3.0261277885408266,11.999999998004025,0.17468879557145425,"[1.27115971 1.26939543 1.26763361 1.26587423 1.26411729 1.26236279
 1.26061072 1.25717345 1.25176538 1.24576215 1.23909861 1.23174732
 1.22373982 1.215101   1.20586204 1.19602733 1.18560984 1.17474396
 1.16359028 1.15220878 1.14052977 1.12833201 1.11529733 1.1012175
 1.08607471 1.06990822 1.05277052 1.03474372 1.0158775  0.99616384
 0.97563511 0.95433328 0.93220187 0.9092105  0.88538325 0.86067446
 0.83511911 0.80895906 0.78239977 0.75553646 0.72852158 0.70146723
 0.67434623 0.64710288 0.6197468  0.59241974 0.56532085 0.53857743
 0.51227524 0.48654445 0.46160304 0.43761823 0.41457358 0.402996
 0.40243667 0.40187812 0.40132034 0.40076334 0.40020711 0.39965165]",0.20703971649645422,0.9560414700238989,0.0673429343037483,"[1.27115971 1.2467869  1.22429921 1.20355082 1.18440722 1.16674428
 1.15044748 1.13376714 1.11649521 1.0999794  1.08409762 1.06877422
 1.05399549 1.03974222 1.02600312 1.01274128 0.99993215 0.98766999
 0.97606579 0.96512518 0.95472866 0.94461998 0.93447008 0.92408241
 0.91345766 0.9026504  0.89172412 0.88076577 0.86982392 0.85888822
 0.84798893 0.83716189 0.82634554 0.8155097  0.80467759 0.79380333
 0.78292423 0.7722731  0.76202758 0.75224737 0.74304334 0.73447731
 0.72647317 0.71893405 0.71183365 0.70527527 0.69940814 0.69430095
 0.68997788 0.68650457 0.68402621 0.68262646 0.68220626 0.69294719
 0.71329621 0.73207133 0.74939429 0.76537741 0.78012431 0.79373062]",0.11793357207783912,0.5363386075392224,0.044392437839486834,"[1.27115971 1.23058372 1.19592797 1.16637241 1.14117239 1.11967733
 1.10141733 1.08437257 1.06808354 1.05357095 1.0404249  1.02828831
 1.01700915 1.00661583 0.99717744 0.98870311 0.98112533 0.97435157
 0.96829442 0.96285732 0.95782797 0.95294726 0.94792923 0.94242498
 0.93638174 0.92995039 0.92315388 0.91602635 0.90861304 0.9007857
 0.8924305  0.8836095  0.87424758 0.86424778 0.85369451 0.84262584
 0.83115022 0.81954799 0.80792491 0.79624952 0.78460341 0.77304435
 0.76144101 0.74961969 0.73761085 0.72566146 0.71398662 0.70270301
 0.69189978 0.68162573 0.6719427  0.66288832 0.65441869 0.65661987
 0.66724879 0.67519938 0.68088706 0.68469485 0.68699602 0.68806964]"
2025-10-22,2025-10-22 23:15:00+00:00,open,351.0,28.0,1.4075983190854,0.32903566672977824,0.32903566672977824,,3.3543150027492716,0.6423843271260974,0.2362093426914362,"[2.27429923 2.21605141 2.15929539 2.10399296 2.05010691 1.99760095
 1.94643973 1.9019361  1.8646363  1.82974089 1.79697777 1.76596072
 1.7363202  1.70778927 1.68014617 1.65312879 1.62633979 1.59931671
 1.57169359 1.54321122 1.51374129 1.48331304 1.4520426  1.42011052
 1.38774441 1.35515529 1.3225007  1.28989733 1.2574336  1.22515388
 1.19309181 1.161381   1.13030371 1.10026162 1.07170879 1.04506309
 1.02067196 0.99878983 0.97953522 0.96288132 0.94873226 0.93700404
 0.92760598 0.92046987 0.91563634 0.91317704 0.91305303 0.9149875
 0.91841406 0.92266716 0.92714881 0.93133284 0.9348223  0.92430778
 0.90063503 0.87756857 0.85509287 0.83319281 0.81185363 0.79106098]",2.7225949130534097,-4.999999999999998,0.15445724481257203,"[2.27429923 2.22990483 2.18578135 2.14192716 2.09834061 2.05502006
 2.01196389 1.97455312 1.94351018 1.91412041 1.88616134 1.85928952
 1.83317007 1.80756428 1.78227377 1.75705499 1.73152276 1.70521774
 1.6777688  1.6489055  1.61848436 1.58651868 1.55311026 1.51842837
 1.48269347 1.44611396 1.40884842 1.37101723 1.33271451 1.29399165
 1.2548899  1.21555184 1.17627286 1.13747443 1.09963898 1.06322126
 1.02861295 0.99611843 0.96590968 0.93801384 0.91238726 0.888996
 0.86779752 0.8487697  0.8319986  0.81760249 0.8055892  0.79572558
 0.78748019 0.78020951 0.77332495 0.76629858 0.75872236 0.73718329
 0.70216977 0.66736993 0.63278247 0.59840609 0.56423951 0.53028145]",0.6321747243456483,0.9899999999999893,0.2372954184890398,"[2.27429923 2.21585055 2.15891831 2.10346357 2.04944867 1.99683674
 1.94559155 1.90102416 1.86367707 1.82874953 1.79596875 1.76494777
 1.73531633 1.70680627 1.67919421 1.65221647 1.62547446 1.59850485
 1.57094111 1.5425236  1.51312433 1.48277293 1.45158518 1.4197411
 1.38746738 1.3549742  1.3224185  1.28991653 1.25755627 1.22538157
 1.19342564 1.16182194 1.13085276 1.10091952 1.07247572 1.04593868
 1.02165513 0.99987827 0.98072548 0.9641693  0.95011397 0.9384763
 0.92916656 0.92211733 0.91736975 0.91499558 0.91495571 0.91697288
 0.92048031 0.92481218 0.92937058 0.93362993 0.93719419 0.92675664
 0.90317076 0.88020212 0.857834   0.83605043 0.81483589 0.79417518]"
2025-10-23,2025-10-23 22:57:00+00:00,open,517.0,54.0,0.06803264133480802,0.6050439077532559,0.6050439077532559,,6.756377503699773,0.17952860389045117,0.04338847085163494,"[-0.31916551 -0.29086932 -0.26508178 -0.24158048 -0.22016273 -0.20064381
 -0.18285537 -0.15782461 -0.12676135 -0.09888664 -0.07360611 -0.05059174
 -0.02984362 -0.0113894   0.00480107  0.01890641  0.03128408  0.04222624
  0.05189643  0.06048041  0.06826485  0.07547006  0.0821443   0.08831719
  0.09397005  0.09897711  0.10329393  0.10706874  0.11062487  0.1142901
  0.11811287  0.12190941  0.1255823   0.12918464  0.13272024  0.13610924
  0.13930846  0.14226046  0.14482327  0.1469017   0.14850626  0.14975102
  0.15085549  0.15191885  0.15285381  0.15362151  0.15429378  0.15491601
  0.15544704  0.15582512  0.1560081   0.15598305  0.15577027  0.14861846
  0.13544243  0.12343453  0.11249122  0.10251811  0.09342919  0.08514605]",0.1897171346473295,-0.013549501726307384,0.042218624946494615,"[-0.31916551 -0.29346265 -0.26992144 -0.24836009 -0.22861209 -0.21052493
 -0.19395894 -0.16995234 -0.13968532 -0.1123996  -0.08753198 -0.06478067
 -0.04416908 -0.02574645 -0.00950233  0.00472425  0.01727594  0.02843302
  0.03834915  0.0472018   0.05527123  0.06277317  0.06975229  0.07623503
  0.08219994  0.08751826  0.09214238  0.09621783  0.10006666  0.1040171
  0.10811903  0.11218952  0.11613113  0.11999693  0.12379088  0.12743306
  0.13087989  0.13407339  0.13687059  0.13917478  0.14099487  0.14244373
  0.14374066  0.14498546  0.14609143  0.14701979  0.14784261  0.14860582
  0.14926875  0.14976981  0.15006679  0.15014651  0.1500291   0.14295212
  0.12979005  0.11773493  0.10669367  0.096581    0.08731883  0.07883561]",0.1711863443267209,0.9899999999999999,0.04578254843472591,"[-0.31916551 -0.28893338 -0.26148746 -0.23657134 -0.21395023 -0.19341182
 -0.17476449 -0.14902621 -0.11743525 -0.08919607 -0.06368843 -0.04056263
 -0.0197995  -0.00141044  0.0146517   0.02858366  0.04075846  0.05148127
  0.06092573  0.06928183  0.07683619  0.08380832  0.09024701  0.09618559
  0.10160924  0.10639321  0.11049425  0.11406314  0.11742497  0.12090701
  0.12455774  0.12819528  0.13172225  0.13519025  0.13860006  0.14186907
  0.14495517  0.14780219  0.15026766  0.15225623  0.15377894  0.15495062
  0.15599028  0.15699592  0.15787982  0.1586029   0.15923709  0.15982741
  0.16033176  0.16068858  0.16085708  0.16082479  0.16061143  0.15347535
  0.14036756  0.12847949  0.11769661  0.10791487  0.09904009  0.09098789]"
2025-10-26,2025-10-26 23:31:00+00:00,open,533.0,3.0,-0.4320869870113757,0.7660203655973046,0.7660203655973046,,4.982804450364906,11.999999904167609,0.12398175067341588,"[-0.41747421 -0.41689479 -0.41631617 -0.41573835 -0.41516134 -0.41458512
 -0.41400971 -0.41406223 -0.41524301 -0.41747937 -0.42084943 -0.42538432
 -0.43112026 -0.43805466 -0.44605391 -0.45485137 -0.46400093 -0.4730137
 -0.48167118 -0.49001357 -0.49816143 -0.50613074 -0.51362962 -0.52016664
 -0.52528483 -0.5286837  -0.53027031 -0.53005221 -0.52802947 -0.52420056
 -0.51856849 -0.51116162 -0.50208709 -0.49146557 -0.47922898 -0.46515844
 -0.44922977 -0.4318101  -0.4135026  -0.3948271  -0.37598206 -0.35676435
 -0.33668531 -0.31525981 -0.29221408 -0.26749041 -0.24122307 -0.21370195
 -0.18529773 -0.15652233 -0.12794995 -0.09980711 -0.07187521 -0.05787904
 -0.0577987  -0.05771848 -0.05763838 -0.05755838 -0.05747849 -0.05739872]",11.999999970007373,-2.606547589172322,0.030826297735397606,"[-0.41747421 -0.42051248 -0.42354653 -0.42657637 -0.42960201 -0.43262344
 -0.43564069 -0.43928088 -0.44404434 -0.44985842 -0.45680124 -0.46490392
 -0.4742027  -0.484695   -0.4962472  -0.5085927  -0.52128536 -0.53383632
 -0.54602707 -0.55789783 -0.56956916 -0.58105706 -0.59206964 -0.60211548
 -0.61073763 -0.61763559 -0.62271643 -0.62598771 -0.62744951 -0.62710031
 -0.62494312 -0.6210063  -0.615397   -0.60823591 -0.59945494 -0.58883523
 -0.5763526  -0.56237418 -0.54750316 -0.53225937 -0.51684128 -0.50104575
 -0.48438416 -0.46637135 -0.44673358 -0.42541315 -0.40254431 -0.37841698
 -0.35340184 -0.32801082 -0.30281812 -0.27805027 -0.25348868 -0.24285812
 -0.24613875 -0.24941482 -0.25268634 -0.25595332 -0.25921577 -0.26247369]",11.999999961127816,0.9899999992015642,0.12437748961070492,"[-0.41747421 -0.41688341 -0.4162933  -0.41570388 -0.41511515 -0.4145271
 -0.41393972 -0.41398021 -0.41514892 -0.41737327 -0.42073143 -0.42525452
 -0.43097872 -0.4379014  -0.44588896 -0.45467479 -0.4638128  -0.47281412
 -0.48146026 -0.48979143 -0.49792817 -0.50588648 -0.51337447 -0.51990066
 -0.5250081  -0.52839624 -0.52997213 -0.52974332 -0.52770988 -0.52387025
 -0.51822737 -0.51080951 -0.50172377 -0.49109079 -0.47884249 -0.46475999
 -0.44881914 -0.43138705 -0.41306691 -0.39437852 -0.37552037 -0.35628934
 -0.33619672 -0.31475734 -0.29169745 -0.2669594  -0.24067752 -0.21314173
 -0.18472269 -0.15593225 -0.12734446 -0.09918578 -0.07123758 -0.05722461
 -0.05712704 -0.05702921 -0.05693121 -0.05683311 -0.05673497 -0.0566368 ]"
2025-10-27,2025-10-27 23:06:00+00:00,open,562.0,18.0,0.8450899217968422,0.805116017479059,0.805116017479059,,5.583692667847966,0.6310053754550069,0.08298037420706356,"[ 1.60867991e+00  1.56674628e+00  1.52590573e+00  1.48612979e+00
  1.44739068e+00  1.40966140e+00  1.37291560e+00  1.33627538e+00
  1.29770697e+00  1.25603385e+00  1.21134414e+00  1.16382958e+00
  1.11361639e+00  1.06080819e+00  1.00574776e+00  9.49027557e-01
  8.91257804e-01  8.32844408e-01  7.73720045e-01  7.13556653e-01
  6.52460464e-01  5.91159085e-01  5.30575369e-01  4.71506083e-01
  4.14619095e-01  3.60568146e-01  3.09961030e-01  2.63233361e-01
  2.20665613e-01  1.82406828e-01  1.48363055e-01  1.18125306e-01
  9.11957109e-02  6.74133702e-02  4.68900157e-02  2.95079617e-02
  1.48916727e-02  2.76062724e-03 -7.01456350e-03 -1.45683065e-02
 -2.01365503e-02 -2.40536190e-02 -2.65930164e-02 -2.79142218e-02
 -2.81739178e-02 -2.74947837e-02 -2.58802203e-02 -2.32082955e-02
 -1.93597581e-02 -1.43174732e-02 -8.10627168e-03 -8.61003638e-04
  7.12182937e-03  1.10881376e-02  1.07991019e-02  1.05176006e-02
  1.02434371e-02  9.97642037e-03  9.71636395e-03  9.46308646e-03]",1.0258352296952653,-0.47284339320823104,0.030710292101541765,"[ 1.60867991  1.5751348   1.54213029  1.50965767  1.47770837  1.44627395
  1.41534612  1.38406155  1.35038522  1.31312074  1.272333    1.22819243
  1.18080604  1.13025951  1.07687994  1.02124936  0.96397392  0.90546089
  0.84564617  0.78420235  0.72123455  0.6574738   0.59385508  0.53119585
  0.47019163  0.41152993  0.35585828  0.30365673  0.25525295  0.21084467
  0.17038623  0.13351362  0.09976826  0.06902426  0.04142801  0.01689626
 -0.00491546 -0.02426067 -0.04124409 -0.0559771  -0.0686748  -0.07965391
 -0.08917393 -0.09738258 -0.10442655 -0.11042016 -0.11535928 -0.11911395
 -0.1215556  -0.12265726 -0.12243422 -0.12101254 -0.11868237 -0.12020977
 -0.12589269 -0.13148402 -0.13698525 -0.14239783 -0.14772317 -0.1529627 ]",0.615328331688397,0.9899999999999999,0.08612454560199172,"[ 1.60867991  1.56640811  1.52526873  1.48522896  1.4462575   1.40832469
  1.37140166  1.33460723  1.29590577  1.25412136  1.20934363  1.16176642
  1.11151798  1.05870236  1.00366126  0.94698551  0.88928381  0.83096025
  0.77194566  0.71191092  0.65096166  0.58982491  0.52942299  0.47055238
  0.41388119  0.36006216  0.30969987  0.26322683  0.22092202  0.18293339
  0.14916545  0.11920768  0.09256082  0.06906305  0.04882536  0.03172877
  0.01739654  0.00554709 -0.00395036 -0.01123173 -0.01653464 -0.02019437
 -0.02248477 -0.02356569 -0.02359388 -0.02269143 -0.02086105 -0.01798066
 -0.01393133 -0.00869647 -0.0023013   0.00511915  0.01326808  0.01739228
  0.01725716  0.01712713  0.01700245  0.01688338  0.01677     0.01666169]"
2025-10-28,2025-10-28 23:51:00+00:00,open,433.0,17.0,-1.1562216416292603,0.33923119046552763,0.33923119046552763,,3.841092939145094,2.0461447109152404,0.06739082193576995,"[-1.3679302  -1.35683312 -1.34582606 -1.33490829 -1.3240791  -1.31333775
 -1.30268354 -1.2906902  -1.27773062 -1.26552542 -1.2538275  -1.24232763
 -1.23086482 -1.21938792 -1.20785316 -1.19628457 -1.18482223 -1.17358359
 -1.16258697 -1.15184432 -1.14133344 -1.13092285 -1.12048978 -1.11004011
 -1.09967683 -1.08961203 -1.08009428 -1.07122817 -1.06299934 -1.05535359
 -1.04815123 -1.04116938 -1.03427451 -1.02751704 -1.02096751 -1.0146696
 -1.00875493 -1.00333313 -0.9983896  -0.99390691 -0.98987153 -0.98620432
 -0.98280929 -0.97962595 -0.97666496 -0.9739963  -0.97167437 -0.9696618
 -0.96779961 -0.96592748 -0.96397042 -0.9618389  -0.95941291 -0.95422355
 -0.94648259 -0.93880442 -0.93118855 -0.92363445 -0.91614164 -0.90870961]",0.4261692561423179,-0.8754726934909647,0.04763817477005689,"[-1.3679302  -1.34904286 -1.33087991 -1.31341356 -1.29661711 -1.28046486
 -1.26493209 -1.24858408 -1.23182487 -1.21634739 -1.20186467 -1.18803831
 -1.17468672 -1.16174165 -1.14914431 -1.13690489 -1.12514758 -1.11397004
 -1.10336972 -1.09333828 -1.0838338  -1.07470817 -1.06582709 -1.05718712
 -1.04888046 -1.04110425 -1.03408511 -1.02790082 -1.02251037 -1.01783489
 -1.01371376 -1.00990968 -1.00628132 -1.00287265 -0.99974555 -0.99693402
 -0.99455787 -0.99271102 -0.99136251 -0.99048008 -0.99003603 -0.98993906
 -0.99008431 -0.99040524 -0.99090753 -0.99165497 -0.99269392 -0.99397886
 -0.99534597 -0.99663572 -0.99777731 -0.99868733 -0.99925521 -0.99704856
 -0.99238573 -0.98790174 -0.98358972 -0.97944308 -0.97545548 -0.97162081]",2.0409527464146473,0.9899999999999999,0.06752682113473389,"[-1.3679302  -1.35685694 -1.34587214 -1.3349752  -1.32416548 -1.31344229
 -1.30280498 -1.29082736 -1.27788234 -1.26569044 -1.25400455 -1.24251541
 -1.23106207 -1.21959342 -1.20806585 -1.19650354 -1.18504662 -1.17381249
 -1.16281918 -1.15207848 -1.14156818 -1.13115683 -1.12072172 -1.11026888
 -1.09990154 -1.08983183 -1.08030834 -1.07143568 -1.06319947 -1.0555454
 -1.04833385 -1.04134211 -1.03443678 -1.0276684  -1.02110762 -1.01479818
 -1.00887171 -1.00343772 -0.99848133 -0.99398498 -0.98993515 -0.98625283
 -0.98284206 -0.9796424  -0.97666462 -0.97397877 -0.97163933 -0.96960904
 -0.96772892 -0.96583865 -0.96386316 -0.9617129  -0.95926792 -0.95405931
 -0.94629888 -0.93860097 -0.93096497 -0.92339031 -0.91587651 -0.90842304]"
2025-10-29,2025-10-29 23:34:00+00:00,open,104.0,9.0,-0.8942474916322283,0.18078479110538126,0.18078479110538126,,3.826252611099144,9.063568092514052,0.037150585513616274,"[-1.04238911 -1.04047406 -1.03856253 -1.03665451 -1.03474999 -1.03284898
 -1.03095146 -1.02039309 -1.00121577 -0.98198064 -0.96247485 -0.94262431
 -0.92246294 -0.90210866 -0.88171627 -0.86128913 -0.84072949 -0.81999959
 -0.79903919 -0.7777162  -0.75591845 -0.73369864 -0.71133791 -0.6892309
 -0.66772398 -0.64700819 -0.62709636 -0.60790032 -0.58936005 -0.57152668
 -0.55451163 -0.53837664 -0.52309498 -0.50858067 -0.49475108 -0.48155585
 -0.46898345 -0.45705485 -0.44574336 -0.43491477 -0.42442429 -0.41422445
 -0.40432801 -0.39473651 -0.38541343 -0.37630285 -0.36737099 -0.35863312
 -0.35014978 -0.34199601 -0.33422501 -0.32682759 -0.31970557 -0.31590582
 -0.31532544 -0.31474614 -0.31416789 -0.31359071 -0.31301459 -0.31243953]",1.7179640473105398,-0.5825815064832452,0.028904266029713754,"[-1.04238911 -1.0379499  -1.03355355 -1.02919964 -1.02488776 -1.02061752
 -1.0163885  -1.00355864 -0.98225949 -0.96107311 -0.93978638 -0.91832607
 -0.89672705 -0.87510762 -0.85362181 -0.83227141 -0.81095773 -0.7896426
 -0.76826566 -0.74669547 -0.72482156 -0.70269866 -0.68060856 -0.65894381
 -0.63804568 -0.61809805 -0.59910586 -0.58097351 -0.56363428 -0.54713274
 -0.53157304 -0.51700906 -0.5034061  -0.49067078 -0.47871385 -0.4674789
 -0.45694867 -0.44713839 -0.43801563 -0.42944114 -0.42126633 -0.41344075
 -0.40597428 -0.39886553 -0.39207518 -0.38554496 -0.37923913 -0.37317109
 -0.36739922 -0.36199588 -0.35701108 -0.35243227 -0.34815835 -0.34722598
 -0.34949822 -0.35174852 -0.3539771  -0.35618416 -0.35836991 -0.36053456]",9.11675720917911,0.9899999999999999,0.03721853194749045,"[-1.04238911 -1.04048947 -1.03859277 -1.03669903 -1.03480826 -1.03292046
 -1.03103561 -1.02048929 -1.00132329 -0.98209872 -0.96260273 -0.94276124
 -0.92260822 -0.9022616  -0.88187616 -0.86145517 -0.84090082 -0.82017529
 -0.79921833 -0.7778979  -0.75610186 -0.73388296 -0.71152235 -0.68941469
 -0.66790635 -0.64718841 -0.6272737  -0.60807409 -0.58952958 -0.57169133
 -0.5546708  -0.53852982 -0.52324172 -0.50872054 -0.49488371 -0.4816809
 -0.46910063 -0.45716393 -0.44584416 -0.43500708 -0.42450791 -0.41429913
 -0.40439349 -0.39479251 -0.38545967 -0.37633905 -0.36739692 -0.35864853
 -0.35015441 -0.34198961 -0.33420736 -0.32679849 -0.31966481 -0.31585323
 -0.31526089 -0.31466947 -0.31407895 -0.31348931 -0.31290055 -0.31231265]"
2025-10-30,2025-10-30 23:17:00+00:00,open,553.0,18.0,0.2133122952316313,1.093945250889135,1.093945250889135,,4.644063264433297,0.47273101566457054,0.09231862609466022,"[0.30399824 0.29346717 0.28330092 0.27348684 0.26401275 0.25486685
 0.24603779 0.23895144 0.23326074 0.22715732 0.22064364 0.21388246
 0.20691625 0.19960329 0.19184164 0.1836838  0.17527063 0.16668909
 0.1579309  0.14897969 0.13978492 0.13023932 0.12028462 0.1099909
 0.09957469 0.0893525  0.07968786 0.07089983 0.06320238 0.05676877
 0.05172369 0.04804404 0.04563387 0.04443338 0.04430427 0.04500481
 0.04636604 0.04839565 0.05119838 0.05479668 0.05903773 0.06366052
 0.06846324 0.07335708 0.07826088 0.08310296 0.08791938 0.09285055
 0.09810493 0.10394157 0.11056669 0.11802278 0.12619698 0.1281442
 0.12370505 0.11941967 0.11528275 0.11128914 0.10743388 0.10371217]",11.99999999997371,-4.271055313397564,0.06547098612007735,"[0.30399824 0.29764841 0.29130739 0.28497518 0.27865175 0.2723371
 0.26603121 0.2611872  0.2575294  0.25325685 0.24835762 0.24298347
 0.23717036 0.23076778 0.22366022 0.2158858  0.20757468 0.19880742
 0.18957044 0.17984142 0.16956314 0.15861873 0.14693719 0.13457598
 0.12174389 0.10875895 0.09599781 0.08380459 0.07242724 0.06207923
 0.05293073 0.04500606 0.03825392 0.03265653 0.02811477 0.02441916
 0.02142549 0.01916333 0.01776173 0.01727003 0.01756009 0.01838816
 0.01956128 0.02099479 0.02260916 0.0243314  0.02619545 0.02834279
 0.0309889  0.03440778 0.038829   0.04432267 0.05080216 0.05126674
 0.04526768 0.03927695 0.03329453 0.02732042 0.0213546  0.01539705]",0.448137636434772,0.9899999999999999,0.09322030349305759,"[0.30399824 0.2932985  0.28299082 0.27305978 0.26349013 0.25426851
 0.24538286 0.23825677 0.23253754 0.2264148  0.21989076 0.21312787
 0.2061687  0.19887288 0.19113992 0.18302286 0.17466205 0.1661436
 0.15745884 0.1485911  0.13948924 0.13004598 0.12020341 0.11003178
 0.09974753 0.08966622 0.08014963 0.07151527 0.06397561 0.05770198
 0.05281661 0.04929393 0.04703635 0.04598358 0.04599729 0.04683527
 0.04832838 0.05048447 0.0534076  0.05711835 0.0614621  0.06617637
 0.07105824 0.07601831 0.08097579 0.08586027 0.0907092  0.09566383
 0.10093294 0.10677529 0.11339645 0.12083826 0.12898726 0.13090204
 0.12643968 0.12214403 0.11800959 0.11403104 0.11020278 0.10651909]"
2025-11-01,2025-11-01 23:28:00+00:00,open,540.0,12.0,-0.7178342896790353,0.2480979494492246,0.2480979494492246,,12.152991704272676,2.566955367904724,0.1018163318948556,"[-0.94415105 -0.93804075 -0.93196999 -0.92593852 -0.91994608 -0.91399243
 -0.9080773  -0.89699964 -0.88054773 -0.86369503 -0.84640471 -0.82854469
 -0.81001805 -0.790837   -0.7710199  -0.75069509 -0.73025581 -0.71017212
 -0.69080334 -0.67240005 -0.6549234  -0.63799863 -0.6212841  -0.60469605
 -0.58845518 -0.57309597 -0.55914318 -0.54678525 -0.53606416 -0.52712894
 -0.52003753 -0.51440926 -0.50947992 -0.50467162 -0.49993264 -0.49547548
 -0.49152272 -0.48821034 -0.48556063 -0.4834403  -0.48152509 -0.47958886
 -0.47768304 -0.4760054  -0.47472923 -0.47382233 -0.47327846 -0.47337718
 -0.4742017  -0.47534586 -0.47642724 -0.47737117 -0.47822217 -0.47708033
 -0.47399279 -0.47092523 -0.46787752 -0.46484954 -0.46184115 -0.45885224]",0.2868580590554406,-0.5456284690409395,0.046812691276633275,"[-0.94415105 -0.9216564  -0.90043146 -0.88040457 -0.86150809 -0.84367823
 -0.82685478 -0.80586833 -0.78079993 -0.75665216 -0.73333419 -0.71066733
 -0.68851743 -0.66686324 -0.64569038 -0.62509384 -0.6054223  -0.58708051
 -0.57034544 -0.55537467 -0.5420349  -0.52987376 -0.51849637 -0.50777918
 -0.49790237 -0.48934273 -0.48254178 -0.47759118 -0.47443784 -0.47313641
 -0.47364882 -0.47551091 -0.47791002 -0.48025937 -0.48251414 -0.48488741
 -0.48759113 -0.49074172 -0.49433942 -0.49823226 -0.50209027 -0.50569771
 -0.50911961 -0.51255973 -0.51618687 -0.51996041 -0.52386976 -0.52818299
 -0.53295985 -0.53778141 -0.54227607 -0.54639002 -0.55018736 -0.55181725
 -0.55146792 -0.55113831 -0.55082731 -0.55053386 -0.55025697 -0.54999572]",2.5705065368999263,0.9899999999999999,0.10202303055864816,"[-0.94415105 -0.93808005 -0.93204692 -0.92605127 -0.92009268 -0.91417076
 -0.90828532 -0.89723537 -0.88080921 -0.86398019 -0.8467114  -0.82887065
 -0.81036094 -0.79119468 -0.77139069 -0.75107747 -0.73064824 -0.71057304
 -0.69121099 -0.6728123  -0.65533799 -0.63841335 -0.62169687 -0.60510507
 -0.58885912 -0.57349375 -0.55953394 -0.54716817 -0.53643832 -0.52749324
 -0.52039083 -0.5147505  -0.5098084  -0.5049871  -0.50023487 -0.49576402
 -0.49179726 -0.48847082 -0.48580716 -0.48367269 -0.48174261 -0.47979062
 -0.47786835 -0.47617365 -0.47487982 -0.47395464 -0.47339188 -0.47347119
 -0.47427587 -0.47539976 -0.47646043 -0.47738363 -0.47821428 -0.47705247
 -0.47394505 -0.47085734 -0.46778877 -0.46473885 -0.46170732 -0.45869412]"
2025-11-02,2025-11-02 23:04:00+00:00,open,557.0,58.0,-0.22827748709653406,0.4035243689906558,0.4035243689906558,,8.337116285126967,0.057783429881112694,0.08667778340838052,"[-0.09608901 -0.07201266 -0.05396895 -0.04044632 -0.03031197 -0.02271691
 -0.01702489 -0.00466249  0.01201148  0.02457007  0.03391618  0.04080262
  0.04582684  0.04936485  0.05175625  0.05335697  0.05449545  0.05537711
  0.05608562  0.05666317  0.05707777  0.05726255  0.05719846  0.0568358
  0.05613425  0.05514771  0.05389759  0.05237598  0.05064381  0.04874943
  0.04668577  0.0444065   0.04188364  0.03914533  0.03618322  0.03305664
  0.03003391  0.02737149  0.02512738  0.0232706   0.02179117  0.0207143
  0.02005944  0.01978951  0.01978299  0.019948    0.02031927  0.020859
  0.02147586  0.02219646  0.02302118  0.02387469  0.02469326  0.02177767
  0.01632099  0.01223155  0.00916678  0.00686992  0.00514857  0.00385853]",0.1759367661543757,-0.09340457698223911,0.07557246412096522,"[-9.60890132e-02 -9.58463874e-02 -9.56256907e-02 -9.54249410e-02
 -9.52423357e-02 -9.50762346e-02 -9.49251461e-02 -8.61686752e-02
 -6.97946017e-02 -5.48304232e-02 -4.12879036e-02 -2.90998842e-02
 -1.81620435e-02 -8.46083332e-03  7.74938531e-05  7.63183148e-03
  1.44336057e-02  2.06512018e-02  2.63592309e-02  3.16026031e-02
  3.63541281e-02  4.05396104e-02  4.41253395e-02  4.70442859e-02
  4.92287013e-02  5.07094785e-02  5.14972627e-02  5.15724933e-02
  5.09903838e-02  4.98066998e-02  4.80237889e-02  4.55993778e-02
  4.25002065e-02  3.87505434e-02  3.43422581e-02  2.93348335e-02
  2.40275873e-02  1.87598808e-02  1.36936938e-02  8.89196019e-03
  4.42590283e-03  3.96084445e-04 -3.10423089e-03 -6.04624731e-03
 -8.50592160e-03 -1.05571021e-02 -1.21531975e-02 -1.33162708e-02
 -1.41407442e-02 -1.46087741e-02 -1.47211304e-02 -1.45637410e-02
 -1.42230830e-02 -1.76648433e-02 -2.45103834e-02 -3.07372070e-02
 -3.64012353e-02 -4.15533350e-02 -4.62397755e-02 -5.05026442e-02]",0.053541929072366136,0.9899999999999993,0.08863322764917085,"[-9.60890132e-02 -6.97383734e-02 -5.03874135e-02 -3.61576500e-02
 -2.56828062e-02 -1.79610387e-02 -1.22622216e-02 -1.22946615e-05
  1.62941899e-02  2.83288357e-02  3.71042297e-02  4.34336618e-02
  4.79450682e-02  5.10299455e-02  5.30288283e-02  5.42970399e-02
  5.51664776e-02  5.58374065e-02  5.63830465e-02  5.68371384e-02
  5.71550649e-02  5.72591400e-02  5.71298171e-02  5.67266868e-02
  5.60191116e-02  5.50611266e-02  5.38672500e-02  5.24246204e-02
  5.07869782e-02  4.89945288e-02  4.70412180e-02  4.48879824e-02
  4.25150258e-02  3.99550489e-02  3.71972453e-02  3.42958439e-02
  3.15083212e-02  2.90809617e-02  2.70690566e-02  2.54383198e-02
  2.41766251e-02  2.33009182e-02  2.28171238e-02  2.26858469e-02
  2.27958137e-02  2.30666324e-02  2.35406898e-02  2.41867289e-02
  2.49204199e-02  2.57707693e-02  2.67340720e-02  2.77295103e-02
  2.86882674e-02  2.59441275e-02  2.07751077e-02  1.70492552e-02
  1.43758474e-02  1.24687135e-02  1.11177982e-02  1.01771314e-02]"
2025-11-04,2025-11-04 23:03:00+00:00,open,564.0,15.0,-0.16203542674583904,0.5319198926066031,0.5319198926066031,,9.111428124822027,0.01000000101920969,0.12476540593448393,"[-2.71673565e-01 -5.13539724e-02 -9.70600260e-03 -1.83433245e-03
 -3.46657429e-04 -6.57410115e-05  1.22161259e-05  7.45122707e-03
  1.28941516e-02  1.35206695e-02  1.32910322e-02  1.28507526e-02
  1.24489209e-02  1.22269408e-02  1.20477725e-02  1.17854439e-02
  1.15005048e-02  1.12629905e-02  1.10976786e-02  1.10245293e-02
  1.09719450e-02  1.08567792e-02  1.06653986e-02  1.04396534e-02
  1.02253945e-02  1.00595910e-02  9.93108851e-03  9.70781592e-03
  9.31964994e-03  8.86125817e-03  8.44885453e-03  8.09179252e-03
  7.71228150e-03  7.26511376e-03  6.77912731e-03  6.28426063e-03
  5.83245524e-03  5.52789035e-03  5.39631489e-03  5.35775135e-03
  5.33811883e-03  5.32564230e-03  5.39090374e-03  5.64832444e-03
  6.07509945e-03  6.50030523e-03  6.77002785e-03  6.85849582e-03
  6.88453571e-03  6.94208498e-03  7.02121524e-03  7.07670918e-03
  7.16224683e-03  3.41276567e-03  6.39408282e-04  1.20800607e-04
  2.29265877e-05  4.33843860e-06  8.70613841e-07  1.77672314e-07]",11.99999999970557,-4.74760987884694,0.04556887307826667,"[-0.27167356 -0.27788583 -0.28408947 -0.2902845  -0.29647093 -0.30264878
 -0.30881805 -0.30288707 -0.28535582 -0.26869043 -0.25276481 -0.23765503
 -0.22326728 -0.20924459 -0.19550138 -0.18222165 -0.16945457 -0.15709787
 -0.14502442 -0.13307591 -0.12121175 -0.10955895 -0.09825532 -0.08735698
 -0.07683383 -0.06659795 -0.05657777 -0.04693543 -0.03798105 -0.02983373
 -0.02238919 -0.01553483 -0.00931317 -0.00385459  0.00077378  0.00456738
  0.00760006  0.01013042  0.01247139  0.0147744   0.01705174  0.0193042
  0.02166103  0.02446066  0.02801021  0.03229005  0.03700318  0.04182222
  0.04664557  0.05155715  0.0566028   0.06173633  0.06681744  0.06597636
  0.05929546  0.05262384  0.04596147  0.03930836  0.03266447  0.02602981]",0.01006235618169611,0.9899999999999999,0.12982382558599873,"[-0.27167356 -0.04672091 -0.0034831   0.00503045  0.00691127  0.00746991
  0.00775835  0.01544718  0.02112663  0.02200067  0.02201295  0.02179451
  0.02158553  0.0215524   0.02155576  0.02146367  0.0213471   0.02128063
  0.02126131  0.02130897  0.02137855  0.02136915  0.021261    0.02111887
  0.02101557  0.02098254  0.02099403  0.02091193  0.02065686  0.02030765
  0.01997643  0.01970466  0.019422    0.01906929  0.01865659  0.01819424
  0.01772765  0.01739057  0.01725191  0.01724347  0.01726354  0.01728507
  0.01738422  0.01766885  0.01812929  0.01861823  0.01899948  0.01922821
  0.0193968   0.01958655  0.01979725  0.02000326  0.02007318  0.01658613
  0.01399367  0.01358903  0.01359901  0.01369008  0.01378298  0.01386418]"
2025-11-05,2025-11-06 00:11:00+00:00,open,495.0,26.0,-0.07915078021393107,1.0148421895111426,1.0148421895111426,,11.023199410900913,0.09550905739819363,0.10752128577767547,"[-0.25923392 -0.2177238  -0.18286054 -0.1535798  -0.12898767 -0.10833337
 -0.09098637 -0.06986614 -0.04616346 -0.02664419 -0.01055816  0.00273881
  0.01374393  0.02280284  0.03020935  0.03623831  0.04108425  0.04487795
  0.04773784  0.04976956  0.05114815  0.0521456   0.05294477  0.05361188
  0.05418576  0.05462798  0.05483959  0.05479286  0.05460023  0.05446596
  0.05452238  0.05473328  0.05501814  0.05539168  0.05596271  0.05675969
  0.05766186  0.05859178  0.05957259  0.06065378  0.06191057  0.06341025
  0.06518571  0.06720471  0.06930018  0.07127701  0.07306245  0.0746908
  0.07619357  0.0775251   0.07867192  0.07973773  0.08082635  0.07466325
  0.06270771  0.05266657  0.04423328  0.03715038  0.03120163  0.02620544]",0.6489800137463835,-0.21607570842995893,0.03650620568740689,"[-0.25923392 -0.25813967 -0.25707317 -0.2560337  -0.25502059 -0.25403317
 -0.25307078 -0.24525433 -0.23104355 -0.21761137 -0.20485208 -0.192647
 -0.18092651 -0.16970048 -0.15897641 -0.14873045 -0.13897766 -0.12976859
 -0.12114359 -0.11313497 -0.10568378 -0.09859682 -0.09173162 -0.08504523
 -0.07851386 -0.07218938 -0.0661955  -0.060595   -0.05530343 -0.05011931
 -0.04488555 -0.03960751 -0.03434693 -0.02907636 -0.02366472 -0.01804835
 -0.01232214 -0.00655591 -0.00072156  0.00524094  0.01142596  0.01793096
  0.02482524  0.03211314  0.03964921  0.04722964  0.05475296  0.06222361
  0.06965057  0.0769653   0.08412496  0.09121186  0.09832643  0.09783514
  0.08987613  0.08211892  0.07455838  0.06718954  0.06000753  0.05300761]",11.999999999746162,0.9899999999996696,0.1088321730249084,"[-0.25923392 -0.25886284 -0.25849219 -0.25812198 -0.25775223 -0.25738294
 -0.25701411 -0.2497115  -0.2357171  -0.22216559 -0.2089694  -0.19602518
 -0.18327614 -0.17074434 -0.1584499  -0.14638126 -0.13456545 -0.12306596
 -0.11193717 -0.10122623 -0.0908891  -0.08074417 -0.07065595 -0.06058656
 -0.0505164  -0.04050168 -0.03067283 -0.0211019  -0.01171346 -0.00231136
  0.00726097  0.01699947  0.02684247  0.0368169   0.04705532  0.05762585
  0.06843748  0.07942174  0.09060781  0.10205787  0.11387025  0.12614887
  0.13897149  0.15235198  0.16615281  0.18017333  0.19431143  0.20856981
  0.2229562   0.23740007  0.25185487  0.26639966  0.28113425  0.28836388
  0.28798152  0.28759989  0.28721899  0.2868388   0.28645935  0.28608063]"
2025-11-07,2025-11-07 23:05:00+00:00,open,551.0,23.0,-1.0069093293860103,0.591973105026633,0.591973105026633,,7.174866038445548,1.268856141215119,0.05963930102955559,"[-0.98703302 -0.97415293 -0.96144091 -0.94889478 -0.93651237 -0.92429154
 -0.91223018 -0.91519671 -0.93178144 -0.94624554 -0.95937875 -0.97161788
 -0.98313241 -0.99412031 -1.00448401 -1.01374951 -1.02118582 -1.02635724
 -1.02980496 -1.03250296 -1.03508111 -1.03783173 -1.04092214 -1.04435996
 -1.04775746 -1.05049305 -1.05202999 -1.05194941 -1.05018452 -1.04720686
 -1.04377695 -1.04058937 -1.03774578 -1.03437115 -1.02919069 -1.02150166
 -1.01131417 -0.99896676 -0.98489403 -0.96946824 -0.95296146 -0.9357017
 -0.91807551 -0.90023825 -0.88201988 -0.86310052 -0.8431663  -0.82202539
 -0.79995576 -0.77776488 -0.75607142 -0.73497235 -0.71433169 -0.69952095
 -0.69039269 -0.68138355 -0.67249197 -0.66371642 -0.65505539 -0.64650737]",0.42120091394920633,-0.6500461208088086,0.055955469461568694,"[-0.98703302 -0.97395902 -0.96139225 -0.94931303 -0.93770245 -0.92654232
 -0.91581516 -0.92024479 -0.93791145 -0.95301506 -0.96640713 -0.97856656
 -0.98969724 -1.00002495 -1.00947668 -1.01761002 -1.02373994 -1.02749245
 -1.02946711 -1.03067148 -1.03174645 -1.03298354 -1.03454373 -1.03642578
 -1.03823792 -1.03936892 -1.03930726 -1.03767055 -1.03443447 -1.03010581
 -1.02546213 -1.02119484 -1.01739078 -1.01317058 -1.00728585 -0.99908636
 -0.98864062 -0.97633813 -0.96265204 -0.94798095 -0.93261401 -0.91688841
 -0.90118975 -0.88566474 -0.87013555 -0.85428161 -0.83779688 -0.82050379
 -0.80269418 -0.78517368 -0.76853867 -0.75285612 -0.7379623  -0.7291579
 -0.72608862 -0.72313842 -0.72030267 -0.71757695 -0.71495697 -0.71243864]",1.2636412945494628,0.9899999999999979,0.05964241988642725,"[-0.98703302 -0.97415228 -0.9614438  -0.94890431 -0.93653124 -0.92432198
 -0.91227367 -0.91525394 -0.93185205 -0.94633005 -0.95947869 -0.97173418
 -0.98326496 -0.99426816 -1.00464536 -1.01392163 -1.02136591 -1.02654358
 -1.02999665 -1.03269919 -1.03528111 -1.03803422 -1.04112473 -1.04455922
 -1.04794953 -1.05067518 -1.05220128 -1.05210987 -1.05033447 -1.04734652
 -1.04390622 -1.04070811 -1.03785386 -1.03446826 -1.02927597 -1.02157384
 -1.01137226 -0.99901037 -0.98492365 -0.96948529 -0.95296787 -0.93569853
 -0.91806238 -0.90021426 -0.88198397 -0.8630518  -0.84310452 -0.82195069
 -0.79986842 -0.77766512 -0.75595943 -0.73484812 -0.71419483 -0.69937077
 -0.69022816 -0.68120356 -0.67229557 -0.6635029  -0.6548241  -0.64625754]"
2025-11-08,2025-11-09 00:10:00+00:00,open,485.0,32.0,-0.33101946786784886,0.9821724881006633,0.9821724881006633,,6.2205691390524755,11.999999919638848,0.11071656418168277,"[-0.4143964  -0.41382125 -0.4132469  -0.41267334 -0.41210058 -0.41152862
 -0.41095745 -0.40300684 -0.38802121 -0.37369559 -0.35996112 -0.34676806
 -0.33413089 -0.32208492 -0.31070363 -0.30007255 -0.29024833 -0.28131073
 -0.27329105 -0.2661472  -0.25988279 -0.25450939 -0.24997418 -0.24619833
 -0.24311749 -0.24068518 -0.2388375  -0.23749721 -0.23670046 -0.23658493
 -0.23718174 -0.23831888 -0.23972249 -0.24120083 -0.24264332 -0.24396349
 -0.24513649 -0.24615869 -0.24703161 -0.24777171 -0.24833133 -0.24864183
 -0.24868871 -0.24838034 -0.24752768 -0.24601043 -0.2438597  -0.24114051
 -0.23785558 -0.23405176 -0.22978411 -0.22500181 -0.21966668 -0.21671427
 -0.21641349 -0.21611312 -0.21581317 -0.21551364 -0.21521452 -0.21491582]",0.131799856443989,-0.34802940573486957,0.04764548736006286,"[-0.4143964  -0.40651296 -0.39956595 -0.39344415 -0.38804953 -0.38329571
 -0.37910658 -0.36833305 -0.35236692 -0.33889776 -0.32756465 -0.31806869
 -0.31020641 -0.30381765 -0.29879798 -0.29506551 -0.29252154 -0.2911014
 -0.29070075 -0.29116011 -0.29238276 -0.29428933 -0.29674954 -0.29962465
 -0.30280614 -0.30621492 -0.30976433 -0.313366   -0.31705042 -0.32093782
 -0.3250322  -0.32914628 -0.33302093 -0.33650636 -0.33954488 -0.34210879
 -0.34423162 -0.34596189 -0.34734783 -0.34844556 -0.34924315 -0.34971225
 -0.34987824 -0.34968883 -0.34900797 -0.34778169 -0.34610467 -0.3440899
 -0.34177894 -0.33925151 -0.33658334 -0.33374175 -0.33071205 -0.33033227
 -0.33243444 -0.3342869  -0.33591931 -0.33735781 -0.33862545 -0.3397425 ]",11.999999935882412,0.9899999990000109,0.11102245506221048,"[-0.4143964  -0.41381327 -0.41323074 -0.41264884 -0.41206756 -0.4114869
 -0.41090686 -0.40294716 -0.38795224 -0.37361712 -0.35987297 -0.3466701
 -0.33402301 -0.321967   -0.31057557 -0.29993423 -0.29009964 -0.28115154
 -0.27312125 -0.26596667 -0.25969139 -0.25430701 -0.24976069 -0.24597359
 -0.24288142 -0.24043771 -0.23857859 -0.23722685 -0.23641864 -0.23629164
 -0.23687693 -0.23800252 -0.23939452 -0.24086118 -0.24229192 -0.24360025
 -0.24476136 -0.24577165 -0.24663263 -0.24736076 -0.24790834 -0.24820675
 -0.24824151 -0.24792097 -0.2470561  -0.24552662 -0.24336359 -0.24063206
 -0.23733472 -0.23351839 -0.22923815 -0.22444314 -0.2190952  -0.21612985
 -0.21581602 -0.21550249 -0.21518927 -0.21487638 -0.21456384 -0.21425161]"
2025-11-09,2025-11-09 23:52:00+00:00,open,499.0,35.0,-0.5525436164875064,0.3316531865188468,0.3316531865188468,,8.185679443297055,11.99999999128864,0.21654662282299256,"[-0.70308376 -0.70210793 -0.70113346 -0.70016034 -0.69918857 -0.69821815
 -0.69724908 -0.68969667 -0.67568211 -0.66188463 -0.64826038 -0.63475624
 -0.62134137 -0.60806289 -0.59504776 -0.58243693 -0.57033943 -0.55875614
 -0.54751992 -0.53646264 -0.52562594 -0.5151179  -0.50491134 -0.49500073
 -0.48547735 -0.47643735 -0.46791319 -0.45988283 -0.45232434 -0.44514085
 -0.43817391 -0.43131431 -0.42458884 -0.41813817 -0.41205833 -0.40630883
 -0.40075854 -0.3952921  -0.38980477 -0.38412524 -0.37809082 -0.37168562
 -0.36493563 -0.35779533 -0.35025294 -0.34235557 -0.33414634 -0.32564285
 -0.31687358 -0.30785326 -0.29853382 -0.28891881 -0.27910419 -0.27397209
 -0.27359184 -0.27321211 -0.27283291 -0.27245424 -0.2720761  -0.27169847]",0.06128001445836786,-0.5773378956978475,0.07721497024892163,"[-0.70308376 -0.67314028 -0.65032714 -0.63294643 -0.61970454 -0.6096159
 -0.60192963 -0.59004467 -0.57558293 -0.56473727 -0.55660834 -0.55050263
 -0.5459126  -0.54252067 -0.54015415 -0.53869203 -0.53801436 -0.53793209
 -0.53815463 -0.53846546 -0.53888557 -0.53948121 -0.54018454 -0.54096891
 -0.5418957  -0.54301556 -0.5443092  -0.54571675 -0.54719226 -0.54863251
 -0.54990783 -0.5509637  -0.55187972 -0.55281335 -0.55384237 -0.55490615
 -0.55588124 -0.55668924 -0.55727738 -0.55754613 -0.55743087 -0.55701239
 -0.55638315 -0.55555229 -0.5545591  -0.55348326 -0.55238141 -0.55127417
 -0.55018848 -0.54913019 -0.54804945 -0.54695729 -0.54594088 -0.54944755
 -0.55608899 -0.56114893 -0.56500396 -0.567941   -0.57017866 -0.57188346]",11.999999999632003,0.9899999999997401,0.2165925023810153,"[-0.70308376 -0.702114   -0.70114517 -0.70017727 -0.69921029 -0.69824424
 -0.6972791  -0.68973023 -0.67571879 -0.66192402 -0.64830208 -0.63479987
 -0.62138658 -0.6081093  -0.595095   -0.58248464 -0.57038725 -0.5588037
 -0.54756684 -0.53650856 -0.52567049 -0.51516077 -0.50495225 -0.49503945
 -0.48551369 -0.47647109 -0.46794411 -0.45991072 -0.45234901 -0.44516215
 -0.43819169 -0.43132843 -0.42459919 -0.41814465 -0.41206084 -0.40630728
 -0.40075286 -0.39528222 -0.38979064 -0.38410679 -0.378068   -0.37165838
 -0.36490392 -0.3577591  -0.35021211 -0.34231005 -0.334096   -0.32558753
 -0.3168131  -0.30778746 -0.29846251 -0.28884183 -0.27902138 -0.2738833
 -0.27349692 -0.27311095 -0.27272537 -0.27234019 -0.27195539 -0.27157097]"
2025-11-10,2025-11-10 22:57:00+00:00,open,553.0,20.0,-0.07556950345732183,0.5034876558103241,0.5034876558103241,,8.501198898214264,11.999999974022154,0.09040502149577143,"[ 0.10764728  0.10749787  0.10734867  0.10719968  0.10705089  0.10690232
  0.10675394  0.10798679  0.10796938  0.10281708  0.09287558  0.07885087
  0.06205263  0.04387361  0.02452303  0.00294352 -0.0216143  -0.04871741
 -0.07741548 -0.1069308  -0.13645816 -0.16484339 -0.19099102 -0.21446824
 -0.2355881  -0.25465802 -0.27144458 -0.28593488 -0.29866952 -0.31004228
 -0.32003567 -0.32848246 -0.33529221 -0.34035898 -0.34344751 -0.34461813
 -0.34450867 -0.34378574 -0.34263171 -0.34075064 -0.33781259 -0.33385565
 -0.32909875 -0.32370821 -0.31766373 -0.31077947 -0.30295117 -0.29422465
 -0.28471195 -0.27446796 -0.26356875 -0.25225568 -0.24077885 -0.23486052
 -0.23453456 -0.23420904 -0.23388398 -0.23355936 -0.2332352  -0.23291149]",11.999999999825675,-0.41917243455909536,0.0883182506407227,"[ 0.10764728  0.10691609  0.10618592  0.10545676  0.10472862  0.10400148
  0.10327535  0.10393125  0.10333769  0.09761004  0.08709398  0.07249551
  0.05512432  0.03637313  0.01645118 -0.0056989  -0.0308265  -0.05849861
 -0.08776489 -0.11784762 -0.14794161 -0.17689268 -0.20360536 -0.22764686
 -0.24933021 -0.26896283 -0.28631132 -0.30136277 -0.31465778 -0.32659012
 -0.33714232 -0.34614716 -0.35351416 -0.35913743 -0.36278167 -0.36450723
 -0.36495195 -0.36478243 -0.36418103 -0.36285184 -0.36046489 -0.35705829
 -0.35285097 -0.34800924 -0.34251281 -0.33617584 -0.32889407 -0.32071333
 -0.31174565 -0.30204591 -0.2916902  -0.28091989 -0.26998506 -0.26460797
 -0.26482249 -0.26503672 -0.26525065 -0.26546428 -0.26567762 -0.26589066]",11.999999999997424,0.9899999999675309,0.09044763780697329,"[ 0.10764728  0.10751033  0.10737406  0.10723836  0.10710301  0.10696781
  0.10683263  0.10807858  0.10807436  0.10293537  0.09300711  0.07899542
  0.06220987  0.04404313  0.02470434  0.00313606 -0.02141108 -0.04850403
 -0.07719246 -0.10669865 -0.13621727 -0.16459402 -0.19073349 -0.21420298
 -0.23531554 -0.25437858 -0.27115864 -0.28564285 -0.29837164 -0.30973864
 -0.31972626 -0.3281673  -0.33497141 -0.34003268 -0.34311576 -0.34428095
 -0.34416611 -0.34343793 -0.34227884 -0.34039291 -0.33745013 -0.33348854
 -0.328727   -0.32333178 -0.31728257 -0.31039352 -0.30256037 -0.29382892
 -0.28431119 -0.27406202 -0.26315751 -0.25183906 -0.24035681 -0.23443305
 -0.23410163 -0.23377061 -0.23343996 -0.23310961 -0.23277953 -0.23244979]"
2025-11-11,2025-11-11 23:01:00+00:00,open,558.0,18.0,-0.8130257511748287,0.4657743710766784,0.4657743710766784,,4.798674901535505,0.5948111638921847,0.07641698111579356,"[-1.4067464  -1.36787635 -1.33008031 -1.29332863 -1.25759244 -1.22284368
 -1.18905508 -1.15854201 -1.1300044  -1.09975163 -1.06761438 -1.03355146
 -0.99794413 -0.96149411 -0.92461246 -0.88736899 -0.84987272 -0.81241581
 -0.77512466 -0.73777625 -0.70012486 -0.66219209 -0.62422162 -0.58655411
 -0.54950109 -0.51321242 -0.47772018 -0.44293184 -0.40871221 -0.37506762
 -0.34213524 -0.31008528 -0.27892552 -0.24857989 -0.21926197 -0.19141533
 -0.16525382 -0.14065204 -0.11744209 -0.09560339 -0.07524567 -0.05652558
 -0.03952566 -0.02415085 -0.01017444  0.00263231  0.01447972  0.02555576
  0.0359104   0.04547868  0.05423688  0.06219699  0.06930754  0.0716154
  0.06963658  0.06771244  0.06584147  0.06402219  0.06225318  0.06053305]",0.9756108313697417,0.46219699114265494,0.03466898820790453,"[-1.4067464  -1.37508982 -1.34396945 -1.3133762  -1.28330115 -1.25373552
 -1.22467067 -1.19844858 -1.17381561 -1.14708276 -1.11806761 -1.08671492
 -1.05339348 -1.01879932 -0.98334435 -0.94710149 -0.91018344 -0.87288825
 -0.83535089 -0.79735606 -0.75866267 -0.71929558 -0.67950326 -0.63963432
 -0.60001181 -0.56079949 -0.52204392 -0.48366667 -0.44554483 -0.40769609
 -0.37026966 -0.33344929 -0.29725736 -0.26163133 -0.22679858 -0.1932202
 -0.16113125 -0.13042742 -0.10095967 -0.07272487 -0.04585048 -0.02051212
  0.00318763  0.02532411  0.04610656  0.06574907  0.08444992  0.10238745
  0.1196036   0.13602524  0.15162004  0.16639159  0.18028     0.18930893
  0.19393116  0.19847511  0.20294209  0.20733341  0.21165034  0.21589416]",0.5566394286076577,0.5018730817758367,0.036504506542427824,"[-1.4067464  -1.37324721 -1.34076872 -1.30926148 -1.27869694 -1.24895108
 -1.21990771 -1.1938827  -1.16957406 -1.14321981 -1.11459419 -1.08366645
 -1.05081957 -1.01674755 -0.98187541 -0.94625779 -0.90991703 -0.87306922
 -0.83582402 -0.79798456 -0.75938986 -0.72013507 -0.68051378 -0.6408791
 -0.60152993 -0.56263924 -0.52422871 -0.48612835 -0.44816484 -0.41040539
 -0.37304266 -0.3362457  -0.30000068 -0.2642277  -0.22916971 -0.19531489
 -0.1629356  -0.13197588 -0.10232189 -0.07397642 -0.04703998 -0.02165688
  0.00207334  0.02421321  0.04496353  0.06456021  0.08325026  0.10124271
  0.11856931  0.13510883  0.1508001   0.1656494   0.17959882  0.18869426
  0.19349251  0.19838378  0.20336797  0.20840496  0.21343654  0.21840475]"
2025-11-12,2025-11-12 22:50:00+00:00,open,549.0,41.0,-0.44860945444630396,0.24510902822276215,0.24510902822276215,,3.159386731629224,0.599726096034514,0.08288326968594185,"[-0.88570224 -0.86142704 -0.83781716 -0.81485439 -0.79252097 -0.77079966
 -0.74967369 -0.71574993 -0.67027933 -0.62748082 -0.58695692 -0.54840344
 -0.51198243 -0.47812187 -0.44689798 -0.41830522 -0.39282788 -0.37097154
 -0.3527225  -0.33762457 -0.32517482 -0.31512341 -0.30735679 -0.30179353
 -0.2986441  -0.29824605 -0.30050093 -0.304765   -0.31031657 -0.31699781
 -0.32489646 -0.33361083 -0.34252977 -0.3514866  -0.36070361 -0.37041173
 -0.38085807 -0.39238598 -0.4052021  -0.41897474 -0.43312183 -0.44742248
 -0.46193445 -0.47662232 -0.4911145  -0.50493903 -0.51787933 -0.52982834
 -0.54053121 -0.54972275 -0.55724557 -0.56291447 -0.56652387 -0.55997008
 -0.54462249 -0.52969556 -0.51517773 -0.50105781 -0.48732489 -0.47396836]",0.28041323211404173,-0.24487740487815715,0.06904235363927255,"[-0.88570224 -0.84872393 -0.81387942 -0.78104558 -0.7501064  -0.72095254
 -0.69348098 -0.65435719 -0.60528199 -0.56044162 -0.5192721  -0.48132439
 -0.44662676 -0.41547044 -0.38779351 -0.36346213 -0.34283229 -0.32627101
 -0.31362625 -0.30431945 -0.2977484  -0.2935815  -0.29163288 -0.29175624
 -0.29409993 -0.29893265 -0.30608649 -0.31486414 -0.3245164  -0.33487425
 -0.34601301 -0.35752333 -0.36880469 -0.37971344 -0.39049122 -0.40137973
 -0.41262941 -0.42457754 -0.43741557 -0.45079848 -0.46414816 -0.47726045
 -0.49021024 -0.50297705 -0.51520933 -0.52646852 -0.53658033 -0.54548149
 -0.55296367 -0.55881456 -0.56293261 -0.56519028 -0.56544259 -0.55573138
 -0.53779378 -0.52089127 -0.50496409 -0.48995599 -0.47581391 -0.46248789]",0.6028736714555625,0.989999999999286,0.08306575764748339,"[-0.88570224 -0.86159839 -0.838138   -0.81530577 -0.79308672 -0.77146443
 -0.75042204 -0.71656667 -0.67114636 -0.62837866 -0.58786736 -0.54931069
 -0.51287295 -0.47898364 -0.44771952 -0.41907557 -0.39353711 -0.37161045
 -0.35328319 -0.33810163 -0.32556572 -0.31542738 -0.30757315 -0.30192231
 -0.29868745 -0.29820845 -0.30038799 -0.30458195 -0.31006828 -0.31668898
 -0.32453147 -0.33319432 -0.3420682  -0.350988   -0.36017616 -0.36986247
 -0.38029309 -0.39181221 -0.40462662 -0.41840351 -0.43256064 -0.44687849
 -0.46141525 -0.47613556 -0.4906687  -0.50454348 -0.5175436  -0.52956087
 -0.54033987 -0.54961542 -0.55722906 -0.56299361 -0.56670149 -0.56024672
 -0.54499533 -0.53016067 -0.51573123 -0.50169566 -0.48804269 -0.47476185]"
2025-11-13,2025-11-13 23:21:00+00:00,open,515.0,51.0,-1.7538066632344318,0.165308146189739,0.165308146189739,,5.703301521220569,11.999999999999922,0.23083402778618223,"[-2.48357487 -2.48012785 -2.47668562 -2.47324817 -2.46981549 -2.46638757
 -2.46296441 -2.44781525 -2.42083525 -2.39371693 -2.36659016 -2.33954347
 -2.31265409 -2.28603917 -2.25981826 -2.23404522 -2.20875318 -2.18397991
 -2.15971386 -2.13590299 -2.11260034 -2.08995779 -2.06806565 -2.04692505
 -2.02645608 -2.00668518 -1.98794364 -1.9705908  -1.95468309 -1.94005095
 -1.92648727 -1.91383934 -1.90205302 -1.89106857 -1.88070935 -1.87069097
 -1.86072772 -1.85064785 -1.84034634 -1.82975751 -1.81877912 -1.80724757
 -1.79508232 -1.78228287 -1.76891844 -1.75507455 -1.74070941 -1.72572318
 -1.71012426 -1.69401888 -1.67753664 -1.66078401 -1.643819   -1.63415518
 -1.6318871  -1.62962216 -1.62736037 -1.62510172 -1.6228462  -1.62059381]",11.999999999999993,-3.352363726421012,0.1715509117578066,"[-2.48357487 -2.48478068 -2.48598482 -2.48718729 -2.48838809 -2.48958723
 -2.49078469 -2.48024975 -2.45787756 -2.43536066 -2.41282892 -2.39037089
 -2.36806379 -2.34602479 -2.32437346 -2.30316365 -2.28242851 -2.26220581
 -2.24248402 -2.2232111  -2.2044401  -2.1863229  -2.16894985 -2.15232206
 -2.13635964 -2.12108902 -2.10684153 -2.0939765  -2.08255037 -2.07239358
 -2.06329906 -2.05511407 -2.04778449 -2.04125061 -2.03533578 -2.02975562
 -2.02422443 -2.01857046 -2.01268872 -2.00651353 -1.99994263 -1.99281247
 -1.9850425  -1.97663223 -1.96765089 -1.958184   -1.94818979 -1.93756842
 -1.9263283  -1.91457568 -1.90244015 -1.8900282  -1.87739784 -1.87206267
 -1.87411721 -1.87616891 -1.87821776 -1.88026376 -1.88230692 -1.88434725]",11.999999999746004,0.010000000002318269,0.19613043693312215,"[-2.48357487 -2.48270725 -2.48179074 -2.48082244 -2.47979655 -2.47870792
 -2.47755421 -2.46460448 -2.43975359 -2.41469312 -2.38955172 -2.36441861
 -2.33937428 -2.31453822 -2.29003174 -2.26591015 -2.2422092  -2.21897027
 -2.19618261 -2.17379142 -2.15184757 -2.13050448 -2.10985436 -2.08989873
 -2.07055835 -2.05185975 -2.03413441 -2.01774458 -2.002753   -1.98899572
 -1.97626884 -1.96442283 -1.95340606 -1.94316504 -1.93353202 -1.92422707
 -1.91496518 -1.90557368 -1.89594528 -1.88601333 -1.87567584 -1.86476711
 -1.8532044  -1.84098612 -1.82818151 -1.8148761  -1.80102808 -1.78653851
 -1.7714169  -1.75577354 -1.73974046 -1.72342329 -1.70688027 -1.69762226
 -1.6957391  -1.69383591 -1.69191146 -1.68996564 -1.68799993 -1.68601552]"
2025-11-14,2025-11-14 23:19:00+00:00,open,519.0,3.0,-0.22285060592221484,0.3430116537571113,0.3430116537571113,,4.168059774873146,0.09204420815593556,0.03440196783935136,"[-0.32522243 -0.27135745 -0.22641386 -0.18891405 -0.15762515 -0.13151848
 -0.10973573 -0.08083342 -0.04717527 -0.02018951  0.00125121  0.01832102
  0.03210015  0.04332603  0.05251574  0.06005558  0.06626525  0.0714531
  0.07589634  0.07981463  0.0833715   0.0867144   0.08991579  0.09294338
  0.09573402  0.09822977  0.10033811  0.10194301  0.10303175  0.10372799
  0.10408422  0.10395406  0.10323096  0.1019607   0.10018985  0.09794671
  0.09527224  0.09230444  0.08933991  0.08667948  0.08446652  0.08271626
  0.08139078  0.08026654  0.07890682  0.0770327   0.07473996  0.0722811
  0.06985536  0.06756455  0.0654469   0.06355582  0.06193035  0.05598334
  0.0467111   0.03897457  0.03251941  0.02713338  0.02263941  0.01888976]",0.1251240037729756,-0.043691804542089735,0.015515486840850022,"[-0.32522243 -0.29011246 -0.25938109 -0.23248226 -0.208938   -0.18832998
 -0.17029201 -0.1436082  -0.11039498 -0.08244733 -0.05908625 -0.0394794
 -0.02279336 -0.00846613  0.00389292  0.01457977  0.02385023  0.03197099
  0.03919583  0.04573529  0.05175322  0.05740424  0.06277247  0.06783643
  0.07253996  0.07682859  0.08060966  0.08376204  0.08626512  0.08823848
  0.08973618  0.09061083  0.09074777  0.09018505  0.08896505  0.08711373
  0.08467163  0.08177978  0.07874745  0.07590086  0.07341578  0.07133881
  0.06965887  0.06817099  0.06643903  0.06416666  0.06143078  0.05847656
  0.05550721  0.05263476  0.04990921  0.04739602  0.04514734  0.03851623
  0.02826398  0.0192903   0.01143574  0.00456073 -0.0014569  -0.00672406]",0.08425203454686846,0.9899999999999999,0.039547260971988754,"[-0.32522243 -0.26630114 -0.21788601 -0.1780918  -0.1453785  -0.11848019
 -0.09635329 -0.06747048 -0.03427491 -0.00806419  0.01243471  0.02849719
  0.0412695   0.05152696  0.05980555  0.066501    0.07194026  0.07643632
  0.08026695  0.08365183  0.08674981  0.08970182  0.0925742   0.09532931
  0.09789947  0.10022078  0.10219645  0.10370838  0.10474214  0.1054161
  0.10577372  0.10566482  0.10498566  0.10378558  0.10211471  0.10000204
  0.09749297  0.09473255  0.09201366  0.08962297  0.08769164  0.08622506
  0.08517525  0.08431124  0.08319354  0.08154995  0.07949051  0.07727822
  0.07511351  0.07309605  0.0712578   0.06964096  0.06827437  0.06259085
  0.05366793  0.04635389  0.04036374  0.03545951  0.03144481  0.02815735]"
2025-11-15,2025-11-15 22:28:00+00:00,open,569.0,15.0,0.999001560123471,0.15547902010233727,0.15547902010233727,,2.4747134970733677,5.097358729666201,0.22009803564799724,"[0.18050222 0.17991301 0.17932571 0.17874033 0.17815687 0.1775753
 0.17699564 0.20564723 0.26413564 0.32350234 0.38276127 0.44152533
 0.50059239 0.56069846 0.62187329 0.68376434 0.74596694 0.80823231
 0.87031387 0.93189945 0.99269811 1.05271439 1.11246216 1.17247636
 1.23288312 1.29342808 1.35340064 1.41191416 1.46839875 1.52249159
 1.57401528 1.62302355 1.66973545 1.71474975 1.7586302  1.8013057
 1.8422401  1.88072038 1.91621663 1.94853628 1.97763986 2.00362116
 2.02661759 2.04690514 2.06499619 2.08123037 2.0955906  2.10777599
 2.11715902 2.1235153  2.12763943 2.13048784 2.13245409 2.12974819
 2.122796   2.1158665  2.10895961 2.10207528 2.09521342 2.08837395]",0.570764652166709,1.1958428659764162,0.04726163113654728,"[0.18050222 0.20972208 0.23810103 0.26566329 0.29243235 0.31843103
 0.34368152 0.39718382 0.47857074 0.55866925 0.63654507 0.71188306
 0.78554395 0.8583016  0.93021365 1.00095932 1.07017533 1.13766146
 1.20322394 1.26660945 1.32759187 1.38624351 1.44313716 1.49884975
 1.55353976 1.60698604 1.65852216 1.70732645 1.75291113 1.79500416
 1.83352399 1.86861839 1.90059461 1.93012714 1.95783612 1.98369872
 2.0072344  2.02780042 2.04495226 2.05858887 2.06876244 2.07565518
 2.07948697 2.08060944 2.07959792 2.07684099 2.07236554 2.06591725
 2.05692574 2.04523607 2.03170246 2.01731369 2.00247761 1.98344628
 1.96078033 1.93876667 1.91738653 1.89662168 1.8764544  1.85686751]",0.0760960773829054,0.2669860681063212,0.06042315387797654,"[0.18050222 0.21478648 0.24954513 0.28684327 0.32581878 0.364383
 0.40198664 0.4665862  0.55283371 0.63249241 0.70647576 0.77558309
 0.84108478 0.90436571 0.9657606  1.02493533 1.08163296 1.13578897
 1.18728567 1.23695909 1.28564727 1.33346377 1.38102895 1.42893105
 1.4774891  1.52635302 1.57406549 1.61895726 1.66049    1.69954226
 1.73764613 1.77540237 1.81256156 1.84843188 1.88220781 1.91332445
 1.94092469 1.96421665 1.98365848 2.00023648 2.01521771 2.03004275
 2.04426516 2.05673358 2.06738783 2.07646907 2.08412151 2.08975945
 2.09207167 2.09037718 2.08553667 2.07912649 2.07224579 2.06176543
 2.04921622 2.03844724 2.02850803 2.01948919 2.01240003 2.00736673]"
2025-11-16,2025-11-16 22:37:00+00:00,open,571.0,7.0,-0.1325467441532684,-0.4666850115819141,-0.4666850115819141,,3.079679217979074,0.29489768038139763,0.41710744136345745,"[-5.71195054e-01 -5.39808245e-01 -5.10146121e-01 -4.82113912e-01
 -4.55622056e-01 -4.30585910e-01 -4.06925485e-01 -3.58800396e-01
 -2.88574308e-01 -2.23241157e-01 -1.62267928e-01 -1.04990327e-01
 -5.10308027e-02 -4.91547852e-04  4.60903302e-02  8.82546735e-02
  1.25971166e-01  1.59035948e-01  1.87347797e-01  2.11273239e-01
  2.30716601e-01  2.45542880e-01  2.56439220e-01  2.64197400e-01
  2.68904628e-01  2.69934766e-01  2.66414529e-01  2.57967183e-01
  2.45144344e-01  2.28876841e-01  2.09522396e-01  1.86929457e-01
  1.61260907e-01  1.32836136e-01  1.01865738e-01  6.87212631e-02
  3.36527998e-02 -3.26141239e-03 -4.17580203e-02 -8.13669596e-02
 -1.21475970e-01 -1.61384407e-01 -2.00659027e-01 -2.39288224e-01
 -2.77295285e-01 -3.14469674e-01 -3.50472143e-01 -3.85085837e-01
 -4.18385213e-01 -4.50687940e-01 -4.82173189e-01 -5.12615564e-01
 -5.41777525e-01 -5.40482156e-01 -5.10783001e-01 -4.82715797e-01
 -4.56190867e-01 -4.31123466e-01 -4.07433502e-01 -3.85045287e-01]",0.37187904658477683,0.5126623769782236,0.21977793367752824,"[-0.57119505 -0.52369178 -0.47827047 -0.43483989 -0.39331279 -0.35360573
 -0.31563895 -0.25347157 -0.16908837 -0.08944365 -0.01406443  0.05766349
  0.12607606  0.19103288  0.25195654  0.30834177  0.36011251  0.4070208
  0.44892001  0.48613556  0.51853501  0.54594508  0.56901967  0.58852842
  0.60454273  0.6164179   0.62325375  0.62463985  0.62109665  0.61353471
  0.60230049  0.58723195  0.56848134  0.54636161  0.52107977  0.49300723
  0.46239808  0.42933576  0.39409039  0.35714283  0.31912184  0.28075151
  0.24249449  0.20439279  0.16645166  0.12890995  0.09213737  0.05638333
  0.02160537 -0.012486   -0.04604639 -0.07882756 -0.1105668  -0.1119489
 -0.08457346 -0.05839782 -0.03336941 -0.00943794  0.01344466  0.03532436]",0.1665379838771347,0.47591883568647125,0.19351809616070073,"[-0.57119505 -0.52074995 -0.47209891 -0.42518743 -0.37987676 -0.33601198
 -0.29361886 -0.22706525 -0.13966467 -0.05819856  0.01837523  0.09082813
  0.15964795  0.22517412  0.28677157  0.34352206  0.39521983  0.44190511
  0.48389745  0.52195777  0.55603826  0.58552683  0.61062393  0.63228834
  0.65087057  0.66545563  0.67528671  0.68017915  0.68045823  0.6769815
  0.67020165  0.65991007  0.64597562  0.62821529  0.60642994  0.58100051
  0.55236905  0.52066022  0.48608891  0.44916992  0.41050486  0.370848
  0.33084266  0.2904487   0.24946028  0.20819358  0.16716114  0.12660234
  0.08635625  0.04610684  0.0056779  -0.03472081 -0.0748448  -0.08582204
 -0.07100509 -0.06051665 -0.05409892 -0.05145947 -0.05225471 -0.05601895]"
2025-11-17,2025-11-17 22:54:00+00:00,open,551.0,7.0,-0.6649079977775436,0.03994439903634195,0.03994439903634195,,1.8855430388005823,0.4172630981017205,0.014853655660779806,"[-0.90992061 -0.8742921  -0.84005865 -0.80716562 -0.77556055 -0.74519299
 -0.71601449 -0.68132303 -0.64141868 -0.60308576 -0.56628315 -0.53099753
 -0.49720724 -0.4648332  -0.43382663 -0.40413209 -0.37567923 -0.34859631
 -0.3231361  -0.29938226 -0.27735302 -0.25703915 -0.23830467 -0.22097946
 -0.20488784 -0.18995429 -0.17619786 -0.16358882 -0.15212824 -0.1419235
 -0.1330131  -0.12513675 -0.11782406 -0.1107661  -0.10398714 -0.09764968
 -0.09188118 -0.08678004 -0.08247224 -0.07905889 -0.0764535  -0.07447065
 -0.07302256 -0.07211258 -0.07171169 -0.07169181 -0.07199129 -0.07271478
 -0.07394236 -0.07563589 -0.07769031 -0.07998151 -0.0824224  -0.08201526
 -0.0788039  -0.07571828 -0.07275349 -0.06990478 -0.06716761 -0.06453762]",0.3968364990489362,-0.018004068050152075,0.013776634634673674,"[-0.90992061 -0.87323689 -0.83806194 -0.80433371 -0.77199268 -0.74098181
 -0.7112464  -0.67608303 -0.63580361 -0.5971898  -0.56019347 -0.52479466
 -0.49096536 -0.45862049 -0.42770569 -0.39816023 -0.36990884 -0.34307505
 -0.31790665 -0.29448213 -0.27281477 -0.25289048 -0.23456884 -0.21767575
 -0.20203208 -0.18755928 -0.17427353 -0.16214234 -0.15116418 -0.14144386
 -0.13301716 -0.12562146 -0.11878483 -0.1121978  -0.10588436 -0.10000651
 -0.0946909  -0.09003499 -0.0861636  -0.08317648 -0.0809858  -0.0794052
 -0.07834626 -0.07781181 -0.0777723  -0.07809932 -0.07873117 -0.07977235
 -0.08130258 -0.08328336 -0.08560942 -0.08815669 -0.09083833 -0.09065904
 -0.08767081 -0.08480548 -0.082058   -0.07942352 -0.07689739 -0.07447516]",0.42173853053882376,0.9899999999999999,0.015681955335290744,"[-0.90992061 -0.87465138 -0.840741   -0.80813635 -0.77678615 -0.74664197
 -0.71765734 -0.68313074 -0.64336112 -0.60513483 -0.56841207 -0.53318046
 -0.49941957 -0.46705106 -0.43602798 -0.40629675 -0.37778845 -0.35063267
 -0.32508303 -0.30122437 -0.27907638 -0.2586312  -0.23975419 -0.22227702
 -0.2060263  -0.19092903 -0.17700599 -0.16422799 -0.15259695 -0.14222118
 -0.13313978 -0.12509279 -0.11760961 -0.11038176 -0.1034339  -0.09692889
 -0.0909952  -0.08573277 -0.08126834 -0.07770205 -0.07494648 -0.07281663
 -0.07122562 -0.07017794 -0.06964549 -0.06950061 -0.06968218 -0.07029443
 -0.07141634 -0.07300916 -0.07496802 -0.07717    -0.07952886 -0.07904581
 -0.07576195 -0.07260651 -0.06957467 -0.06666197 -0.06386401 -0.0611765 ]"
2025-11-19,2025-11-19 23:12:00+00:00,open,542.0,5.0,0.5420104465338795,0.504623542341438,0.504623542341438,,5.6157162751551155,0.1260626955923296,0.08514238622816286,"[0.80389401 0.70433781 0.6171109  0.54068638 0.47372645 0.41505901
 0.36365709 0.3209309  0.28562097 0.25459638 0.22757395 0.20440601
 0.18493987 0.16885625 0.15558989 0.14446921 0.13492378 0.12655806
 0.11905685 0.1120252  0.10499705 0.09778533 0.09050894 0.08318695
 0.07577572 0.06838751 0.06118953 0.05428456 0.0477697  0.0419054
 0.03713741 0.03375065 0.03151993 0.02999728 0.02898721 0.02856791
 0.0289245  0.0302414  0.03268423 0.03631602 0.0409851  0.04640427
 0.05229668 0.05836294 0.06419618 0.06934327 0.07354404 0.07698676
 0.0800938  0.08313371 0.08612436 0.08878544 0.09073591 0.0856934
 0.07508092 0.06578271 0.05763602 0.05049824 0.04424441 0.03876508]",0.18828376965385937,-0.12941948643369472,0.044708053839932996,"[ 0.80389401  0.72482914  0.65246218  0.58622573  0.52560045  0.47011099
  0.41932226  0.37517932  0.33696435  0.30189672  0.26996202  0.24125029
  0.21582044  0.19353774  0.17398705  0.15660757  0.14090363  0.12652814
  0.1131959   0.10052517  0.0880433   0.07554186  0.06312038  0.05078437
  0.03847572  0.02629492  0.01440496  0.00291053 -0.0080859  -0.01831206
 -0.02729609 -0.03471206 -0.04074596 -0.04582652 -0.05014583 -0.0536243
 -0.05606952 -0.05728237 -0.05707661 -0.05536489 -0.05227844 -0.04809562
 -0.04309734 -0.03759817 -0.03203368 -0.02690167 -0.02251928 -0.01875232
 -0.01521307 -0.01164957 -0.00805328 -0.00471823 -0.00205359 -0.00646749
 -0.01688326 -0.02641667 -0.03514247 -0.04312907 -0.05043909 -0.05712985]",0.12116680039945635,0.9899999999999999,0.08896940908977434,"[0.80389401 0.70285456 0.61474089 0.53788127 0.47082061 0.41229394
 0.36120451 0.31890429 0.28407805 0.25356607 0.22706971 0.20442789
 0.18547663 0.16988849 0.1570883  0.14639611 0.13723796 0.12921645
 0.12201719 0.11524958 0.10845482 0.1014534  0.09436663 0.08721441
 0.0799585  0.07272058 0.065673   0.05891758 0.0525503  0.04683445
 0.04221491 0.0389689  0.03686516 0.03545503 0.03454484 0.03421424
 0.03464941 0.03603459 0.03853536 0.04221176 0.04690411 0.05231929
 0.05817885 0.06418752 0.06994983 0.07502351 0.07915503 0.08253593
 0.08558814 0.08857768 0.09151978 0.0941307  0.09602688 0.09093752
 0.0803268  0.07108091 0.06302796 0.05601589 0.04991106 0.04459583]"
2025-11-20,2025-11-20 23:14:00+00:00,open,494.0,22.0,0.412538352871449,0.19241405341951712,0.19241405341951712,,1.3660038659647635,0.23420357486880888,0.14474801578083166,"[ 9.68910738e-01  9.02356188e-01  8.40373275e-01  7.82647973e-01
  7.28887826e-01  6.78820468e-01  6.32192240e-01  5.97769035e-01
  5.74521827e-01  5.53005095e-01  5.33478410e-01  5.16181665e-01
  5.00973111e-01  4.87550193e-01  4.75581919e-01  4.64841482e-01
  4.55276117e-01  4.46726410e-01  4.38921307e-01  4.31554198e-01
  4.24068610e-01  4.15734837e-01  4.06074183e-01  3.94989896e-01
  3.82660069e-01  3.69356672e-01  3.55247338e-01  3.40347369e-01
  3.24547213e-01  3.07776400e-01  2.90005370e-01  2.71275851e-01
  2.51879720e-01  2.32080510e-01  2.11966031e-01  1.91786878e-01
  1.71946879e-01  1.52626919e-01  1.33836064e-01  1.15570943e-01
  9.77348116e-02  8.04670306e-02  6.43138604e-02  4.97275237e-02
  3.68255318e-02  2.56365101e-02  1.60928122e-02  7.89532649e-03
  7.66867640e-04 -5.29980556e-03 -1.02189939e-02 -1.40168865e-02
 -1.66788656e-02 -1.70879197e-02 -1.59141492e-02 -1.48210051e-02
 -1.38029492e-02 -1.28548236e-02 -1.19718248e-02 -1.11494793e-02]",0.29287213064029843,-0.11863361672427158,0.13767671364996134,"[ 0.96891074  0.9087492   0.85191572  0.79822619  0.7475067   0.69959294
  0.65432971  0.62061493  0.59766027  0.57610977  0.55626643  0.5384155
  0.52245871  0.50813102  0.49513261  0.48326187  0.47248813  0.46267179
  0.45355713  0.44484824  0.43599304  0.42625658  0.41514635  0.40254879
  0.38862675  0.37364126  0.35775279  0.34097112  0.32318077  0.3043041
  0.2843044   0.26321635  0.24132746  0.21890166  0.19602924  0.17296504
  0.15012188  0.12769362  0.10570235  0.08415718  0.06297252  0.04229776
  0.02269383  0.00463446 -0.01173879 -0.02637392 -0.03931641 -0.05084704
 -0.0612302  -0.07046305 -0.07844934 -0.0852049  -0.09070574 -0.09382016
 -0.09519281 -0.09648953 -0.09771451 -0.09887173 -0.09996493 -0.10099766]",0.22587931660287314,0.9899999999999999,0.14791425569812103,"[ 9.68910738e-01  9.01177167e-01  8.38279284e-01  7.79867554e-01
  7.25619831e-01  6.75239235e-01  6.28450111e-01  5.93991003e-01
  5.70785543e-01  5.49368688e-01  5.29990865e-01  5.12884217e-01
  4.97900480e-01  4.84734269e-01  4.73053157e-01  4.62626148e-01
  4.53394141e-01  4.45191896e-01  4.37745636e-01  4.30745282e-01
  4.23630826e-01  4.15671275e-01  4.06387434e-01  3.95685132e-01
  3.83744744e-01  3.70838198e-01  3.57134210e-01  3.42648216e-01
  3.27269069e-01  3.10925586e-01  2.93588782e-01  2.75301406e-01
  2.56358529e-01  2.37027372e-01  2.17395521e-01  1.97709744e-01
  1.78368551e-01  1.59547996e-01  1.41253879e-01  1.23482238e-01
  1.06137464e-01  8.93585350e-02  7.36895608e-02  5.95811623e-02
  4.71487103e-02  3.64155582e-02  2.73101263e-02  1.95318168e-02
  1.28032010e-02  7.12028016e-03  2.57149880e-03 -8.71839369e-04
 -3.19896371e-03 -3.29560403e-03 -1.83714647e-03 -4.88002655e-04
  7.58917151e-04  1.91263405e-03  2.98232218e-03  3.97541377e-03]"
2025-11-21,2025-11-22 00:05:00+00:00,open,477.0,42.0,-1.2097207999697144,-0.07466167368837873,-0.07466167368837873,,4.004570530232576,11.999999998586473,0.18093083700942728,"[-1.19575078 -1.19409117 -1.19243386 -1.19077885 -1.18912614 -1.18747572
 -1.18582759 -1.1910878  -1.20225403 -1.21144504 -1.2187639  -1.22437866
 -1.22846008 -1.23120861 -1.23285209 -1.23365649 -1.23391832 -1.23384312
 -1.23357698 -1.23326533 -1.23301683 -1.23295953 -1.23322911 -1.2339053
 -1.23500779 -1.23650685 -1.2382921  -1.24011405 -1.24160254 -1.24239263
 -1.24225092 -1.2410813  -1.23883913 -1.23543902 -1.23075422 -1.22468083
 -1.21716418 -1.20814985 -1.19755673 -1.18533893 -1.171511   -1.15621686
 -1.13984438 -1.12288398 -1.10567427 -1.08838662 -1.07110559 -1.0538377
 -1.03653076 -1.01913375 -1.00160899 -0.98396382 -0.96629507 -0.95680916
 -0.95548118 -0.95415504 -0.95283075 -0.95150829 -0.95018767 -0.94886888]",0.5625235905147403,-1.3301978661828031,0.1540146987139274,"[-1.19575078 -1.1996758  -1.20348623 -1.20718542 -1.21077662 -1.21426297
 -1.21764755 -1.22777483 -1.24340045 -1.25663767 -1.26765544 -1.27668168
 -1.2839406  -1.28967947 -1.29416548 -1.29769614 -1.30059052 -1.30306872
 -1.30528658 -1.30739475 -1.30950343 -1.31173911 -1.31423201 -1.31705354
 -1.32021395 -1.32367451 -1.32731788 -1.33089277 -1.33403602 -1.33640018
 -1.33777728 -1.33810035 -1.33735472 -1.33548576 -1.33239967 -1.32802791
 -1.32235232 -1.31535521 -1.30699312 -1.29725867 -1.28620416 -1.27400831
 -1.26108554 -1.24793897 -1.23490769 -1.22215671 -1.20976097 -1.19771633
 -1.18596102 -1.17443632 -1.1630982  -1.15194851 -1.14107723 -1.13860532
 -1.14419863 -1.14962864 -1.15490014 -1.16001774 -1.16498594 -1.1698091 ]",11.99999999997918,0.010000000000467232,0.17325374734548282,"[-1.19575078 -1.19445584 -1.19319816 -1.19197405 -1.19077911 -1.1896068
 -1.18845205 -1.19421871 -1.20589964 -1.21560851 -1.22344644 -1.2295797
 -1.23417865 -1.23744285 -1.23959689 -1.24090521 -1.24166387 -1.24207775
 -1.24229307 -1.24245501 -1.24266968 -1.24306531 -1.24378058 -1.24489683
 -1.24643473 -1.24836552 -1.25058098 -1.25283407 -1.25475598 -1.25598233
 -1.2562811  -1.2555575  -1.25376672 -1.25082294 -1.2465959  -1.24097246
 -1.23388937 -1.22528836 -1.21508692 -1.20323928 -1.18975989 -1.17479198
 -1.15872273 -1.14204192 -1.12508757 -1.10803006 -1.09095274 -1.07386104
 -1.05670231 -1.03942635 -1.02199645 -1.00442048 -0.98679583 -0.97733008
 -0.97599974 -0.97464797 -0.97327276 -0.97187312 -0.97044777 -0.96899764]"
2025-11-22,2025-11-23 00:00:00+00:00,open,477.0,17.0,-0.6270845376682352,-0.2464122811408611,-0.2464122811408611,,0.7341760708641425,11.999999999994333,0.2942887914730321,"[-0.440093   -0.43948219 -0.43887222 -0.4382631  -0.43765482 -0.43704739
 -0.4364408  -0.43398166 -0.42994832 -0.42655438 -0.42400533 -0.42252042
 -0.42221558 -0.4231217  -0.42521117 -0.42834569 -0.43231862 -0.4368707
 -0.44173577 -0.44675819 -0.4518972  -0.45709025 -0.46219641 -0.46705049
 -0.47137132 -0.47470846 -0.47665633 -0.47706736 -0.47598533 -0.4735172
 -0.46980678 -0.46497175 -0.45910766 -0.45231947 -0.44460862 -0.43585566
 -0.42601463 -0.41517673 -0.40346891 -0.3910147  -0.37791923 -0.36425184
 -0.3500167  -0.33516019 -0.31965602 -0.30352423 -0.28684189 -0.26976821
 -0.25244744 -0.23495406 -0.21731099 -0.19949411 -0.18147292 -0.17229109
 -0.17205196 -0.17181316 -0.1715747  -0.17133657 -0.17109876 -0.17086129]",0.5019952267061158,-0.8728269417215937,0.05144997648560843,"[-0.440093   -0.45422425 -0.46789404 -0.48111743 -0.49390899 -0.50628284
 -0.51825261 -0.5279976  -0.53588267 -0.54413453 -0.5529445  -0.56251121
 -0.57292508 -0.58419044 -0.59625368 -0.60895394 -0.62206841 -0.63532928
 -0.6484708  -0.66134448 -0.67391938 -0.68614352 -0.69788963 -0.70901057
 -0.71924911 -0.72818966 -0.7354746  -0.74101167 -0.74489911 -0.74729418
 -0.74838533 -0.74832905 -0.74725544 -0.74529957 -0.7424899  -0.73873537
 -0.73402065 -0.72846562 -0.72222127 -0.7154305  -0.70821354 -0.70065158
 -0.69275896 -0.68449287 -0.67583896 -0.66682882 -0.65754931 -0.64816535
 -0.63882157 -0.62958949 -0.62048764 -0.61148773 -0.60255623 -0.60263928
 -0.61146246 -0.61999752 -0.62825385 -0.63624057 -0.64396647 -0.65144008]",11.999999999996444,0.9899999999999676,0.2945214382536082,"[-0.440093   -0.43947662 -0.43886095 -0.43824601 -0.43763181 -0.43701835
 -0.43640558 -0.43394009 -0.42990023 -0.42649962 -0.42394373 -0.42245184
 -0.42213988 -0.42303876 -0.42512086 -0.42824792 -0.43221331 -0.43675781
 -0.44161536 -0.44663036 -0.45176209 -0.45694798 -0.46204706 -0.46689413
 -0.47120802 -0.47453823 -0.47647916 -0.47688325 -0.47579431 -0.47331931
 -0.46960204 -0.46476015 -0.4588892  -0.45209412 -0.44437633 -0.4356164
 -0.42576836 -0.41492344 -0.40320854 -0.39074721 -0.37764454 -0.36396986
 -0.34972732 -0.33486328 -0.31935144 -0.30321187 -0.28652163 -0.2694399
 -0.25211094 -0.2346092  -0.21695762 -0.19913203 -0.18110191 -0.17191096
 -0.1716625  -0.17141416 -0.17116595 -0.17091785 -0.17066982 -0.17042185]"
2025-11-24,2025-11-24 23:49:00+00:00,open,494.0,22.0,0.22967627789389233,0.25521777962471504,0.25521777962471504,,4.175693764502791,0.40770733912844065,0.30369624573603377,"[ 9.51036796e-01  9.12943284e-01  8.76375596e-01  8.41272617e-01
  8.07575678e-01  7.75228461e-01  7.44176902e-01  7.21355771e-01
  7.04543242e-01  6.84642738e-01  6.61514744e-01  6.35355858e-01
  6.06532602e-01  5.75341376e-01  5.42050286e-01  5.06927406e-01
  4.70273742e-01  4.32417945e-01  3.93647064e-01  3.54177868e-01
  3.14213324e-01  2.73982150e-01  2.33628029e-01  1.93208626e-01
  1.52964478e-01  1.13318625e-01  7.45716092e-02  3.68894573e-02
  4.95312073e-04 -3.42987430e-02 -6.71972761e-02 -9.79930757e-02
 -1.26559194e-01 -1.52807152e-01 -1.76624588e-01 -1.97879388e-01
 -2.16442651e-01 -2.32150644e-01 -2.44834799e-01 -2.54432309e-01
 -2.61025144e-01 -2.64742270e-01 -2.65637718e-01 -2.63798762e-01
 -2.59456726e-01 -2.52867168e-01 -2.44289374e-01 -2.33971810e-01
 -2.22069211e-01 -2.08767832e-01 -1.94377512e-01 -1.79198510e-01
 -1.63472148e-01 -1.52419609e-01 -1.46314484e-01 -1.40453898e-01
 -1.34828057e-01 -1.29427557e-01 -1.24243372e-01 -1.19266839e-01]",1.2664104468689323,-1.247836873306257,0.09135062351306655,"[ 0.9510368   0.92228798  0.89391504  0.86591306  0.83827719  0.81100263
  0.78408467  0.76456987  0.75051637  0.73283384  0.71130233  0.68603942
  0.6573426   0.62544915  0.59057652  0.55295016  0.51283668  0.47053965
  0.42632997  0.3804154   0.33299555  0.28430182  0.23448613  0.1836166
  0.13194739  0.07992492  0.02788339 -0.02397211 -0.07537482 -0.12596208
 -0.17537989 -0.22335626 -0.26969579 -0.31423961 -0.35680327 -0.39717999
 -0.43516362 -0.47051028 -0.5029675  -0.53238621 -0.55876358 -0.58214819
 -0.6025174  -0.61988413 -0.63441084 -0.64629223 -0.65573434 -0.66294039
 -0.66802607 -0.67114319 -0.67257459 -0.67260274 -0.67145863 -0.67440586
 -0.68190309 -0.6893023  -0.69660477 -0.70381176 -0.71092453 -0.7179443 ]",0.4028855775424927,0.9899999999811612,0.30879994382786324,"[ 0.9510368   0.91314649  0.87680588  0.84195164  0.80852136  0.77645495
  0.74569469  0.72317061  0.70665369  0.68704537  0.6642057   0.6383307
  0.6097867   0.57887037  0.54584968  0.510993    0.47460156  0.43700287
  0.39848313  0.35925925  0.31953366  0.27953404  0.23940305  0.19919779
  0.15915902  0.11970982  0.0811501   0.04364527  0.0074185  -0.02721831
 -0.05997049 -0.09063148 -0.11907401 -0.1452087  -0.16892277 -0.19008429
 -0.20856405 -0.22419761 -0.23681585 -0.24635522 -0.25289759 -0.25657237
 -0.25743349 -0.25556748 -0.25120491 -0.24460058 -0.2360129  -0.22568934
 -0.21378384 -0.20048237 -0.18609422 -0.1709194  -0.15519919 -0.14415361
 -0.13805282 -0.13219286 -0.12656366 -0.12115617 -0.11596164 -0.11097117]"
2025-11-25,2025-11-25 23:02:00+00:00,open,546.0,6.0,1.8309428201899518,0.10255622178695845,0.10255622178695845,,7.128748104040986,0.5752399351950177,0.11902161489586802,"[2.12935448 2.06854499 2.00947208 1.95208615 1.89633904 1.84218393
 1.78957538 1.74517843 1.70867522 1.67326591 1.63902121 1.6057823
 1.5732048  1.54100138 1.5092398  1.47841559 1.4489277  1.42075486
 1.39375291 1.36754414 1.34152043 1.31536388 1.28898465 1.2621745
 1.23452314 1.20551953 1.17494436 1.14319399 1.11094116 1.07841087
 1.04526851 1.01120295 0.97613241 0.93993744 0.90249128 0.86374913
 0.82366858 0.78233335 0.7399279  0.69650353 0.65210002 0.60692375
 0.56141522 0.51630295 0.47237242 0.43006619 0.38932618 0.34997544
 0.31216005 0.27622387 0.24246336 0.21091125 0.18130068 0.16460942
 0.15990855 0.15534193 0.15090572 0.14659619 0.14240974 0.13834285]",0.3385853507422986,0.49244834929048426,0.05028356432431368,"[2.12935448 2.05072974 1.97588154 1.90462848 1.8367979  1.77222538
 1.71075445 1.65890051 1.61607442 1.57535661 1.53674648 1.500018
 1.46476815 1.43066045 1.39771855 1.36639009 1.3370182  1.30952509
 1.2837151  1.25916565 1.23523667 1.21158969 1.18811841 1.16460159
 1.14062268 1.11567417 1.08954822 1.06265045 1.03565058 1.00876075
 0.98163602 0.95396295 0.92566097 0.89661333 0.8666988  0.83587935
 0.80411976 0.77151068 0.73823997 0.70435961 0.66990973 0.63509462
 0.60034657 0.56637467 0.53393026 0.50341065 0.47471104 0.44761348
 0.42222559 0.39884908 0.37773384 0.35886444 0.34193098 0.33780087
 0.34522898 0.3523003  0.35903197 0.36544029 0.37154081 0.37734831]",0.3048200910295873,0.7910090439617384,0.049427216122299514,"[2.12935448 2.05022834 1.97510276 1.90378557 1.8360922  1.77180636
 1.71068416 1.65913014 1.61644108 1.57572424 1.53703286 1.50015152
 1.46474977 1.43053657 1.3974986  1.36604345 1.33650334 1.30884202
 1.28290663 1.25826094 1.23420063 1.21031856 1.18651255 1.1626464
 1.13839687 1.1133094  1.08719702 1.06045411 1.03372352 1.00719204
 0.98047624 0.95321766 0.92530615 0.89659631 0.86697604 0.83646968
 0.80507287 0.7728356  0.73992887 0.70646534 0.67251812 0.6382636
 0.60409016 0.5706439  0.5386093  0.50834414 0.47968448 0.45233827
 0.42637659 0.40213362 0.38000081 0.36012053 0.34224936 0.3372324
 0.3437406  0.34985807 0.35563346 0.36109683 0.36625031 0.37101829]"
2025-11-26,2025-11-26 23:00:00+00:00,open,561.0,2.0,-0.10849844307891843,0.014739623166970972,0.014739623166970972,,7.874589330087872,0.012125434252582787,0.19319190465032912,"[-1.27512635e-01 -3.22557318e-02 -8.16994362e-03 -2.06734153e-03
 -5.23600980e-04 -1.32407342e-04 -3.16430714e-05  7.54117262e-03
  1.40040706e-02  1.49650239e-02  1.43246884e-02  1.34473756e-02
  1.28523840e-02  1.23691252e-02  1.17983306e-02  1.11528054e-02
  1.04493934e-02  9.48192646e-03  8.31361733e-03  7.30337320e-03
  6.54908466e-03  6.09108573e-03  5.97480884e-03  6.10980184e-03
  6.39957445e-03  6.87283209e-03  7.44596253e-03  7.97149293e-03
  8.45602826e-03  8.94821555e-03  9.46811197e-03  9.95487629e-03
  1.03767307e-02  1.06259049e-02  1.06213504e-02  1.05874445e-02
  1.06694268e-02  1.07443746e-02  1.07413063e-02  1.07100970e-02
  1.05635306e-02  1.02083818e-02  9.75463321e-03  9.33660295e-03
  9.02621479e-03  8.84230268e-03  8.82614935e-03  8.99333070e-03
  9.25925645e-03  9.53358568e-03  9.74603744e-03  9.83561589e-03
  9.89563203e-03  5.31265076e-03  1.36347117e-03  3.45431714e-04
  8.73088013e-05  2.20788278e-05  5.62722980e-06  1.45365665e-06]",6.695133244711814,-4.999999999999974,0.08820796367581192,"[-0.12751263 -0.13962698 -0.1517112  -0.16376537 -0.17578958 -0.18778389
 -0.19974838 -0.20024584 -0.18981966 -0.18063639 -0.17305404 -0.16688134
 -0.16148174 -0.15667962 -0.15269005 -0.14962793 -0.14755914 -0.14686605
 -0.14787029 -0.15025626 -0.1535815  -0.15744752 -0.16135898 -0.16498068
 -0.16813856 -0.17059333 -0.17220423 -0.17308911 -0.1733288  -0.17289278
 -0.17173853 -0.16991689 -0.16754439 -0.16486923 -0.16227954 -0.15979451
 -0.15717055 -0.15442918 -0.15172311 -0.14908607 -0.14667219 -0.14481027
 -0.14362841 -0.14302269 -0.14281768 -0.1428249  -0.1428099  -0.14250772
 -0.14179672 -0.14070101 -0.13932812 -0.13786664 -0.13643835 -0.14178509
 -0.15386395 -0.16591277 -0.17793164 -0.18992062 -0.2018798  -0.21380925]",0.010000000001311064,0.9899999999999992,0.19659512002416263,"[-0.12751263 -0.02161995 -0.00143373  0.0025837   0.00347678  0.0037317
  0.00388557  0.01101927  0.01625603  0.01670739  0.01616644  0.01560069
  0.01530251  0.01503984  0.01462624  0.01410386  0.01348867  0.0126177
  0.01157913  0.01073423  0.01012975  0.0097553   0.00964546  0.00971803
  0.00989981  0.01022091  0.01067758  0.0111375   0.01156053  0.01202037
  0.01253655  0.01302478  0.01345551  0.01379222  0.01395327  0.01409538
  0.01433145  0.01454557  0.01467184  0.01474186  0.01469407  0.0144631
  0.0141678   0.01395223  0.01387442  0.01391086  0.01406905  0.01437204
  0.01475648  0.01513204  0.01543276  0.01561693  0.01577077  0.01169325
  0.00860574  0.00811474  0.00809515  0.00815105  0.00822177  0.00829035]"
2025-11-27,2025-11-27 23:20:00+00:00,open,520.0,15.0,-0.35587828012568146,0.3351987707497397,0.3351987707497397,,8.071833823465683,0.010015156828943462,0.50511948765996,"[-8.18195765e-02 -1.55052151e-02 -2.93782224e-03 -5.56537383e-04
 -1.05529561e-04 -1.99712175e-05  1.27852064e-06  2.65292786e-03
  4.42404060e-03  4.37557976e-03  4.10318051e-03  3.94690159e-03
  3.74631115e-03  3.23701622e-03  2.62869587e-03  2.32739134e-03
  2.39835667e-03  2.74266512e-03  3.32886464e-03  4.18861511e-03
  5.20678410e-03  6.03395503e-03  6.56807104e-03  7.04748592e-03
  7.56344263e-03  7.99683977e-03  8.29505832e-03  8.55428681e-03
  8.89096452e-03  9.21443923e-03  9.38038727e-03  9.43542691e-03
  9.41558512e-03  9.27023794e-03  8.90642963e-03  8.30154725e-03
  7.56009083e-03  6.75333710e-03  5.92251721e-03  5.20651643e-03
  4.75620756e-03  4.51812673e-03  4.29342109e-03  3.95908928e-03
  3.57967644e-03  3.19880552e-03  2.70304183e-03  2.14470511e-03
  1.67969212e-03  1.32669914e-03  1.05534738e-03  8.59763405e-04
  7.48364006e-04  3.57213471e-04  6.79540107e-05  1.28844364e-05
  2.49232845e-06  5.01051502e-07  1.00730146e-07  2.05758093e-08]",0.39205059611225523,-0.8836188616747442,0.07655362246681978,"[-0.08181958 -0.11519092 -0.14717334 -0.17782462 -0.20720018 -0.23535312
 -0.26233431 -0.28398801 -0.30097504 -0.31801586 -0.33492086 -0.35137254
 -0.36743909 -0.38368413 -0.4003173  -0.41674584 -0.43230216 -0.44659232
 -0.45929235 -0.4700209  -0.47858546 -0.48542486 -0.49117341 -0.49595102
 -0.49967609 -0.50253406 -0.50481278 -0.50660035 -0.50776244 -0.50832485
 -0.50860779 -0.50882491 -0.50907437 -0.5095624  -0.51064622 -0.51271658
 -0.51595099 -0.52038034 -0.52599175 -0.53254217 -0.53952315 -0.54654315
 -0.55360601 -0.56093098 -0.56859433 -0.576556   -0.58499403 -0.59402578
 -0.60344023 -0.61301282 -0.62261292 -0.63211945 -0.64139278 -0.65090159
 -0.66058741 -0.66987011 -0.67876646 -0.68729253 -0.69546375 -0.70329487]",0.010000000293439672,0.9899999999999118,0.5091761091203177,"[-0.08181958 -0.01182168  0.00147654  0.00401119  0.00448173  0.00461635
  0.00475435  0.0074517   0.00928482  0.00922189  0.00888004  0.00858179
  0.0081881   0.00750796  0.00682452  0.00649323  0.00649479  0.00674607
  0.00724427  0.0080272   0.00897283  0.00972727  0.01020984  0.01066863
  0.01120666  0.01168563  0.01203444  0.01237127  0.01281011  0.01325129
  0.01354316  0.01370513  0.01377199  0.01368134  0.01335684  0.01280046
  0.01212967  0.01138441  0.01060525  0.00996516  0.00958851  0.00939236
  0.0091678   0.00880531  0.00838686  0.00795666  0.00739347  0.00679033
  0.00632239  0.00597914  0.00570672  0.00550211  0.00538126  0.00496
  0.00462403  0.00453319  0.00448278  0.00442119  0.00435157  0.00429773]"
2025-11-28,2025-11-28 23:03:00+00:00,open,545.0,18.0,-0.1608435805973638,0.8446796477165996,0.8446796477165996,,5.08870548853433,0.010008299365491996,0.17452172618856596,"[-1.06363249e-01 -2.01334320e-02 -3.81044600e-03 -7.21058285e-04
 -1.36505184e-04 -2.58918330e-05 -2.97183296e-06  4.20052565e-03
  7.10409485e-03  7.08478277e-03  6.35695232e-03  5.49118134e-03
  4.74273108e-03  4.15687050e-03  3.69672819e-03  3.39747306e-03
  3.31278704e-03  3.42587231e-03  3.70992691e-03  4.18314746e-03
  4.76804997e-03  5.30133945e-03  5.81179412e-03  6.49521083e-03
  7.43897210e-03  8.56801151e-03  9.73462843e-03  1.07983589e-02
  1.17500196e-02  1.26837341e-02  1.35777214e-02  1.43101618e-02
  1.47891751e-02  1.49896748e-02  1.49440737e-02  1.46935604e-02
  1.42988803e-02  1.38485762e-02  1.33817269e-02  1.28575446e-02
  1.22597389e-02  1.16629979e-02  1.11197918e-02  1.05792950e-02
  9.98239536e-03  9.36578426e-03  8.80225820e-03  8.33033610e-03
  7.95420405e-03  7.63946221e-03  7.36604794e-03  7.15567207e-03
  6.97404612e-03  3.39433018e-03  6.39674541e-04  1.21369924e-04
  2.28757892e-05  4.28354076e-06  8.52746645e-07  1.76757112e-07]",6.36256369699778,-4.999999999080861,0.08967730882861631,"[-0.10636325 -0.1191653  -0.13193387 -0.14466902 -0.15737087 -0.17003948
 -0.18267496 -0.1885065  -0.18802004 -0.18865955 -0.19074924 -0.19434621
 -0.19918319 -0.20494868 -0.21144118 -0.21839786 -0.22544536 -0.23224647
 -0.23852815 -0.24397604 -0.24839529 -0.25190572 -0.25458598 -0.25612225
 -0.25603993 -0.25402988 -0.25005458 -0.24432242 -0.23705167 -0.22826222
 -0.21799953 -0.20655423 -0.19437551 -0.1819429  -0.16966718 -0.15788074
 -0.14681786 -0.13655468 -0.12709682 -0.1185367  -0.11100993 -0.10450968
 -0.09892114 -0.09423314 -0.09055625 -0.08792973 -0.08624745 -0.08534203
 -0.08504656 -0.08525837 -0.0859181  -0.08691927 -0.08815361 -0.09524639
 -0.10807752 -0.12087509 -0.13363918 -0.14636988 -0.15906727 -0.17173145]",0.010000000000053333,0.9899999999999999,0.18264802307546102,"[-0.10636325 -0.01495623  0.00252123  0.00602183  0.00684997  0.0071547
  0.00730341  0.01162692  0.01471681  0.01478647  0.01413566  0.01334708
  0.01266563  0.01217114  0.01184035  0.01164386  0.01159678  0.01168961
  0.01191674  0.0123282   0.01287932  0.01339269  0.01389446  0.01459275
  0.0155747   0.01677935  0.01806864  0.01929061  0.02043307  0.02157407
  0.02267249  0.02360983  0.0242999   0.02470512  0.02484803  0.02477408
  0.02456691  0.0243292   0.02407236  0.02372799  0.02327763  0.02281653
  0.02239968  0.02197454  0.0214802   0.02096568  0.02050403  0.02012053
  0.01981627  0.01957295  0.01937372  0.01924172  0.01922328  0.01562667
  0.01301318  0.0125985   0.01260917  0.01269751  0.01279843  0.01290787]"
2025-11-29,2025-11-29 23:57:00+00:00,open,490.0,8.0,-0.4723907834705585,0.34536896062604683,0.34536896062604683,,4.868796508548159,0.010988531952148795,0.49923179568568304,"[-2.82597593e-01 -6.20308956e-02 -1.36181853e-02 -2.99228104e-03
 -6.57266838e-04 -1.44202509e-04 -1.18125105e-04  4.42804146e-03
  8.01468273e-03  8.60841425e-03  8.69020041e-03  8.79491645e-03
  9.03851252e-03  9.34380227e-03  9.58867533e-03  9.85756706e-03
  1.03068956e-02  1.08884314e-02  1.14495549e-02  1.18868659e-02
  1.21716342e-02  1.23627796e-02  1.25097341e-02  1.26095095e-02
  1.26400883e-02  1.26161877e-02  1.25339735e-02  1.23783918e-02
  1.22251091e-02  1.21322884e-02  1.20493453e-02  1.19342857e-02
  1.18059571e-02  1.16419647e-02  1.14639387e-02  1.13863371e-02
  1.14398294e-02  1.15420015e-02  1.16457687e-02  1.17589075e-02
  1.18234464e-02  1.17936250e-02  1.17385944e-02  1.17045693e-02
  1.16409695e-02  1.15061858e-02  1.13038376e-02  1.10421047e-02
  1.07396200e-02  1.03829136e-02  9.91963924e-03  9.37165517e-03
  8.74494695e-03  4.35814682e-03  9.54608313e-04  2.09934127e-04
  4.59783899e-05  1.00608261e-05  2.24772394e-06  5.15741212e-07]",0.07383046210630198,-0.5580886371952353,0.12165244593848565,"[-0.28259759 -0.33826782 -0.38268841 -0.41813264 -0.44641444 -0.46898115
 -0.48698767 -0.49483662 -0.49531343 -0.49606152 -0.49676969 -0.49720654
 -0.49719277 -0.49673647 -0.4960497  -0.49515077 -0.49378802 -0.49186256
 -0.48955481 -0.48714254 -0.48486984 -0.48282826 -0.48101188 -0.47943662
 -0.47815342 -0.47717808 -0.47652253 -0.47623065 -0.47621666 -0.47631647
 -0.47649823 -0.476807   -0.47723278 -0.47779988 -0.47850682 -0.47916347
 -0.47957778 -0.47974817 -0.47974244 -0.47958132 -0.4793674  -0.47926167
 -0.47926833 -0.47931332 -0.47943526 -0.47973164 -0.4802605  -0.48105313
 -0.48210789 -0.48344218 -0.48515778 -0.4872994  -0.48975914 -0.49803134
 -0.5101675  -0.51985123 -0.5275781  -0.53374356 -0.53866312 -0.54258856]",11.999999698335605,0.9899999999999586,0.6293262066342588,"[-0.28259759 -0.28219044 -0.28178389 -0.281378   -0.28097278 -0.28056828
 -0.28016452 -0.27274624 -0.25860671 -0.24490286 -0.23134777 -0.21767327
 -0.20361845 -0.18908483 -0.17420767 -0.1589641  -0.14302889 -0.12618098
 -0.10849208 -0.09018554 -0.07151174 -0.05260845 -0.03352143 -0.01431876
  0.00488906  0.02401668  0.04298313  0.06166736  0.08007873  0.09833863
  0.11646061  0.13437572  0.15206529  0.1694788   0.18658307  0.2035547
  0.22062218  0.23784553  0.25520319  0.27271088  0.29029306  0.30778115
  0.3251418   0.34243349  0.35960755  0.37653782  0.39311982  0.40926671
  0.42492034  0.44000453  0.45434534  0.4678046   0.48040514  0.48616971
  0.48550677  0.4848447   0.4841835   0.48352315  0.48286364  0.48220496]"
2025-12-01,2025-12-01 23:52:00+00:00,open,493.0,5.0,1.2848354986548713,0.08685980307603458,0.08685980307603458,,3.3652846140340196,0.968351063597198,0.16447316532936324,"[1.17107669 1.1510933  1.13145091 1.11214369 1.09316594 1.07451203
 1.05617643 1.05457592 1.06959252 1.08467606 1.09946573 1.11367327
 1.1271196  1.13978214 1.15170214 1.16273722 1.17259645 1.18112029
 1.18819908 1.19362814 1.19722034 1.19880842 1.19828438 1.19586691
 1.19202701 1.18711879 1.18135568 1.17492878 1.16800003 1.16072555
 1.15328072 1.14579905 1.13835096 1.13096512 1.12351736 1.11582228
 1.1079471  1.10019438 1.09279425 1.08591051 1.07983233 1.07480516
 1.07086321 1.06791957 1.06591544 1.06495534 1.06522361 1.06671834
 1.06925392 1.07270426 1.07703483 1.08216342 1.08793509 1.08161622
 1.06315939 1.04501751 1.02718521 1.0096572  0.99242829 0.97549337]",5.175330939251496,-4.9999998683455384,0.1641470798281432,"[1.17107669 1.15123529 1.13145767 1.11174365 1.09209302 1.07250556
 1.05298108 1.05001823 1.0638088  1.07788094 1.09187149 1.10548528
 1.11853304 1.13098057 1.14285791 1.15401114 1.16413439 1.17304984
 1.18062815 1.18664276 1.19088178 1.193151   1.19331336 1.191559
 1.1883358  1.18398093 1.17869464 1.17265766 1.16602413 1.15894453
 1.15159093 1.14409586 1.13653006 1.1289233  1.121152   1.11302881
 1.10461785 1.09622152 1.08807389 1.08034504 1.07333352 1.06729831
 1.06228898 1.05823345 1.05508644 1.0529662  1.05207305 1.05242259
 1.05384507 1.05622775 1.05954846 1.06373667 1.06864731 1.06149568
 1.04200661 1.02258019 1.00321623 0.98391454 0.9646749  0.94549712]",0.010000000000000002,0.3541872041021903,0.0983951139896266,"[1.17107669 1.08566973 1.08373274 1.09806901 1.11446145 1.13023464
 1.14440114 1.16797372 1.18974743 1.2057664  1.22122225 1.23909152
 1.26032101 1.28302758 1.30548784 1.32551225 1.34088457 1.35186075
 1.35945705 1.36367826 1.3652823  1.36522969 1.36356057 1.35842661
 1.35064511 1.34201357 1.33388381 1.32716368 1.32108821 1.31318526
 1.3028411  1.29169116 1.27986799 1.26656631 1.25173346 1.23576021
 1.21989581 1.20460984 1.18844871 1.17106785 1.1543733  1.13829318
 1.12124226 1.10311458 1.08500954 1.06772033 1.05122324 1.03699867
 1.02489718 1.01303475 1.0003109  0.98720559 0.97517097 0.95697613
 0.9412756  0.93044948 0.92044652 0.91061238 0.90105054 0.89180926]"
2025-12-02,2025-12-02 23:13:00+00:00,open,531.0,15.0,0.18172994328834946,-0.357400060319673,-0.357400060319673,,2.295306913759825,0.26852624601187103,0.03576741916436037,"[ 0.3893772   0.36594438  0.34392176  0.32322446  0.30377273  0.28549161
  0.26831065  0.25479756  0.24395859  0.23247932  0.22072911  0.20866246
  0.19595681  0.18274062  0.16923417  0.15549083  0.14166512  0.12803407
  0.1148185   0.10207418  0.08965126  0.07739787  0.06550236  0.0542921
  0.04396262  0.03463921  0.02642787  0.01935444  0.01318279  0.00750657
  0.00212593 -0.00282128 -0.00730703 -0.01161177 -0.01581238 -0.01962771
 -0.02290384 -0.02580002 -0.02830469 -0.03014309 -0.0311527  -0.03129514
 -0.03075764 -0.02992107 -0.02894689 -0.0278684  -0.02682038 -0.02581587
 -0.02480051 -0.02394598 -0.02349483 -0.02348922 -0.02383943 -0.02335623
 -0.02195064 -0.02062965 -0.01938815 -0.01822137 -0.0171248  -0.01609422]",0.35447986115609204,-0.05747879532842741,0.021569962464165093,"[ 0.3893772   0.36885353  0.34927248  0.33059078  0.31276711  0.29576207
  0.27953805  0.26670622  0.25634696  0.24516089  0.23351913  0.22138147
  0.20842612  0.19478063  0.1806681   0.16614611  0.15137456  0.13663892
  0.122172    0.10804303  0.0941144   0.08024314  0.06662606  0.0536032
  0.0413859   0.03011684  0.01992025  0.01084054  0.00265794 -0.00502344
 -0.0123984  -0.01932456 -0.02576742 -0.03200357 -0.03810963 -0.04380224
 -0.04892146 -0.05362111 -0.05788643 -0.06143685 -0.06410079 -0.06583003
 -0.06680302 -0.067397   -0.0677744  -0.06797018 -0.06812208 -0.06824746
 -0.06829521 -0.06844085 -0.06893414 -0.06982637 -0.07103586 -0.0713742
 -0.07073599 -0.0701271  -0.06954618 -0.06899194 -0.06846315 -0.06795865]",0.25923537833704274,0.9899999999999999,0.03923851439528694,"[ 0.3893772   0.36570732  0.34350866  0.32268464  0.30315248  0.28483447
  0.26765412  0.25417228  0.2433832   0.23196696  0.22029234  0.2083157
  0.19571531  0.18262096  0.16925483  0.15566879  0.14201354  0.12856336
  0.11553722  0.10298774  0.09076549  0.07872051  0.06704062  0.05605111
  0.04594455  0.03684633  0.02886389  0.02202102  0.01607792  0.01062865
  0.00547579  0.00075567 -0.00350498 -0.00758669 -0.011567   -0.01516391
 -0.01822555 -0.02091552 -0.02322325 -0.02487318 -0.02570399 -0.02567842
 -0.02498297 -0.02399712 -0.02288119 -0.02166795 -0.02049038 -0.01935885
 -0.01821773 -0.01723859 -0.01666572 -0.01654462 -0.01678762 -0.01620692
 -0.01471589 -0.01332015 -0.01201394 -0.01079282 -0.00965147 -0.00858341]"
2025-12-03,2025-12-04 00:11:00+00:00,open,475.0,28.0,0.17509856667505197,-0.3724065932197682,-0.3724065932197682,,3.1214820629395716,0.28155820856641284,0.14095463120954924,"[ 0.54750894  0.51604006  0.4863799   0.45842451  0.43207589  0.40724169
  0.38383488  0.36644108  0.35469482  0.34370719  0.33329518  0.32335117
  0.31390823  0.30495929  0.29635868  0.28805953  0.28016845  0.27256172
  0.26490922  0.25706442  0.2490631   0.24087612  0.23236187  0.22341112
  0.21400868  0.20423421  0.19421876  0.18405736  0.1738674   0.16386938
  0.15415196  0.14451769  0.13484846  0.12525261  0.1157846   0.10645694
  0.09734204  0.08844809  0.07976844  0.071372    0.06329961  0.05547366
  0.04769401  0.0397859   0.03168519  0.02349753  0.01557234  0.00821021
  0.00147652 -0.00465325 -0.0102853  -0.0155286  -0.02033353 -0.02193235
 -0.02067175 -0.01948361 -0.01836376 -0.01730828 -0.01631346 -0.01537582]",1.8904168128094792,-1.6389277041669357,0.054291865327255974,"[ 0.54750894  0.52831717  0.50929386  0.49043753  0.47174671  0.45321996
  0.43485582  0.42139916  0.41286547  0.40449279  0.39613699  0.38772071
  0.37930559  0.37091462  0.36242781  0.35381723  0.34521097  0.33650819
  0.32738785  0.3176994   0.30747296  0.2966749   0.28515433  0.27278587
  0.25953534  0.24546506  0.23069466  0.21531377  0.19943906  0.18329878
  0.16699896  0.15035605  0.13325533  0.11580944  0.0980824   0.08009656
  0.06193665  0.04362573  0.02517084  0.00665638 -0.01185819 -0.03043275
 -0.04925696 -0.0685057  -0.08824886 -0.10838626 -0.12856227 -0.14845167
 -0.16795609 -0.18706691 -0.20586029 -0.22442192 -0.24268085 -0.25779838
 -0.26992145 -0.2819381  -0.29384928 -0.3056559  -0.31735889 -0.32895916]",0.2730544149938979,0.9899999999999999,0.14436927494568133,"[ 0.54750894  0.51581169  0.48599387  0.45794433  0.43155723  0.40673269
  0.38337722  0.3660683   0.35442389  0.3435489   0.33325995  0.32344911
  0.31414813  0.30534797  0.29690206  0.28876342  0.28103745  0.2735987
  0.26611546  0.2584407   0.25061038  0.24259449  0.23425044  0.22546991
  0.2162392   0.20663759  0.19679567  0.18680942  0.1767967   0.16697733
  0.15743905  0.14798375  0.13849324  0.12907614  0.11978749  0.11064041
  0.10170765  0.09299808  0.08450419  0.07629267  0.06840358  0.06075965
  0.05316102  0.0454342   0.03751576  0.02951085  0.02176893  0.0145905
  0.00804022  0.00209193 -0.00336301 -0.00843435 -0.01307206 -0.0145091
 -0.01309707 -0.01176817 -0.01051721 -0.00933936 -0.00823075 -0.00718732]"
2025-12-04,2025-12-04 23:08:00+00:00,open,466.0,22.0,0.350944702083515,1.4612949502287513,1.4612949502287513,,5.214584929253683,1.7081197502798138,0.08844530461007052,"[0.42513721 0.42100918 0.41692124 0.41287299 0.40886405 0.40489403
 0.40096256 0.40313164 0.41135965 0.41953248 0.42762354 0.43557974
 0.44311898 0.44986071 0.4553747  0.45908874 0.46051536 0.45954046
 0.45639362 0.45153143 0.44546685 0.43837978 0.43034016 0.42177188
 0.41295963 0.40350754 0.39279668 0.38076863 0.36807314 0.35560022
 0.34404372 0.33384447 0.32496561 0.31659405 0.3078609  0.2987243
 0.28947105 0.27988668 0.26945061 0.25798617 0.24587342 0.23365399
 0.2214173  0.2089093  0.19610161 0.1829985  0.16936199 0.15524106
 0.14115857 0.12740568 0.11382059 0.1002863  0.08683688 0.07975902
 0.07898457 0.07821764 0.07745815 0.07670604 0.07596124 0.07522366]",0.18816196632581494,0.2901001710849103,0.04378486276038221,"[0.42513721 0.41369058 0.40321424 0.39362594 0.38485042 0.37681876
 0.36946792 0.36864662 0.37366589 0.37828284 0.38250638 0.38631681
 0.38947494 0.39166658 0.39255144 0.39167773 0.38871074 0.38369966
 0.37701762 0.36922645 0.36089685 0.3522327  0.3433222  0.33458735
 0.32627803 0.31797072 0.30906566 0.29955097 0.29009446 0.28154039
 0.27447967 0.26921703 0.26557249 0.26263426 0.25951585 0.25619501
 0.25295898 0.2495889  0.24559285 0.24084989 0.23578237 0.23093157
 0.22635953 0.22179838 0.21721997 0.21262489 0.20778203 0.20275903
 0.19807095 0.19396538 0.19023913 0.18675093 0.18351388 0.18663202
 0.19540266 0.20342985 0.2107766  0.21750059 0.22365461 0.22928697]",0.05429043335887738,0.6918082199913814,0.0331946181160585,"[0.42513721 0.4181191  0.41197747 0.40653356 0.40198726 0.39866391
 0.39597186 0.3987751  0.40514015 0.40933792 0.41194252 0.41346505
 0.41373976 0.41203467 0.40846773 0.40341878 0.39680262 0.3888254
 0.3802344  0.3718517  0.36415502 0.35644632 0.34767593 0.3377591
 0.32692819 0.31520008 0.30290705 0.29077823 0.27926655 0.26895685
 0.26095249 0.25585483 0.25278209 0.2497802  0.24579351 0.24171114
 0.2383869  0.23548333 0.23251029 0.22969596 0.22709359 0.22428149
 0.22146984 0.21898737 0.21675546 0.21470251 0.21266564 0.21066542
 0.20914724 0.20840285 0.20816826 0.20825232 0.20860698 0.21446902
 0.223563   0.2299444  0.23403168 0.23613157 0.23673531 0.23620034]"
2025-12-05,2025-12-05 23:44:00+00:00,open,66.0,9.0,1.7321202920287213,1.0385585612363606,1.0385585612363606,,0.7150733724547834,1.0649085030664656,0.05015018047579721,"[1.85888959 1.83002297 1.80160461 1.77362757 1.74608498 1.71897009
 1.69227628 1.67241811 1.65970326 1.64813384 1.63766705 1.62796539
 1.61881359 1.61048219 1.60321235 1.59688704 1.59137494 1.58669677
 1.58283109 1.57952979 1.57655128 1.5737572  1.57068831 1.56684796
 1.56207832 1.55629801 1.54962119 1.54240958 1.53500799 1.52748716
 1.51960972 1.51121469 1.50226988 1.49270086 1.48250926 1.47181582
 1.46082079 1.44986342 1.43919652 1.42886063 1.41893055 1.40937831
 1.39989973 1.39009238 1.37980656 1.3692337  1.35851626 1.34765648
 1.33665658 1.32551873 1.31424507 1.30283772 1.2913039  1.27551467
 1.25570725 1.23620742 1.21701041 1.1981115  1.17950608 1.16118957]",4.45094644590424,-4.999999999958534,0.038348939502421873,"[1.85888959 1.83325435 1.80771493 1.78227096 1.75692208 1.73166795
 1.70650821 1.68788912 1.67622719 1.66556238 1.65586605 1.64681263
 1.63819456 1.63029054 1.62335377 1.61727975 1.61194769 1.60738827
 1.60359024 1.60031414 1.59732352 1.59448325 1.59133423 1.58737325
 1.58243232 1.57641878 1.56943525 1.56183516 1.55395941 1.54587768
 1.53735025 1.52821097 1.51842172 1.5079015  1.49664473 1.48476586
 1.47246071 1.46006724 1.44784105 1.4358269  1.42410426 1.4126506
 1.40116502 1.38924398 1.37673288 1.36381882 1.35064243 1.33720467
 1.32350654 1.30954899 1.295333   1.28085954 1.26613474 1.24701226
 1.22366393 1.20040286 1.17722873 1.15414121 1.13113999 1.10822473]",1.0471048068838786,0.9899999999999987,0.05039655082096348,"[1.85888959 1.82995486 1.80147687 1.77344855 1.74586353 1.71871456
 1.6919938  1.67211503 1.65938394 1.64780169 1.63732502 1.62761648
 1.61846111 1.61012893 1.60286045 1.59653892 1.591033   1.58636318
 1.58250751 1.57921736 1.57625126 1.57347107 1.57041764 1.56659446
 1.56184386 1.55608468 1.54943138 1.54224538 1.53487098 1.52737809
 1.51952816 1.51115993 1.50224113 1.49269689 1.48252927 1.47185996
 1.46089005 1.44995849 1.43931727 1.42900669 1.41910126 1.40957276
 1.40011679 1.39033079 1.38006502 1.36951087 1.35881069 1.34796662
 1.33698075 1.32585516 1.31459187 1.30319289 1.29166534 1.27588053
 1.25607702 1.2365807  1.21738655 1.19848963 1.17988507 1.16156808]"
2025-12-06,2025-12-07 00:15:00+00:00,open,456.0,14.0,-0.3633289028343718,-0.170793888057009,-0.170793888057009,,2.739280549604673,0.6551731986695942,0.056641790214754885,"[-0.68516067 -0.66795098 -0.65117357 -0.63481757 -0.61887239 -0.60332772
 -0.58817349 -0.56576505 -0.53623132 -0.50723272 -0.47879543 -0.45089181
 -0.42346576 -0.39653204 -0.37017123 -0.34443326 -0.31935645 -0.29499905
 -0.27136211 -0.24833474 -0.22575534 -0.20348922 -0.18140131 -0.1593176
 -0.13704453 -0.11442167 -0.09141818 -0.06812251 -0.04459871 -0.02087297
  0.00303724  0.02715161  0.05148725  0.0760425   0.10080059  0.12567644
  0.15048985  0.17503536  0.19918478  0.22291479  0.24624657  0.26917909
  0.29167355  0.31364529  0.33499502  0.35561612  0.37537086  0.39422445
  0.41230906  0.4297282   0.4464655   0.46243103  0.47751203  0.47867476
  0.46665153  0.45493031  0.44350349  0.43236369  0.42150369  0.41091648]",0.49769191018125375,-0.09633063292892338,0.02269572162242011,"[-0.68516067 -0.66576849 -0.64701496 -0.62887905 -0.61134041 -0.59437939
 -0.57797695 -0.55450019 -0.5241492  -0.49459195 -0.46584172 -0.43785842
 -0.41057426 -0.38399297 -0.35818396 -0.33318582 -0.30902563 -0.28575035
 -0.2633498  -0.24170267 -0.22063847 -0.20001506 -0.1796912  -0.15948816
 -0.13920927 -0.11869252 -0.09790643 -0.07693847 -0.05585104 -0.03466848
 -0.01340625  0.00795729  0.02944092  0.05104458  0.07275306  0.09448319
  0.11605767  0.13727543  0.15801392  0.17825586  0.19802819  0.21733535
  0.23614403  0.25437531  0.27193626  0.28872716  0.30461796  0.31958212
  0.33375933  0.34725926  0.3600712   0.37211115  0.38327291  0.38056444
  0.36485866  0.34967013  0.33498181  0.32077722  0.30704044  0.29375605]",0.6820393080766718,0.9899999999999999,0.06067054726152637,"[-6.85160666e-01 -6.68500281e-01 -6.52239491e-01 -6.36368746e-01
 -6.20878748e-01 -6.05760103e-01 -5.91003408e-01 -5.68962268e-01
 -5.39756707e-01 -5.11045784e-01 -4.82856756e-01 -4.55163442e-01
 -4.27911420e-01 -4.01116869e-01 -3.74861579e-01 -3.49196917e-01
 -3.24162740e-01 -2.99818826e-01 -2.76167811e-01 -2.53100052e-01
 -2.30454752e-01 -2.08097992e-01 -1.85895521e-01 -1.63673976e-01
 -1.41240201e-01 -1.18433811e-01 -9.52240631e-02 -7.16995984e-02
 -4.79247204e-02 -2.39257278e-02  2.79966182e-04  2.47121407e-02
  4.93880609e-02  7.43060159e-02  9.94487324e-02  1.24730725e-01
  1.49971432e-01  1.74964577e-01  1.99581189e-01  2.23797270e-01
  2.47633289e-01  2.71087546e-01  2.94120484e-01  3.16646442e-01
  3.38564805e-01  3.59767534e-01  3.80115947e-01  3.99574758e-01
  4.18275409e-01  4.36320171e-01  4.53691474e-01  4.70298151e-01
  4.86025908e-01  4.87835100e-01  4.76439792e-01  4.65324714e-01
  4.54484066e-01  4.43911406e-01  4.33599903e-01  4.23542435e-01]"
2025-12-08,2025-12-09 00:09:00+00:00,open,467.0,36.0,-0.7425674730832768,-0.5078419134396963,-0.5078419134396963,,2.3213808246299705,11.999999856854911,0.184662720660174,"[-0.64052071 -0.63963172 -0.63874396 -0.63785743 -0.63697213 -0.63608806
 -0.63520522 -0.63251195 -0.62813191 -0.6239271  -0.61971752 -0.61539206
 -0.61103575 -0.60680782 -0.6028191  -0.5990656  -0.59544891 -0.59192268
 -0.5884868  -0.58513107 -0.5818946  -0.57882313 -0.57591975 -0.57322931
 -0.57085772 -0.56897463 -0.56776033 -0.56722852 -0.56724676 -0.56768418
 -0.56846072 -0.56958189 -0.57110765 -0.57303267 -0.57525404 -0.57762798
 -0.58006447 -0.58260131 -0.58531397 -0.5881968  -0.59118118 -0.59420777
 -0.59728045 -0.6004266  -0.60364065 -0.60694107 -0.61037181 -0.61393009
 -0.6176148  -0.6214562  -0.62544183 -0.6295124  -0.63359046 -0.63517882
 -0.63429724 -0.63341688 -0.63253775 -0.63165983 -0.63078314 -0.62990766]",11.999999998803599,-3.480517138914714,0.09158059300972715,"[-0.64052071 -0.64446241 -0.64839865 -0.65232941 -0.65625473 -0.66017459
 -0.66408901 -0.66618635 -0.66659027 -0.66716278 -0.66772389 -0.66816249
 -0.66856364 -0.66908656 -0.6698421  -0.67082627 -0.67194068 -0.67313898
 -0.67442108 -0.67577677 -0.67724519 -0.67887207 -0.68066053 -0.68265541
 -0.68496265 -0.68775188 -0.69120342 -0.69533098 -0.70000212 -0.70508598
 -0.71050251 -0.71625723 -0.72241012 -0.72895584 -0.73579149 -0.74277331
 -0.74981129 -0.75694323 -0.76424462 -0.7717098  -0.77927018 -0.7868664
 -0.79450239 -0.8022055  -0.8099702  -0.81781494 -0.82578371 -0.8338737
 -0.84208385 -0.85044439 -0.8589429  -0.86752008 -0.87609851 -0.88218098
 -0.88578727 -0.88938856 -0.89298486 -0.89657616 -0.90016247 -0.90374381]",11.999999997004448,0.010000002311901892,0.18101678839645055,"[-0.64052071 -0.64050297 -0.64044605 -0.64035057 -0.64021436 -0.64003515
 -0.63981211 -0.63773356 -0.63392537 -0.63025061 -0.62652928 -0.62265217
 -0.61870624 -0.61485234 -0.61120282 -0.60775337 -0.60440437 -0.60110861
 -0.59786389 -0.59465925 -0.59153676 -0.58854604 -0.58569343 -0.58302587
 -0.58065007 -0.57873726 -0.57746985 -0.57686488 -0.57679532 -0.57713392
 -0.57780189 -0.57880679 -0.58021104 -0.5820123  -0.58411009 -0.58636089
 -0.58867441 -0.59108804 -0.59367648 -0.59643411 -0.59929287 -0.60219171
 -0.6051323  -0.60814145 -0.61121387 -0.61436875 -0.61765052 -0.62105552
 -0.62458205 -0.62826016 -0.63207719 -0.63597276 -0.63986795 -0.64126562
 -0.64018597 -0.63909991 -0.63800672 -0.63690538 -0.63579494 -0.63467512]"
2025-12-09,2025-12-10 00:11:00+00:00,open,458.0,3.0,-0.8417167979166802,-0.007003940702434264,-0.007003940702434264,,3.8888600626420553,3.657634778051126,0.15241847848270115,"[-0.94511848 -0.94082167 -0.93654441 -0.93228658 -0.92804811 -0.92382892
 -0.9196289  -0.90530363 -0.88131262 -0.8583025  -0.83648302 -0.81605222
 -0.7970318  -0.77939552 -0.76316433 -0.74830692 -0.73479208 -0.72265595
 -0.71203614 -0.70314229 -0.69604361 -0.69059877 -0.68668162 -0.68431897
 -0.683497   -0.68404293 -0.68576591 -0.6885122  -0.69207665 -0.69625304
 -0.70099021 -0.70633052 -0.71219989 -0.71838826 -0.72464662 -0.73073374
 -0.73653872 -0.74207294 -0.74729143 -0.75212464 -0.75653781 -0.76050393
 -0.76407369 -0.76736364 -0.77042124 -0.77313668 -0.77531982 -0.77683851
 -0.77762555 -0.77762553 -0.77672046 -0.77470231 -0.77139221 -0.76765089
 -0.76416091 -0.7606868  -0.75722848 -0.75378588 -0.75035894 -0.74694757]",0.1898329815695919,-0.6773904640593589,0.12904319373341033,"[-0.94511848 -0.92261521 -0.9020034  -0.88312407 -0.8658316  -0.84999261
 -0.83548493 -0.81232781 -0.78192016 -0.75490591 -0.73120621 -0.71073672
 -0.69325144 -0.67848124 -0.66622396 -0.65624386 -0.64832619 -0.64233842
 -0.63825745 -0.6361307  -0.63586608 -0.63717826 -0.6398221  -0.64371887
 -0.64875542 -0.65467613 -0.66123002 -0.66822145 -0.67542062 -0.68261638
 -0.689764   -0.69691047 -0.70398605 -0.710797   -0.71712794 -0.72278821
 -0.72772858 -0.73201933 -0.73566989 -0.73866646 -0.74102893 -0.742783
 -0.74402739 -0.74491502 -0.7455193  -0.74575647 -0.74547358 -0.74458586
 -0.74307696 -0.74094268 -0.73811817 -0.73445744 -0.7298551  -0.72522358
 -0.72120307 -0.7175205  -0.71414746 -0.71105794 -0.7082281  -0.70563611]",3.6616315856651775,0.9899999999999999,0.15256385382928164,"[-0.94511848 -0.94086077 -0.93662027 -0.93239682 -0.92819032 -0.92400072
 -0.91982796 -0.90552759 -0.88155908 -0.8585691  -0.83676746 -0.81635225
 -0.79734512 -0.77971992 -0.76349778 -0.74864746 -0.7351378  -0.72300504
 -0.71238704 -0.70349359 -0.69639399 -0.69094705 -0.68702674 -0.68465991
 -0.68383285 -0.684373   -0.68608973 -0.68882946 -0.69238714 -0.69655662
 -0.70128682 -0.70662024 -0.71248282 -0.71866453 -0.7249164  -0.73099716
 -0.73679583 -0.74232376 -0.74753605 -0.75236326 -0.75677066 -0.76073127
 -0.76429574 -0.76758051 -0.77063305 -0.77334362 -0.77552208 -0.77703627
 -0.77781899 -0.7778148  -0.77690574 -0.77488373 -0.77156984 -0.7678247
 -0.76433083 -0.76085274 -0.75739031 -0.75394338 -0.75051164 -0.74709485]"
2025-12-10,2025-12-11 00:09:00+00:00,open,470.0,9.0,-0.5470655599014602,0.3000028947340887,0.3000028947340887,,4.995426562043557,11.999999996316937,0.19239255671179448,"[-0.44211042 -0.44149681 -0.44088404 -0.44027213 -0.43966106 -0.43905085
 -0.43844148 -0.43700107 -0.43516125 -0.43410628 -0.43359293 -0.43326046
 -0.43273805 -0.43178814 -0.43033214 -0.42824917 -0.42534803 -0.42156732
 -0.41696945 -0.41165679 -0.40580154 -0.39960618 -0.39324245 -0.38682832
 -0.38044891 -0.37428856 -0.3686662  -0.36386187 -0.36000599 -0.35714457
 -0.35533718 -0.35469389 -0.35532247 -0.35726969 -0.36051981 -0.36501527
 -0.37071786 -0.37764063 -0.38585798 -0.39547707 -0.40655044 -0.41906472
 -0.43291615 -0.44790003 -0.46384531 -0.48067627 -0.4983185  -0.51665476
 -0.53557771 -0.55503529 -0.57496306 -0.59515453 -0.61531635 -0.62491812
 -0.62405078 -0.62318464 -0.62231971 -0.62145598 -0.62059344 -0.61973211]",0.1910298637472055,-0.6455718682275937,0.04144517338158319,"[-0.44211042 -0.45910937 -0.47468808 -0.4889652  -0.50204949 -0.51404061
 -0.52502988 -0.53429243 -0.54241373 -0.55060511 -0.55862748 -0.56614956
 -0.57285832 -0.57859534 -0.58336658 -0.587135   -0.58980057 -0.59139704
 -0.59207252 -0.59200136 -0.5914106  -0.59053679 -0.58956744 -0.58862288
 -0.58778258 -0.58721586 -0.58720628 -0.58797533 -0.58958302 -0.59200449
 -0.59523049 -0.59930104 -0.60425001 -0.61005008 -0.61661639 -0.62383135
 -0.63160621 -0.6399086  -0.64876794 -0.65824195 -0.6683309  -0.67897223
 -0.69002133 -0.70124932 -0.71247974 -0.7236415  -0.73466982 -0.74546439
 -0.75594311 -0.76608373 -0.77585281 -0.78508283 -0.79353819 -0.791052
 -0.77889732 -0.76775814 -0.75754964 -0.74819403 -0.73962008 -0.73176247]",11.999999999592676,0.989999999993181,0.1926326572526968,"[-0.44211042 -0.44149188 -0.44087391 -0.44025653 -0.43963974 -0.4390236
 -0.43840816 -0.43696154 -0.43511543 -0.43405413 -0.43353441 -0.43319551
 -0.4326666  -0.43171009 -0.43024739 -0.4281576  -0.42524951 -0.42146172
 -0.41685656 -0.41153634 -0.40567323 -0.39946974 -0.39309762 -0.38667483
 -0.38028651 -0.37411701 -0.36848527 -0.36367135 -0.35980569 -0.35693433
 -0.35511687 -0.3544634  -0.35508168 -0.35701849 -0.3602581  -0.36474296
 -0.37043486 -0.37734689 -0.38555345 -0.39516171 -0.40622425 -0.41872767
 -0.43256823 -0.44754124 -0.46347568 -0.48029586 -0.49792744 -0.51625319
 -0.5351658  -0.55461323 -0.57453102 -0.59471266 -0.61486483 -0.62445713
 -0.62358055 -0.62270539 -0.62183165 -0.62095935 -0.62008848 -0.61921902]"
2025-12-11,2025-12-11 23:18:00+00:00,open,561.0,21.0,0.4630960985245771,-0.23089941665177705,-0.23089941665177705,,1.9553260563795418,11.9999999964722,0.1838547264904988,"[0.24351562 0.24317764 0.24284013 0.24250309 0.24216651 0.2418304
 0.24149476 0.24599763 0.25416133 0.25989888 0.26349731 0.2657511
 0.26718294 0.26774826 0.26727772 0.26572084 0.26295681 0.2591892
 0.2551319  0.2511377  0.24718326 0.24356191 0.24065157 0.23876345
 0.23832698 0.23950338 0.24204924 0.24579733 0.25087822 0.25730755
 0.26480898 0.27335514 0.28309163 0.29378962 0.30511079 0.31673864
 0.32822143 0.33933461 0.35012645 0.36067631 0.3711091  0.38153274
 0.39192255 0.40216013 0.41217894 0.421957   0.43138967 0.44027328
 0.44852813 0.45640684 0.46428242 0.47240657 0.48091522 0.48493928
 0.48426623 0.4835941  0.48292291 0.48225265 0.48158332 0.48091492]",0.11804250341670731,0.49387730823271764,0.02738308603436868,"[0.24351562 0.27648262 0.30510861 0.3299652  0.35154873 0.3702902
 0.38656384 0.40531491 0.42488869 0.43962968 0.45044855 0.45860194
 0.4649195  0.46959539 0.47268882 0.47436009 0.47468041 0.47402504
 0.47318955 0.47251655 0.47196475 0.47179708 0.47231286 0.47371522
 0.47629034 0.48002949 0.48455216 0.48960471 0.49524341 0.50140227
 0.50775543 0.51425977 0.52102977 0.52781314 0.53429652 0.54022243
 0.54524253 0.54927181 0.55248579 0.55506567 0.557212   0.55908126
 0.56068518 0.56194785 0.56285335 0.56342741 0.56361442 0.56327396
 0.56240393 0.56131272 0.56037597 0.55980672 0.5596828  0.55529412
 0.5472069  0.5401846  0.53408697 0.52879226 0.52419475 0.52020262]",0.09551457119219423,0.6242608452604955,0.02541464409551953,"[0.24351562 0.2734023  0.30035771 0.32434543 0.34535134 0.36369101
 0.3798638  0.39902482 0.41968415 0.4362063  0.44906202 0.45920458
 0.46759551 0.4745539  0.47988914 0.4834635  0.48499805 0.48465069
 0.48348845 0.48219389 0.4807204  0.47916224 0.4780349  0.47785462
 0.47869162 0.480626   0.48361087 0.48729636 0.49186876 0.49743071
 0.50344568 0.50976956 0.51656048 0.52352723 0.53029173 0.5365907
 0.5421116  0.54671368 0.55058223 0.55399539 0.5572389  0.56035124
 0.56307885 0.56512041 0.56632697 0.56670679 0.56630501 0.56522964
 0.56367956 0.56199056 0.56044523 0.55919137 0.55828553 0.55305323
 0.5441952  0.53637359 0.52945072 0.52345613 0.51831453 0.51385471]"
2025-12-12,2025-12-12 23:16:00+00:00,open,563.0,19.0,-0.06311480401264014,-0.6484732692437571,-0.6484732692437571,,3.6603727949147817,0.011432100665730761,0.08362017037172355,"[-1.04680470e-01 -2.43662276e-02 -5.67524055e-03 -1.32277635e-03
 -3.07750319e-04 -7.18839143e-05 -2.86619004e-06  5.16721637e-03
  9.65355293e-03  1.06857272e-02  1.07243593e-02  1.03695071e-02
  9.77979517e-03  9.03685648e-03  8.34730040e-03  7.88435210e-03
  7.65265289e-03  7.56399431e-03  7.45743902e-03  7.29830319e-03
  7.19469506e-03  7.14713685e-03  6.99127905e-03  6.65254467e-03
  6.30454069e-03  6.11098548e-03  6.02704883e-03  5.93052961e-03
  5.80909380e-03  5.64170002e-03  5.26730605e-03  4.66483790e-03
  3.94766179e-03  3.13116779e-03  2.19850436e-03  1.17751455e-03
  1.82686616e-04 -6.17212489e-04 -1.19973685e-03 -1.70854522e-03
 -2.20517038e-03 -2.64293561e-03 -2.96816096e-03 -3.20174166e-03
 -3.41310886e-03 -3.56934963e-03 -3.69247482e-03 -3.84881994e-03
 -4.00106391e-03 -4.13032858e-03 -4.28427039e-03 -4.45760271e-03
 -4.60545213e-03 -2.43626827e-03 -5.76435485e-04 -1.34249514e-04
 -3.11976508e-05 -7.26416962e-06 -1.72697009e-06 -4.15541157e-07]",11.999999949050327,-3.5421475071341093,0.030532560344377676,"[-0.10468047 -0.10945142 -0.11421574 -0.11897345 -0.12372456 -0.12846907
 -0.133207   -0.12994581 -0.11862675 -0.10733221 -0.09639852 -0.08613893
 -0.07682445 -0.06865638 -0.0615191  -0.05501697 -0.04879345 -0.04265801
 -0.03667011 -0.03094273 -0.02537329 -0.01985797 -0.01458394 -0.00986048
 -0.00568142 -0.00175932  0.00207775  0.00577813  0.0092845   0.01253637
  0.0152055   0.01692141  0.01754652  0.01695886  0.01498153  0.01149148
  0.00654741  0.00047925 -0.00636479 -0.01390005 -0.02214417 -0.03100489
 -0.04030346 -0.04989983 -0.05977417 -0.06985987 -0.08009346 -0.09054156
 -0.10120597 -0.11203699 -0.12307592 -0.13435962 -0.14578617 -0.15386423
 -0.15856692 -0.16326307 -0.16795271 -0.17263584 -0.17731247 -0.18198261]",0.019909975490809154,0.9899999999993108,0.08814497152803194,"[-0.10468047 -0.04201296 -0.0149324  -0.0032617   0.00174537  0.00388806
  0.00484404  0.01134301  0.01888736  0.0221047   0.02321089  0.02322512
  0.02259575  0.02155496  0.02041747  0.0194942   0.01889341  0.01853231
  0.01819884  0.01780305  0.01746578  0.01723221  0.01693517  0.0164406
  0.01590519  0.01556123  0.01542169  0.01534943  0.01529702  0.01519167
  0.01477404  0.01395573  0.01287628  0.01159234  0.0100883   0.00839487
  0.00668418  0.00521575  0.00406288  0.00308335  0.00216516  0.00133407
  0.00066539  0.00016584 -0.00025602 -0.00060358 -0.00089357 -0.00121375
 -0.00153342 -0.00181574 -0.00210472 -0.00239628 -0.00263829 -0.0001284
  0.00295433  0.00431045  0.00490396  0.00516925  0.00529295  0.00535713]"
2025-12-14,2025-12-15 01:21:00+00:00,open,438.0,10.0,2.2169364370025404,-0.26736149415642707,-0.26736149415642707,,2.983017436450615,1.3195080932789143,0.027051169103127996,"[2.51066308 2.47915041 2.44803327 2.41730669 2.38696579 2.3570057
 2.32742167 2.29749532 2.26726104 2.2374681  2.20818586 2.17946205
 2.15111797 2.1229214  2.09490378 2.0672992  2.0403017  2.01396488
 1.98820563 1.96281636 1.93761729 1.91261717 1.88793306 1.86366029
 1.83987048 1.8166404  1.79392194 1.77145856 1.74897445 1.72625395
 1.7031265  1.67960178 1.65582976 1.63196516 1.60817954 1.58463121
 1.56143092 1.53866844 1.51640088 1.49461376 1.47325466 1.45246436
 1.43272144 1.41452707 1.39812032 1.38359444 1.37099392 1.3603688
 1.35184519 1.34547744 1.3411595  1.33869163 1.3378276  1.32935107
 1.31266568 1.29618971 1.27992054 1.26385558 1.24799225 1.23232803]",1.8530953785722315,-0.7711252773763263,0.02180175169398757,"[2.51066308 2.48127914 2.45215829 2.42329819 2.39469648 2.36635087
 2.33825905 2.30970425 2.28071988 2.25205699 2.22378769 2.19596275
 2.16840629 2.14088797 2.11344069 2.08630057 2.05966449 2.0335893
 2.00799508 1.98267684 1.95745662 1.93234462 1.90745966 1.88289918
 1.8587372  1.83505315 1.81180165 1.78872831 1.7655584  1.74207647
 1.71811143 1.69367213 1.66890804 1.64397397 1.61904214 1.59427213
 1.56977644 1.54564692 1.52194304 1.49865272 1.47572579 1.45330529
 1.43187319 1.41193599 1.39373935 1.37738358 1.36292045 1.35040733
 1.33997792 1.33169448 1.32545873 1.321078   1.3183123  1.30793967
 1.28932448 1.27087596 1.25259262 1.23447299 1.21651559 1.19871898]",1.3046874255241403,0.9899999999999999,0.027303894378085437,"[2.51066308 2.47910603 2.44794735 2.41718149 2.38680325 2.35680801
 2.32719107 2.29723391 2.26697072 2.23715047 2.20784244 2.17909457
 2.15072858 2.12251248 2.09447767 2.06685821 2.03984808 2.01350082
 1.98773322 1.96233751 1.93713373 1.91213064 1.88744571 1.86317461
 1.83938897 1.81616559 1.79345633 1.77100465 1.74853495 1.72583207
 1.7027259  1.67922626 1.65548289 1.63165024 1.60789926 1.58438733
 1.56122471 1.53850099 1.51627324 1.49452706 1.47321014 1.45246337
 1.43276542 1.41461743 1.39825833 1.38378127 1.37123051 1.36065562
 1.35218234 1.34586482 1.34159712 1.33917953 1.33836574 1.32993998
 1.31330803 1.29688942 1.28068219 1.26468384 1.24889157 1.23330243]"
2025-12-15,2025-12-15 23:49:00+00:00,open,520.0,10.0,-0.3126086884079502,-0.2721598336954383,-0.2721598336954383,,2.0315369562821934,0.9427058022734264,0.19641526338063206,"[-0.53554041 -0.52615547 -0.516935   -0.50787611 -0.49897597 -0.49023179
 -0.48164085 -0.46911267 -0.45259892 -0.43607779 -0.41941984 -0.40248405
 -0.38527462 -0.36781237 -0.35018168 -0.33256458 -0.31512082 -0.29793523
 -0.28099854 -0.26439614 -0.24830861 -0.23284813 -0.21814465 -0.20440864
 -0.19188672 -0.18066621 -0.17048659 -0.16100223 -0.15210735 -0.14382552
 -0.13611792 -0.12888176 -0.12205856 -0.11563217 -0.10950182 -0.10358098
 -0.09788405 -0.09238637 -0.08696652 -0.08151739 -0.07612264 -0.07102376
 -0.06637595 -0.06221435 -0.05858053 -0.05552563 -0.05307356 -0.05119589
 -0.04985498 -0.04907385 -0.04885314 -0.04911409 -0.04978061 -0.04976636
 -0.04889424 -0.04803741 -0.04719559 -0.04636852 -0.04555595 -0.04475761]",0.14477672795041993,-0.1913771698720916,0.12798520587305995,"[-0.53554041 -0.49811588 -0.46476092 -0.435033   -0.40853772 -0.38492354
 -0.36387719 -0.34116086 -0.31696829 -0.29512338 -0.27524586 -0.25698642
 -0.24016937 -0.22465249 -0.21037223 -0.19736467 -0.18564367 -0.17515218
 -0.16575143 -0.15741033 -0.15019083 -0.14408596 -0.13910964 -0.13535283
 -0.13293423 -0.1318093  -0.13160798 -0.1319193  -0.13260049 -0.13364343
 -0.1349813  -0.13649337 -0.13811379 -0.13982199 -0.141518   -0.14312684
 -0.14467553 -0.14614993 -0.14744517 -0.14848071 -0.14936618 -0.15034926
 -0.15157059 -0.15304505 -0.15479319 -0.15684262 -0.1591928  -0.16179342
 -0.1645914  -0.16759669 -0.17079586 -0.17410174 -0.17743866 -0.17975878
 -0.18102217 -0.18214818 -0.18315174 -0.18404618 -0.18484336 -0.18555385]",0.9711617217410837,0.9899999999999999,0.19688634434331223,"[-0.53554041 -0.5264239  -0.51745988 -0.50864621 -0.49998097 -0.49146196
 -0.48308667 -0.47076368 -0.45444177 -0.43809863 -0.4216052  -0.40482089
 -0.38774983 -0.37041272 -0.35289387 -0.33537533 -0.31801724 -0.30090471
 -0.28402871 -0.26747551 -0.25142664 -0.23599467 -0.22131006 -0.20758394
 -0.19506385 -0.18383812 -0.17364703 -0.16414578 -0.15522902 -0.14692061
 -0.1391823  -0.13191226 -0.12505281 -0.11858765 -0.1124156  -0.10645006
 -0.10070547 -0.09515721 -0.08968375 -0.08417793 -0.07872358 -0.07356231
 -0.06884945 -0.06462045 -0.06091719 -0.05779111 -0.05526669 -0.05331622
 -0.05190254 -0.05104898 -0.05075639 -0.05094625 -0.05154278 -0.05145958
 -0.05051894 -0.04959391 -0.04868423 -0.04778967 -0.04690986 -0.04604432]"
2025-12-16,2025-12-17 00:55:00+00:00,open,458.0,11.0,-1.2247471615642596,-0.5848867654028762,-0.5848867654028762,,1.541653596966597,0.5613623473124777,0.06901371500874302,"[-1.78281191 -1.73065883 -1.68003141 -1.630885   -1.58317628 -1.5368632
 -1.49190493 -1.43675711 -1.37208069 -1.30983079 -1.24996646 -1.19236922
 -1.13692869 -1.08360897 -1.03243208 -0.98345782 -0.93675021 -0.89234436
 -0.85020242 -0.81020057 -0.77219276 -0.73604454 -0.70165888 -0.6690364
 -0.63827406 -0.60949821 -0.58280702 -0.55823273 -0.53574431 -0.51530249
 -0.49687444 -0.48041769 -0.46588192 -0.4532003  -0.44224637 -0.43288083
 -0.42503419 -0.41861753 -0.41341841 -0.40913863 -0.40551813 -0.40237643
 -0.39954213 -0.39681635 -0.39401237 -0.39098177 -0.38757865 -0.38366145
 -0.3791427  -0.37403015 -0.36836294 -0.36211704 -0.35526704 -0.34654098
 -0.33640353 -0.32656262 -0.3170096  -0.30773603 -0.29873375 -0.28999481]",0.46519527239708314,-0.1470649646583345,0.06222611693353517,"[-1.78281191 -1.72524499 -1.66970402 -1.61611771 -1.56441726 -1.51453631
 -1.46641083 -1.40849768 -1.34152671 -1.27744558 -1.21618249 -1.15758968
 -1.10152929 -1.04793934 -0.99681672 -0.94819671 -0.90211931 -0.85859612
 -0.81756657 -0.77888547 -0.74238698 -0.70791842 -0.67536585 -0.64471394
 -0.61604393 -0.58946627 -0.56506311 -0.54285084 -0.5227831  -0.50480614
 -0.48887331 -0.47492907 -0.46291076 -0.45273996 -0.44427963 -0.4373811
 -0.43196649 -0.42793916 -0.42508014 -0.42308651 -0.4216954  -0.42072493
 -0.42000335 -0.4193326  -0.41852792 -0.41744378 -0.41593794 -0.41387326
 -0.41116725 -0.40783272 -0.40391347 -0.3993899  -0.39424112 -0.38720211
 -0.37875095 -0.37059721 -0.36273043 -0.35514051 -0.3478177  -0.34075259]",0.5618884677804068,0.9899999999999999,0.06954133266818073,"[-1.78281191 -1.73092777 -1.68054746 -1.63162654 -1.58412215 -1.53799282
 -1.49319822 -1.438194   -1.37364076 -1.31149385 -1.25171258 -1.19417895
 -1.13878332 -1.08549058 -1.0343237  -0.98534339 -0.93861444 -0.89417258
 -0.85198032 -0.81191455 -0.77383046 -0.73759483 -0.70311157 -0.67038237
 -0.63950544 -0.61060815 -0.58378944 -0.55908236 -0.53645677 -0.51587451
 -0.49730403 -0.48070451 -0.46602734 -0.45320691 -0.44211759 -0.43262054
 -0.42464653 -0.418107   -0.41279003 -0.40839793 -0.40467082 -0.40142806
 -0.39849765 -0.39568046 -0.39278997 -0.38967769 -0.38619736 -0.38220708
 -0.37761915 -0.37244101 -0.36671147 -0.36040613 -0.35349934 -0.34471899
 -0.33452954 -0.32463866 -0.31503733 -0.30571692 -0.29666909 -0.2878858 ]"
2025-12-17,2025-12-18 00:15:00+00:00,open,502.0,38.0,-0.1442075191663328,-0.2637697700774133,-0.2637697700774133,,2.9119178813962714,0.06753267887784029,0.19910946171024377,"[-0.00052844 -0.00041287 -0.00032257 -0.00025203 -0.00019691 -0.00015385
 -0.0001202   0.0082141   0.0224759   0.0338136   0.04291962  0.05024917
  0.05600339  0.06043679  0.06389726  0.06668365  0.0690301   0.07105036
  0.07274994  0.07410321  0.07506519  0.07561973  0.07577507  0.07555752
  0.07501223  0.07404113  0.07251091  0.0704955   0.06809556  0.06527314
  0.06199748  0.0583165   0.05432296  0.05012547  0.04579393  0.04137901
  0.03694972  0.03253986  0.02803455  0.02326226  0.01824686  0.01319285
  0.0082896   0.00361591 -0.0008252  -0.00502499 -0.00899287 -0.01279914
 -0.01650961 -0.02006793 -0.02331232 -0.02616378 -0.02865538 -0.02638362
 -0.02061356 -0.01610541 -0.01258318 -0.00983126 -0.00768118 -0.00600132]",2.8845019668940095,-2.518403104727975,0.12732252204914252,"[-0.00052844 -0.01503478 -0.02945755 -0.04379722 -0.05805428 -0.07222919
 -0.08618463 -0.09131397 -0.08726386 -0.08298596 -0.07845773 -0.07371153
 -0.06895441 -0.06429474 -0.05966736 -0.05497565 -0.0501233  -0.04508818
 -0.03994403 -0.03479891 -0.02978712 -0.02502441 -0.02059935 -0.01658032
 -0.01300805 -0.01006258 -0.00799616 -0.0068662  -0.00667103 -0.00753844
 -0.00960301 -0.01291662 -0.01746916 -0.0232091  -0.03009966 -0.03811078
 -0.04718029 -0.05726761 -0.0684847  -0.08103994 -0.09497141 -0.11010504
 -0.12623002 -0.14321235 -0.16098589 -0.17948062 -0.19864225 -0.2184868
 -0.23904398 -0.26022734 -0.28181733 -0.30364156 -0.32556383 -0.34293592
 -0.35548611 -0.36794742 -0.38033693 -0.39265507 -0.40490224 -0.41707884]",0.06363865691032072,0.9899987739014945,0.20481635306681245,"[-0.00052844  0.00059902  0.00153447  0.00232081  0.00299732  0.00359368
  0.0042578   0.01292392  0.02739947  0.03878197  0.04784529  0.05509027
  0.06074711  0.06509036  0.06848082  0.0712252   0.07355945  0.07559378
  0.07733217  0.07874549  0.07978422  0.08043384  0.08070602  0.08062323
  0.08022781  0.07942176  0.07806856  0.07623962  0.07403486  0.07141634
  0.06835585  0.06490635  0.06115908  0.05721303  0.05313297  0.04897039
  0.04479404  0.0406345   0.03637443  0.03184332  0.02707005  0.02226073
  0.01760026  0.01316385  0.00895495  0.00498266  0.00123224 -0.00237275
 -0.00589903 -0.00928507 -0.01236265 -0.01505335 -0.0173877  -0.01505226
 -0.00923584 -0.00481295 -0.00143033  0.00115293  0.00312627  0.00463264]"
2025-12-18,2025-12-19 00:28:00+00:00,open,499.0,33.0,0.6187601068446078,0.48884762819504957,0.48884762819504957,,2.0177774593971995,0.527389683919855,0.1452374511492719,"[1.0828326  1.04914779 1.01651084 0.98488916 0.95425118 0.92456628
 0.89580482 0.87575119 0.86396979 0.8523761  0.84098838 0.82993989
 0.81939737 0.80948304 0.80033933 0.79206176 0.78449609 0.77730692
 0.77018851 0.7629147  0.75539634 0.74772494 0.74008797 0.73265092
 0.72547073 0.71848397 0.71156108 0.704562   0.69731605 0.68954282
 0.68098623 0.67159774 0.6613573  0.6502081  0.63821613 0.62544245
 0.61181805 0.59725597 0.58169444 0.56510593 0.54754936 0.52913746
 0.50997598 0.49019986 0.47003331 0.44974494 0.42959407 0.40978384
 0.39040322 0.37148299 0.35307441 0.33521947 0.31796132 0.30469391
 0.29521548 0.2860319  0.277134   0.2685129  0.26015999 0.25206692]",3.9779514994363088,-4.999999994948663,0.11116322525901769,"[1.0828326  1.0574003  1.03207433 1.00685425 0.98173962 0.95672999
 0.93182492 0.91490861 0.90585303 0.89665413 0.8873367  0.87804253
 0.86895138 0.86020231 0.85195793 0.84433762 0.83721051 0.83025704
 0.82317826 0.8157475  0.8078705  0.79963381 0.79122406 0.782811
 0.77445899 0.76611179 0.75764424 0.74891685 0.73975543 0.72987013
 0.7189873  0.7070367  0.69397661 0.67972702 0.66433077 0.64782834
 0.63012999 0.61112558 0.59072843 0.56888475 0.5456277  0.52104691
 0.49522821 0.46828973 0.44044382 0.41195427 0.38308282 0.35404156
 0.32493241 0.29580039 0.266712   0.23772587 0.20890266 0.18368584
 0.16201287 0.14043051 0.11893839 0.09753613 0.07622335 0.05499968]",0.5146106705315162,0.9899999999999869,0.14667597947783115,"[1.0828326  1.04885326 1.01596443 0.98413118 0.95331912 0.92349512
 0.89462738 0.87449634 0.86265652 0.85102092 0.83960845 0.82855252
 0.81801907 0.80812899 0.79902283 0.79079332 0.78328397 0.77615813
 0.76910939 0.76191125 0.75447425 0.74688985 0.73934595 0.73200753
 0.72492994 0.71804888 0.71123396 0.70434403 0.69720812 0.68954613
 0.68110211 0.67182794 0.66170417 0.65067441 0.63880497 0.62615708
 0.61266175 0.5982319  0.58280567 0.56635559 0.54894064 0.53067382
 0.51166151 0.49203894 0.47203036 0.451904   0.43191873 0.41227758
 0.3930696  0.37432557 0.35609654 0.3384244  0.32135247 0.30827388
 0.29898367 0.2899869  0.28127419 0.27283677 0.26466614 0.25675378]"
2025-12-20,2025-12-21 00:08:00+00:00,open,513.0,40.0,0.3857306972213994,0.21142157936790174,0.21142157936790174,,9.747840318966261,0.16753296670659532,0.1821633452608291,"[0.99502658 0.90080296 0.8155018  0.73827821 0.66836726 0.60507651
 0.54777905 0.49748798 0.45516187 0.42005243 0.39130586 0.3682466
 0.35033436 0.33690256 0.32721265 0.3206314  0.31660339 0.31474136
 0.31478069 0.316283   0.31841715 0.32018612 0.32098687 0.32072168
 0.31969061 0.31838457 0.31710755 0.3160445  0.31561043 0.31629238
 0.31819958 0.3210033  0.3241884  0.32753206 0.33116188 0.33512023
 0.33935787 0.34383297 0.34842119 0.35298514 0.35756892 0.36233968
 0.36725174 0.37190303 0.37575608 0.3785049  0.38031453 0.3816307
 0.38262716 0.38315359 0.38313583 0.38256511 0.38139517 0.36234805
 0.32803565 0.29697246 0.26885078 0.24339207 0.22034416 0.19947876]",0.12453660332995496,0.10320728818201182,0.17926938970588643,"[0.99502658 0.88331661 0.78559951 0.70012254 0.62535247 0.55994816
 0.50273645 0.45425411 0.4149944  0.38380697 0.35951308 0.34117797
 0.32805341 0.31930967 0.31408907 0.31167617 0.31146256 0.31303038
 0.31609779 0.320222   0.3245881  0.32824435 0.33065425 0.33178865
 0.33200432 0.33182779 0.33158068 0.33145669 0.33186947 0.33328884
 0.33579862 0.33905207 0.34253273 0.34603014 0.34968274 0.35353868
 0.35755488 0.36169595 0.36584579 0.36987889 0.37385178 0.37793813
 0.3820952  0.38593094 0.3889328  0.39083106 0.39182487 0.39237859
 0.39267077 0.3925563  0.39197005 0.39091156 0.38934304 0.37018773
 0.33674555 0.30749237 0.28190346 0.25951984 0.23994001 0.22281276]",0.08172554075363997,0.8862932020628601,0.17061347704413948,"[0.99502658 0.85683677 0.74315326 0.64938123 0.57177165 0.507296
 0.45356605 0.41022342 0.37701822 0.35224211 0.33426929 0.3218251
 0.31399217 0.31000474 0.30910778 0.31059893 0.31384165 0.31829287
 0.32355673 0.32918843 0.33443343 0.33842964 0.34082548 0.34178877
 0.34182756 0.34160067 0.34145354 0.34153696 0.34218968 0.34380221
 0.34643191 0.34974782 0.35327509 0.35681948 0.36049367 0.36436734
 0.36852348 0.3730356  0.37775395 0.38241802 0.38698187 0.39165296
 0.39639689 0.40075063 0.40421097 0.40658819 0.4081498  0.40941868
 0.41065365 0.41173738 0.41256202 0.41308942 0.41326259 0.39636542
 0.36701391 0.34349552 0.32474543 0.3098463  0.29801426 0.28861247]"
2025-12-22,2025-12-23 03:56:00+00:00,open,281.0,17.0,-0.28523532752414305,0.8617223459174852,0.8617223459174852,,4.382610289751958,11.999999999999888,0.20124785422036323,"[-0.25228908 -0.25193892 -0.25158925 -0.25124006 -0.25089136 -0.25054314
 -0.25019541 -0.24787796 -0.24330906 -0.23830215 -0.23309186 -0.22773136
 -0.2220836  -0.2160628  -0.20966676 -0.20288412 -0.19571814 -0.18826212
 -0.18060546 -0.17271592 -0.16459684 -0.15642437 -0.14842984 -0.14070595
 -0.13321821 -0.1259886  -0.11907643 -0.11245395 -0.10608045 -0.10001519
 -0.09435027 -0.08914005 -0.08446784 -0.08046766 -0.07725556 -0.07486334
 -0.07324114 -0.07232401 -0.0719856  -0.07200511 -0.07217948 -0.07244013
 -0.07288884 -0.07364323 -0.07473337 -0.07626548 -0.07845621 -0.08136631
 -0.08485151 -0.08875184 -0.09292789 -0.09723085 -0.10154556 -0.10362365
 -0.10347983 -0.1033362  -0.10319278 -0.10304956 -0.10290653 -0.10276371]",0.4158666807959226,-0.4388547512280478,0.024670899887540104,"[-0.25228908 -0.25961822 -0.26665943 -0.27342404 -0.2799229  -0.28616645
 -0.29216473 -0.29598234 -0.29744901 -0.29842298 -0.29915306 -0.29969969
 -0.29993524 -0.29978791 -0.2992701  -0.29838462 -0.29714878 -0.29566771
 -0.29403794 -0.29223305 -0.29026348 -0.28830866 -0.28659471 -0.28520261
 -0.28408617 -0.28325689 -0.28276181 -0.28256068 -0.28260265 -0.28293704
 -0.28364293 -0.28475953 -0.28635331 -0.28853777 -0.29140429 -0.29495799
 -0.2991239  -0.30381538 -0.30888836 -0.31411191 -0.31928168 -0.32433329
 -0.32937185 -0.33451311 -0.33978277 -0.34528111 -0.35121228 -0.35761874
 -0.36434102 -0.37121076 -0.37808593 -0.3848207  -0.39130804 -0.3953385
 -0.39704802 -0.39869037 -0.40026821 -0.40178406 -0.40324037 -0.40463946]",11.999999999999883,0.9899999999999995,0.20151577379802244,"[-0.25228908 -0.25193551 -0.25158209 -0.2512288  -0.25087564 -0.25052266
 -0.25016987 -0.24784711 -0.24327266 -0.23825995 -0.23304361 -0.2276768
 -0.22202252 -0.215995   -0.20959205 -0.20280228 -0.195629   -0.18816551
 -0.18050125 -0.17260395 -0.16447694 -0.15629636 -0.14829356 -0.14056122
 -0.13306484 -0.12582637 -0.11890513 -0.11227338 -0.10589042 -0.09981557
 -0.09414094 -0.08892089 -0.08423875 -0.08022855 -0.07700634 -0.0746039
 -0.07297134 -0.07204377 -0.07169484 -0.07170375 -0.07186745 -0.07211738
 -0.07255536 -0.07329902 -0.07437844 -0.07589987 -0.07807992 -0.08097929
 -0.08445373 -0.08834325 -0.09250843 -0.09680049 -0.10110429 -0.10317151
 -0.10301692 -0.10286261 -0.10270857 -0.10255479 -0.10240127 -0.102248  ]"
2025-12-23,2025-12-24 00:19:00+00:00,open,497.0,5.0,-1.8941349166987784,0.22242638129515946,0.22242638129515946,,1.2082826909096327,2.024920569628197,0.29442844465925344,"[-2.17787022 -2.16001823 -2.14231257 -2.12475204 -2.10733546 -2.09006164
 -2.07292942 -2.0487972  -2.01758288 -1.98633956 -1.95512007 -1.92398108
 -1.89307754 -1.86281907 -1.83379312 -1.80632746 -1.7802862  -1.755398
 -1.73156095 -1.70883506 -1.68740282 -1.66747553 -1.64916888 -1.63250905
 -1.61742836 -1.60379754 -1.59153461 -1.58056148 -1.57071191 -1.56177872
 -1.55356994 -1.54591005 -1.53867095 -1.53181949 -1.52532524 -1.51904642
 -1.51281627 -1.50655858 -1.50023627 -1.49379637 -1.48721297 -1.4804898
 -1.47369252 -1.46693771 -1.46023691 -1.45348893 -1.44662738 -1.4396709
 -1.43264069 -1.4255266  -1.41831741 -1.41094646 -1.40331541 -1.39368739
 -1.38226335 -1.37093294 -1.35969541 -1.34854999 -1.33749593 -1.32653248]",0.11917789428002472,-1.4679058205720787,0.1453659646212017,"[-2.17787022 -2.08521368 -2.00464963 -1.93459989 -1.87369225 -1.82073359
 -1.77468649 -1.72781133 -1.68037525 -1.63886374 -1.60255258 -1.57081674
 -1.54320659 -1.51957292 -1.49995235 -1.48413238 -1.47149753 -1.46139009
 -1.45339571 -1.44730409 -1.44304781 -1.44059455 -1.43982777 -1.44056371
 -1.44255422 -1.44552655 -1.44928782 -1.45367153 -1.45844962 -1.4633852
 -1.46828505 -1.47299503 -1.47742493 -1.48158458 -1.48548267 -1.48902195
 -1.49209538 -1.4946938  -1.49684395 -1.49855418 -1.49985727 -1.50080881
 -1.50151634 -1.50212024 -1.50264318 -1.50300098 -1.50315368 -1.5031453
 -1.5030154  -1.50276972 -1.50241223 -1.50189317 -1.50114072 -1.49852166
 -1.49452602 -1.49105185 -1.4880311  -1.48540457 -1.48312083 -1.48113514]",2.017409848844255,0.9899999999999997,0.2947285090523321,"[-2.17787022 -2.16007404 -2.14242135 -2.12491122 -2.10754251 -2.09031368
 -2.07322285 -2.04912794 -2.01794723 -1.98673446 -1.9555427  -1.9244286
 -1.89354701 -1.86330734 -1.83429697 -1.8068436  -1.78081135 -1.75592912
 -1.73209525 -1.70936988 -1.68793559 -1.66800383 -1.64969056 -1.63302225
 -1.61793145 -1.60428897 -1.59201286 -1.58102517 -1.57115987 -1.56220997
 -1.55398364 -1.54630541 -1.53904733 -1.53217638 -1.52566225 -1.51936306
 -1.51311195 -1.50683273 -1.50048838 -1.49402595 -1.48741952 -1.48067287
 -1.47385166 -1.46707244 -1.46034677 -1.45357354 -1.4466864  -1.43970404
 -1.43264781 -1.42550769 -1.41827256 -1.4108758  -1.40321903 -1.39356532
 -1.38211569 -1.37075992 -1.35949726 -1.34832696 -1.3372482  -1.32626009]"
2025-12-24,2025-12-25 01:47:00+00:00,open,407.0,7.0,-0.2367076117880682,-0.003811040331374471,-0.003811040331374471,,1.4333661371451119,0.15579443331456105,0.10930935163592215,"[-0.37322592 -0.33536025 -0.30133625 -0.27076416 -0.24329376 -0.21861037
 -0.19643124 -0.17354625 -0.15056573 -0.13072945 -0.11358257 -0.09868579
 -0.0857172  -0.07449145 -0.06487467 -0.05669043 -0.04969226 -0.04359565
 -0.03816544 -0.0332531  -0.02876259 -0.0246255  -0.0208067  -0.01732094
 -0.01423748 -0.01167005 -0.00971895 -0.00837486 -0.00752703 -0.00705985
 -0.00686513 -0.00682128 -0.00686045 -0.00699978 -0.00728593 -0.00777641
 -0.00848254 -0.00930054 -0.0100819  -0.01069152 -0.01099399 -0.01090634
 -0.01043467 -0.00957969 -0.00829232 -0.0066019  -0.00468323 -0.00271364
 -0.00077306  0.0010857   0.00280469  0.00437206  0.00583023  0.00619007
  0.00556205  0.00499775  0.00449071  0.0040351   0.00362572  0.00325787]",0.1866094619883965,0.0388278575592323,0.1056846425011182,"[-0.37322592 -0.33801971 -0.30582155 -0.27637443 -0.24944329 -0.22481317
 -0.20228747 -0.17871316 -0.15470475 -0.1335676  -0.11491953 -0.09837988
 -0.08367394 -0.07065524 -0.05922299 -0.04922844 -0.04044691 -0.03260917
 -0.02548954 -0.01894495 -0.01288238 -0.00723477 -0.00196734  0.00290503
  0.0073122   0.01113813  0.01427839  0.01673768  0.01862371  0.0200513
  0.02112977  0.02198368  0.02268536  0.02322214  0.02355078  0.02361607
  0.02340803  0.02303244  0.02264198  0.02237795  0.02238367  0.02275139
  0.02348401  0.02458886  0.02612282  0.02806414  0.03024312  0.03248382
  0.03470543  0.03685341  0.03886717  0.04073186  0.04248741  0.04313725
  0.04276905  0.04243231  0.04212434  0.04184269  0.0415851   0.04134952]",0.1768884076656612,0.9497232751932098,0.10662831264477693,"[-0.37322592 -0.33766589 -0.30524085 -0.27567775 -0.24872424 -0.22414887
 -0.20173951 -0.1783363  -0.15456051 -0.13370631 -0.11537764 -0.09918195
 -0.08483087 -0.07216094 -0.06106181 -0.05138636 -0.04291164 -0.03536567
 -0.02851722 -0.02221789 -0.01637633 -0.01093283 -0.00585854 -0.00116905
  0.00307125  0.00675304  0.00977488  0.01214469  0.01397755  0.01538897
  0.01647657  0.01735084  0.01807285  0.01862043  0.01894658  0.01899798
  0.01876591  0.01835662  0.01793058  0.0176434   0.01764616  0.01802959
  0.01879519  0.01995156  0.02155757  0.02358951  0.02587212  0.02822718
  0.03057453  0.03285864  0.03501835  0.03704237  0.03897422  0.03981797
  0.03966561  0.03956737  0.03951703  0.03950631  0.03953054  0.03959101]"
2025-12-29,2025-12-30 00:50:00+00:00,open,480.0,18.0,-0.6910526421127834,-0.38441440005065,-0.38441440005065,,0.5517740875929109,0.9112420081527894,0.08799981907878457,"[-1.07478495 -1.05530575 -1.0361796  -1.01740008 -0.99896091 -0.98085594
 -0.96307909 -0.9426673  -0.91918863 -0.89509792 -0.87040265 -0.84526661
 -0.81997069 -0.7947817  -0.76988771 -0.74544753 -0.72158698 -0.69846097
 -0.67618185 -0.65462381 -0.63353043 -0.61272142 -0.59215405 -0.57194602
 -0.55227658 -0.53330935 -0.51525944 -0.4983406  -0.48260979 -0.46796426
 -0.45433625 -0.44174088 -0.43005605 -0.41906304 -0.40869668 -0.39900058
 -0.39002014 -0.38174339 -0.37403774 -0.36676213 -0.35976249 -0.35278033
 -0.34560056 -0.33821919 -0.33084849 -0.32377548 -0.31720557 -0.31123686
 -0.30589874 -0.30119061 -0.29708498 -0.29347471 -0.29028284 -0.28617192
 -0.28098539 -0.27589287 -0.27089264 -0.26598303 -0.26116241 -0.25642915]",0.5249935804192687,-0.26395671873224885,0.07798062325295446,"[-1.07478495 -1.04944836 -1.02490348 -1.00112557 -0.97809067 -0.95577556
 -0.93415775 -0.9102715  -0.88372323 -0.8569738  -0.8300261  -0.80303829
 -0.77628283 -0.75001446 -0.72440667 -0.69960186 -0.67570804 -0.65286117
 -0.63115315 -0.61043836 -0.59044405 -0.57097713 -0.55198395 -0.53357116
 -0.51590512 -0.49913472 -0.48345839 -0.46907069 -0.45600805 -0.44414827
 -0.43340619 -0.42378022 -0.41513248 -0.40723162 -0.40000227 -0.39347804
 -0.38769407 -0.38262808 -0.37813848 -0.37407753 -0.37028638 -0.36650471
 -0.36251908 -0.35832862 -0.35414714 -0.35025963 -0.34686618 -0.34405774
 -0.34185601 -0.34025277 -0.33921329 -0.33862427 -0.33840428 -0.33721781
 -0.33492857 -0.33271085 -0.33056244 -0.32848115 -0.32646491 -0.32451167]",0.9150411112163088,0.9899999999998281,0.08852272819601938,"[-1.07478495 -1.05549415 -1.03654662 -1.0179353  -0.99965308 -0.9816928
 -0.96404801 -0.94375559 -0.92038346 -0.89638656 -0.8717725  -0.84670537
 -0.82146676 -0.7963241  -0.77146567 -0.74705022 -0.72320333 -0.7000798
 -0.67779232 -0.65621564 -0.63509384 -0.61424723 -0.59363371 -0.57337167
 -0.55364114 -0.5346067  -0.51648414 -0.49948742 -0.48367377 -0.46894064
 -0.45522059 -0.44252925 -0.430745   -0.41964999 -0.40918029 -0.39938047
 -0.39029631 -0.38191599 -0.37410755 -0.36673068 -0.35963139 -0.35255096
 -0.34527406 -0.33779658 -0.33033064 -0.32316296 -0.31649855 -0.3104353
 -0.30500253 -0.30019974 -0.29599973 -0.29229575 -0.28901149 -0.28481054
 -0.27953696 -0.27436028 -0.26927849 -0.26428977 -0.25939221 -0.25458354]"
2025-12-30,2025-12-31 00:26:00+00:00,open,482.0,35.0,-1.265732237917124,-0.678624805403027,-0.678624805403027,,1.3267260601020407,2.1615186064257217,0.19141643417452253,"[-1.49587482 -1.48438503 -1.47298351 -1.46166955 -1.4504425  -1.43930169
 -1.42824644 -1.41529419 -1.40106567 -1.3881837  -1.3766602  -1.36644588
 -1.35750506 -1.34979376 -1.3432034  -1.3376245  -1.33295895 -1.32905298
 -1.32575332 -1.32299532 -1.32079931 -1.31920632 -1.31822362 -1.31779829
 -1.31781932 -1.31819424 -1.31887135 -1.31976275 -1.32076469 -1.32181895
 -1.32288098 -1.32390702 -1.32489138 -1.32586471 -1.32681887 -1.32768959
 -1.32840576 -1.32890366 -1.32916252 -1.32918544 -1.32896969 -1.32860576
 -1.32827421 -1.32804642 -1.3278321  -1.32751079 -1.32698683 -1.32617795
 -1.32502907 -1.32354013 -1.32172924 -1.31960411 -1.31717784 -1.31083266
 -1.30076418 -1.29077304 -1.28085864 -1.2710204  -1.26125772 -1.25157003]",0.0827032348006367,-1.219176859158286,0.1626127195723858,"[-1.49587482 -1.44537306 -1.40408867 -1.37033934 -1.3427498  -1.32019578
 -1.30175823 -1.28482582 -1.26980874 -1.25865849 -1.25068804 -1.2452814
 -1.24194803 -1.2402775  -1.23987521 -1.24041889 -1.24165314 -1.24331747
 -1.24520033 -1.24720886 -1.24934332 -1.25162161 -1.25402767 -1.25649321
 -1.25890972 -1.26120633 -1.26336045 -1.26531914 -1.26702589 -1.26847518
 -1.2696736  -1.27062748 -1.27137686 -1.27198688 -1.27247412 -1.27280215
 -1.27293486 -1.27284902 -1.27256521 -1.27212031 -1.27153984 -1.27093163
 -1.27046404 -1.27017321 -1.2699441  -1.26965651 -1.26923362 -1.26862406
 -1.26781045 -1.2668286  -1.26572284 -1.26452071 -1.26324953 -1.25852416
 -1.25134265 -1.24547189 -1.24067263 -1.23674931 -1.23354206 -1.23092018]",2.1537911291499885,0.9899999999999836,0.19152854821967685,"[-1.49587482 -1.48441618 -1.47304314 -1.46175502 -1.45055115 -1.4394309
 -1.42839369 -1.41545711 -1.40124208 -1.38837155 -1.37685763 -1.3666511
 -1.3577163  -1.35000922 -1.34342132 -1.33784318 -1.33317684 -1.32926865
 -1.32596538 -1.32320247 -1.32100039 -1.31940025 -1.31840943 -1.3179751
 -1.31798637 -1.31835082 -1.31901687 -1.31989672 -1.32088685 -1.32192921
 -1.32297946 -1.323994   -1.32496723 -1.32592984 -1.32687375 -1.32773464
 -1.32844143 -1.32893042 -1.32918083 -1.32919585 -1.32897281 -1.32860227
 -1.3282648  -1.32803185 -1.32781317 -1.32748835 -1.32696179 -1.32615112
 -1.3250012  -1.32351195 -1.32170146 -1.31957715 -1.31715177 -1.31080731
 -1.30073934 -1.2907484  -1.28083387 -1.27099516 -1.26123164 -1.25154272]"
2025-12-31,2026-01-01 00:20:00+00:00,open,505.0,35.0,-1.0264096561854998,-0.19166931682707222,-0.19166931682707222,,3.2706284347521475,11.99999999993522,0.35359263616232495,"[-0.84175821 -0.84058992 -0.83942324 -0.83825818 -0.83709475 -0.83593292
 -0.83477271 -0.83027584 -0.82253646 -0.81499444 -0.80760076 -0.80024839
 -0.79296911 -0.78582598 -0.77874022 -0.77170124 -0.76475184 -0.75779306
 -0.75068043 -0.74337893 -0.73592829 -0.72829067 -0.7203473  -0.71204297
 -0.7034056  -0.6945373  -0.68560382 -0.6766927  -0.66790675 -0.65945245
 -0.65142901 -0.64384048 -0.6366739  -0.62985723 -0.62331869 -0.61701424
 -0.6109505  -0.60513169 -0.59945695 -0.5938543  -0.58832931 -0.58285631
 -0.57743274 -0.57209427 -0.56684998 -0.56171196 -0.55671468 -0.55188205
 -0.54720623 -0.54271693 -0.53851289 -0.53463715 -0.53110294 -0.52906075
 -0.52832645 -0.52759317 -0.52686091 -0.52612967 -0.52539944 -0.52467023]",0.08683852958151059,-1.0415820597075398,0.052615914842521386,"[-0.84175821 -0.87665404 -0.90545591 -0.92922802 -0.94884873 -0.96504303
 -0.97840926 -0.98630529 -0.98996335 -0.9931528  -0.99590909 -0.99821095
 -1.00017038 -1.00190192 -1.00337249 -1.00462138 -1.00572459 -1.00661522
 -1.00719986 -1.00750201 -1.00760695 -1.00751222 -1.00714422 -1.00650194
 -1.00565873 -1.00474389 -1.00392073 -1.00325045 -1.00280284 -1.00272732
 -1.00304646 -1.00369601 -1.00460608 -1.00566536 -1.00678363 -1.00791089
 -1.0090533  -1.01021089 -1.01128792 -1.01223549 -1.01308122 -1.01381888
 -1.01446647 -1.01507196 -1.01565063 -1.01621882 -1.01681    -1.01744168
 -1.01809937 -1.01880735 -1.01964738 -1.02063396 -1.02175508 -1.02406696
 -1.02712567 -1.02965023 -1.03173392 -1.03345373 -1.03487321 -1.03604479]",11.999999999985448,0.9899999999987957,0.3536327521521441,"[-0.84175821 -0.84059244 -0.83942808 -0.83826514 -0.83710361 -0.83594343
 -0.83478457 -0.83028875 -0.82255012 -0.81500854 -0.80761505 -0.80026267
 -0.7929832  -0.78583968 -0.77875334 -0.77171362 -0.76476333 -0.75780353
 -0.75068976 -0.74338696 -0.73593487 -0.72829561 -0.72035039 -0.71204402
 -0.70340442 -0.69453373 -0.68559773 -0.67668399 -0.6678953  -0.65943813
 -0.65141171 -0.64382008 -0.63665032 -0.6298304  -0.62328857 -0.61698078
 -0.61091363 -0.60509138 -0.59941316 -0.59380699 -0.58827845 -0.58280188
 -0.5773747  -0.57203259 -0.56678461 -0.56164283 -0.5566417  -0.55180516
 -0.54712539 -0.54263211 -0.53842402 -0.5345442  -0.53100587 -0.52895955
 -0.5282211  -0.52748367 -0.52674723 -0.52601182 -0.52527742 -0.52454403]"
2026-01-01,2026-01-02 00:48:00+00:00,open,477.0,8.0,-0.5764024562487577,-1.1446049148488147,-1.1446049148488147,,3.2227653391783773,0.389128609273553,0.0998593915799215,"[-0.75639453 -0.72468158 -0.69429825 -0.66518878 -0.63729977 -0.61058004
 -0.58498058 -0.55586164 -0.52338204 -0.49225915 -0.46269831 -0.43493345
 -0.40903368 -0.38492732 -0.36253603 -0.34179129 -0.32266078 -0.30518999
 -0.28943641 -0.27535201 -0.26290811 -0.25219862 -0.24336012 -0.23644474
 -0.23125699 -0.22742595 -0.22464087 -0.22275525 -0.22172125 -0.22146869
 -0.22190777 -0.22297144 -0.22458714 -0.22665604 -0.22901424 -0.2313261
 -0.23320419 -0.23447942 -0.23514504 -0.23515228 -0.23441655 -0.2330349
 -0.23129848 -0.22944567 -0.22760655 -0.22585632 -0.22419753 -0.22258407
 -0.22099453 -0.21947331 -0.21818823 -0.21740633 -0.21729478 -0.21282122
 -0.20389838 -0.19534965 -0.18715933 -0.1793124  -0.17179446 -0.16459173]",0.3676318437546932,-0.0193126189706481,0.09976308970037692,"[-0.75639453 -0.7237249  -0.69250329 -0.66266551 -0.63415023 -0.60689883
 -0.58085529 -0.5513771  -0.51863154 -0.48733235 -0.45767736 -0.42989274
 -0.40403974 -0.38003927 -0.35780608 -0.33726521 -0.31837834 -0.3011852
 -0.28573763 -0.27198216 -0.25988509 -0.24953542 -0.24106473 -0.23452013
 -0.22970144 -0.22623405 -0.22380456 -0.22226446 -0.22156422 -0.22163218
 -0.22237732 -0.22373163 -0.22562178 -0.22794843 -0.23054749 -0.23308372
 -0.23517105 -0.23664239 -0.23749305 -0.23767629 -0.23710965 -0.23589225
 -0.23431667 -0.23262202 -0.23093857 -0.22934153 -0.2278333  -0.22636772
 -0.22492343 -0.22354485 -0.22239956 -0.22175384 -0.22177355 -0.21742902
 -0.20864792 -0.20025603 -0.19223609 -0.18457161 -0.17724685 -0.17024675]",0.38511044055392346,0.9899999999999983,0.0999030803636582,"[-0.75639453 -0.72462991 -0.69420609 -0.66506615 -0.63715449 -0.61041839
 -0.58480728 -0.55568111 -0.52320026 -0.49208111 -0.46252754 -0.43477283
 -0.40888603 -0.38479501 -0.36241987 -0.34169001 -0.32257269 -0.30511489
 -0.28937555 -0.27530668 -0.26287858 -0.25218405 -0.24335917 -0.23645553
 -0.23127693 -0.22745277 -0.22467299 -0.22279176 -0.22176244 -0.22151536
 -0.22196059 -0.22303152 -0.22465577 -0.22673441 -0.22910295 -0.23142511
 -0.23331309 -0.23459762 -0.23527186 -0.23528692 -0.23455875 -0.23318501
 -0.23145645 -0.22960998 -0.22777421 -0.22602421 -0.22436303 -0.22274416
 -0.22114566 -0.219613   -0.21831526 -0.21751979 -0.2173937  -0.21290511
 -0.20396878 -0.19540841 -0.18720837 -0.17935321 -0.1718283  -0.16462005]"
2026-01-02,2026-01-03 00:15:00+00:00,open,511.0,36.0,-0.17862939614887807,-0.8517354673211166,-0.8517354673211166,,5.05842654272215,1.3447460823096438,0.25260896977088415,"[ 0.23697673  0.23405779  0.2311748   0.22832732  0.22551492  0.22273715
  0.21999361  0.22910201  0.24857152  0.26514401  0.278757    0.28945248
  0.29734249  0.30257601  0.30532531  0.30569874  0.30380041  0.29976788
  0.29371507  0.2858135   0.2761957   0.26488978  0.2519135   0.23729879
  0.22111922  0.20340772  0.18417482  0.16348659  0.14135686  0.11770954
  0.09257255  0.06621457  0.03900883  0.01126146 -0.01682146 -0.04505788
 -0.07320633 -0.1009026  -0.12781575 -0.15384865 -0.17886357 -0.20260723
 -0.22495409 -0.24579757 -0.26498704 -0.28242083 -0.29815614 -0.31243639
 -0.32551704 -0.3375754  -0.34854402 -0.35817391 -0.36651175 -0.36810352
 -0.36356943 -0.35909119 -0.35466811 -0.35029951 -0.34598473 -0.34172309]",11.999999999997577,-4.6619922458008345,0.16134923221680386,"[ 0.23697673  0.23017733  0.22338737  0.21660683  0.2098357   0.20307397
  0.19632162  0.20144019  0.21710681  0.23007997  0.2402646   0.24767007
  0.2523767   0.25450327  0.25419366  0.25152955  0.24658937  0.23948647
  0.23031202  0.21921617  0.20631217  0.19160953  0.17510772  0.15682061
  0.13680431  0.11507507  0.09162682  0.0665095   0.03972143  0.01117061
 -0.01913147 -0.05093087 -0.08386535 -0.11763591 -0.1520408  -0.18690029
 -0.2219729  -0.25689122 -0.29131687 -0.32514294 -0.3582212  -0.39028531
 -0.42119454 -0.45082614 -0.47901179 -0.50563072 -0.53072063 -0.55450727
 -0.57723137 -0.59905788 -0.61990798 -0.6395191  -0.65792282 -0.66963136
 -0.67517246 -0.68070586 -0.68623159 -0.69174965 -0.69726004 -0.70276279]",1.3704518149987002,0.9899999999822703,0.25409918249144514,"[ 0.23697673  0.23421302  0.23148638  0.2287961   0.22614126  0.22352075
  0.22093357  0.23019804  0.24982672  0.26656143  0.28033869  0.29119941
  0.29925448  0.30465209  0.30756359  0.30809659  0.30635468  0.30247478
  0.29657021  0.28881189  0.27933173  0.26815735  0.25530632  0.24081033
  0.22474273  0.20713623  0.18800104  0.16740307  0.14535595  0.12178314
  0.09671223  0.07041187  0.04325514  0.01554792 -0.01250382 -0.04071815
 -0.06885384 -0.09654671 -0.12346532 -0.14951162 -0.17454705 -0.19831776
 -0.22069767 -0.24157973 -0.26081285 -0.2782945  -0.29408115 -0.30841605
 -0.32155422 -0.33367261 -0.3447038  -0.3543986  -0.36280336 -0.36446304
 -0.35999564 -0.35558246 -0.35122302 -0.3469167  -0.3426622  -0.3384583 ]"
2026-01-03,2026-01-04 02:14:00+00:00,open,341.0,20.0,-1.038249163964263,0.24810689609076775,0.24810689609076775,,3.9827122188425776,11.999999995711566,0.354846396432588,"[-0.94774557 -0.94643017 -0.94511659 -0.94380484 -0.94249491 -0.9411868
 -0.9398805  -0.93371284 -0.92246037 -0.9107945  -0.89881321 -0.88666912
 -0.87456659 -0.86271052 -0.8511947  -0.83991995 -0.82861379 -0.81700999
 -0.80507378 -0.79302846 -0.78117616 -0.7697144  -0.75860805 -0.74763901
 -0.73675412 -0.72612489 -0.715858   -0.70586388 -0.69593799 -0.68601375
 -0.67628328 -0.66699896 -0.65823635 -0.64993425 -0.64201487 -0.63432905
 -0.62674667 -0.61928048 -0.61193965 -0.60464079 -0.59730969 -0.5899412
 -0.58255215 -0.57510272 -0.56745032 -0.55939922 -0.55087988 -0.54199189
 -0.53279692 -0.52327184 -0.5133914  -0.50309136 -0.49231716 -0.48647417
 -0.48579898 -0.48512473 -0.48445141 -0.48377903 -0.48310758 -0.48243707]",0.010000000000000005,-1.0158938148813246,0.07132974973868292,"[-0.94774557 -1.00282596 -1.01342011 -1.0153974  -1.0157942  -1.01587382
 -1.01594291 -1.012881   -1.01041361 -1.0097801  -1.00950208 -1.00937265
 -1.00937492 -1.0095001  -1.00968337 -1.00981565 -1.00979501 -1.00962391
 -1.00942783 -1.00935054 -1.00944108 -1.00964997 -1.0098438  -1.00992139
 -1.00997747 -1.01011925 -1.01031797 -1.0104695  -1.0105089  -1.01051374
 -1.01062199 -1.01086817 -1.01115989 -1.01142877 -1.01165555 -1.01179244
 -1.01185924 -1.01192851 -1.01199487 -1.01201528 -1.01199557 -1.01197032
 -1.0119517  -1.01190897 -1.01178443 -1.01154754 -1.01127164 -1.01104439
 -1.01084514 -1.01063876 -1.01041902 -1.01015945 -1.00981271 -1.01292757
 -1.01536893 -1.01578848 -1.01587268 -1.01588957 -1.01589296 -1.01589364]",11.999999999993125,0.010000000000127112,0.34379330221354293,"[-0.94774557 -0.94760534 -0.94742897 -0.94721202 -0.94695109 -0.94664257
 -0.94628401 -0.94101212 -0.93060409 -0.91973288 -0.90849846 -0.89705237
 -0.88559589 -0.87433308 -0.86335685 -0.85257037 -0.84170567 -0.83049744
 -0.81891134 -0.80717289 -0.79558757 -0.78435651 -0.77344663 -0.7626382
 -0.75187439 -0.74132647 -0.73110425 -0.72112344 -0.71118571 -0.70122711
 -0.69143942 -0.6820753  -0.6732144  -0.66479943 -0.65675408 -0.64892706
 -0.641186   -0.63354619 -0.62601999 -0.61852324 -0.61097921 -0.60338294
 -0.59575344 -0.58805165 -0.58013561 -0.57180972 -0.56300263 -0.55381494
 -0.54431102 -0.53446942 -0.52426241 -0.51362112 -0.50248913 -0.49627096
 -0.49520346 -0.49411988 -0.49301953 -0.49190375 -0.49077243 -0.48962334]"
2026-01-04,2026-01-04 23:59:00+00:00,open,532.0,54.0,0.6031857696833569,1.2440665332322975,1.2440665332322975,,1.983337390808659,0.7124317274429524,0.12706168287885264,"[0.29440676 0.28759933 0.2809493  0.27445304 0.26810699 0.26190768
 0.25585171 0.2652558  0.28985673 0.31436332 0.33876684 0.36302199
 0.38735067 0.41216575 0.43774995 0.4640892  0.49087959 0.51775001
 0.54448221 0.57094371 0.59691893 0.6221654  0.64660889 0.67020354
 0.69268784 0.71379194 0.73336748 0.7511966  0.76701379 0.78068247
 0.79224502 0.80183801 0.80960197 0.81567884 0.82020307 0.82331034
 0.82512449 0.82566868 0.82497347 0.82323642 0.82065749 0.8173139
 0.81326728 0.80857689 0.80323662 0.79715423 0.79022393 0.78243213
 0.77388141 0.7647184  0.75499289 0.74465552 0.73368807 0.71962239
 0.7029829  0.68672815 0.67084925 0.65533752 0.64018445 0.62538177]",0.17729742356883263,0.5291660243251755,0.039582650662850154,"[0.29440676 0.31546956 0.3346426  0.35209541 0.36798234 0.38244388
 0.39560792 0.42255797 0.46180376 0.49798716 0.53137112 0.5621616
 0.59080444 0.61789268 0.64384831 0.66877459 0.6924859  0.71474349
 0.73546991 0.75467137 0.77226967 0.78816406 0.8024209  0.81512379
 0.82613931 0.83533467 0.84269922 0.84815177 0.85156883 0.85295726
 0.85249298 0.85042719 0.84699526 0.8424161  0.83688463 0.83058286
 0.82366754 0.8161864  0.80819226 0.79989527 0.79149147 0.78304582
 0.77460476 0.76620915 0.75783417 0.74937388 0.74071753 0.73185135
 0.7228746  0.71392176 0.70502414 0.6961164  0.68716868 0.67575892
 0.66260648 0.65063408 0.63973586 0.62981544 0.62078509 0.61256494]",0.15822672196974089,0.6063810309670585,0.10786482083358306,"[0.29440676 0.29335342 0.2933316  0.29431748 0.296223   0.29881119
 0.30184982 0.32015288 0.35201173 0.38214962 0.41080664 0.43798139
 0.46393872 0.48923509 0.51430039 0.53915904 0.56358176 0.58733699
 0.61028442 0.63239977 0.65365882 0.67399438 0.69345688 0.71208371
 0.72965984 0.74590106 0.76059618 0.77348922 0.78436934 0.79326692
 0.80043219 0.80608152 0.81032215 0.81332205 0.81526085 0.81627356
 0.81648505 0.815977   0.81489394 0.81349279 0.81191625 0.8101187
 0.80803049 0.80566736 0.80303196 0.80001229 0.79650118 0.79250459
 0.78810549 0.78341779 0.77846003 0.7731508  0.76746581 0.75900683
 0.74854637 0.73901215 0.73030376 0.72230968 0.71491159 0.70804037]"
2026-01-08,2026-01-09 00:52:00+00:00,open,497.0,8.0,0.4083956396191972,0.015064326734382405,0.015064326734382405,,4.681249645367095,0.14556095414869052,0.14602038815727938,"[0.69701554 0.62160704 0.55435682 0.49438224 0.44089618 0.39319664
 0.35065761 0.31310991 0.27996012 0.25037058 0.22390015 0.19998736
 0.17822278 0.15847093 0.14081531 0.12520646 0.11123347 0.09844293
 0.08658306 0.07552524 0.06523644 0.05581681 0.04731588 0.03965825
 0.03282689 0.02697985 0.02240946 0.01926009 0.01735112 0.01622241
 0.01542735 0.01486699 0.01462278 0.01466979 0.01496905 0.01560371
 0.01662637 0.01796051 0.01939007 0.02059469 0.02129555 0.02135252
 0.02083768 0.01999861 0.01911238 0.01838984 0.01798103 0.01795364
 0.01826383 0.018827   0.01956781 0.0204797  0.02161908 0.02101348
 0.01874008 0.01671264 0.01490454 0.01329205 0.01185401 0.01057155]",0.2793698748956773,-0.25108183588700145,0.04577847671613826,"[ 0.69701554  0.642108    0.59038035  0.54164842  0.49573872  0.45248781
  0.41174171  0.37375156  0.33831039  0.30489442  0.27333028  0.24328073
  0.21452072  0.18707398  0.16117318  0.13691288  0.11400495  0.09208639
  0.0709719   0.05058604  0.03094126  0.01218238 -0.00559345 -0.02241835
 -0.03827176 -0.05295672 -0.06613161 -0.07759215 -0.08746382 -0.09617213
 -0.10415758 -0.11152839 -0.11821023 -0.12423272 -0.12964229 -0.13436151
 -0.13833831 -0.14165074 -0.1445237  -0.14730089 -0.15029964 -0.15370778
 -0.15750025 -0.16146459 -0.16534216 -0.16892633 -0.17206167 -0.17466921
 -0.17678173 -0.17847729 -0.17982934 -0.1808453  -0.18146772 -0.18370192
 -0.18760412 -0.19128033 -0.19474364 -0.19800638 -0.20108016 -0.20397592]",0.14213526562391085,0.9899999999999999,0.15272225312149243,"[0.69701554 0.62104847 0.55347215 0.49336146 0.43989071 0.39232369
 0.35000423 0.3127396  0.27992124 0.25070079 0.22462779 0.20113489
 0.17980677 0.16049994 0.14328994 0.12812369 0.11459105 0.1022388
 0.09081084 0.08017196 0.07028541 0.06125068 0.05312018 0.04581792
 0.03932131 0.03378526 0.02950219 0.02661455 0.02493948 0.02401765
 0.02340511 0.02300947 0.02291937 0.02311514 0.02356063 0.02433728
 0.02549327 0.0269477  0.02848268 0.0297781  0.03055723 0.03068314
 0.03023147 0.02945319 0.02862729 0.0279653  0.02761726 0.02765027
 0.0280195  0.02863962 0.02943497 0.03039808 0.03158383 0.03102087
 0.02879336 0.02681486 0.02505622 0.02349219 0.02210109 0.02086433]"
2026-01-09,2026-01-10 01:19:00+00:00,open,450.0,42.0,-0.9076009137806409,-0.808209114956421,-0.808209114956421,,1.1198067620524532,11.999999918192959,0.23478633709340743,"[-0.73396367 -0.73294498 -0.73192771 -0.73091185 -0.72989739 -0.72888435
 -0.72787272 -0.7247676  -0.71899203 -0.7121825  -0.70468205 -0.69696655
 -0.68943552 -0.68219107 -0.67521825 -0.66877163 -0.66325422 -0.65890975
 -0.65590334 -0.65448471 -0.65480688 -0.65668158 -0.65972273 -0.66361027
 -0.66815164 -0.67321573 -0.67865401 -0.68424925 -0.68974863 -0.69489021
 -0.6993207  -0.70268234 -0.70473582 -0.70527409 -0.70417938 -0.70167307
 -0.69826031 -0.69438445 -0.6902845  -0.68603011 -0.68158395 -0.67690395
 -0.67202473 -0.66709702 -0.66232175 -0.65787504 -0.65393442 -0.65068708
 -0.64821464 -0.64627956 -0.64436768 -0.64208099 -0.63932601 -0.63739383
 -0.63650917 -0.63562574 -0.63474354 -0.63386257 -0.63298281 -0.63210428]",0.10535812665166557,-0.9220843564870094,0.07057306315934568,"[-0.73396367 -0.76148816 -0.78498546 -0.80504481 -0.82216921 -0.83678809
 -0.84926804 -0.85793243 -0.86289007 -0.86616081 -0.86831014 -0.86994242
 -0.87150026 -0.87308467 -0.87468007 -0.87652557 -0.87895712 -0.88211304
 -0.88604251 -0.89086643 -0.89659402 -0.90291638 -0.90939103 -0.91570263
 -0.9216993  -0.92730669 -0.93244444 -0.93697954 -0.94076664 -0.94367212
 -0.94549581 -0.94606554 -0.94534317 -0.94332394 -0.9400893  -0.93602543
 -0.93172071 -0.92761675 -0.92390269 -0.9205837  -0.91756659 -0.91476852
 -0.91219054 -0.90994114 -0.90815793 -0.90693555 -0.90635707 -0.90650204
 -0.90733863 -0.90854149 -0.90958045 -0.9101153  -0.91013599 -0.91094238
 -0.9125726  -0.91396429 -0.91515236 -0.9161666  -0.91703245 -0.91777161]",11.99999999858984,0.9899999999191071,0.23486265445203913,"[-0.73396367 -0.73294543 -0.73192852 -0.73091286 -0.72989838 -0.72888506
 -0.72787294 -0.72476715 -0.71899069 -0.71217999 -0.70467811 -0.6969609
 -0.6894279  -0.68218118 -0.67520579 -0.66875629 -0.66323572 -0.65888781
 -0.65587773 -0.65445523 -0.65477339 -0.65664395 -0.6596809  -0.66356421
 -0.66810138 -0.67316131 -0.67859553 -0.68418685 -0.68968245 -0.6948203
 -0.69924704 -0.70260487 -0.70465446 -0.7051888  -0.70409011 -0.70157977
 -0.69816292 -0.69428286 -0.69017859 -0.68591972 -0.68146889 -0.67678405
 -0.6718999  -0.6669672  -0.66218694 -0.6577352  -0.65378948 -0.65053697
 -0.64805927 -0.64611883 -0.6442015  -0.64190927 -0.63914867 -0.63721078
 -0.63632035 -0.63543107 -0.63454294 -0.63365589 -0.63276989 -0.6318849 ]"
2026-01-10,2026-01-11 00:19:00+00:00,open,514.0,3.0,-2.123462504272263,-0.5780232217653971,-0.5780232217653971,,1.4257720149548403,3.606728070003401,0.04010450951529844,"[-2.17282284 -2.1628054  -2.15283415 -2.14290886 -2.13302934 -2.12319537
 -2.11340673 -2.09975479 -2.082502   -2.06591382 -2.05027676 -2.03584398
 -2.02270416 -2.01086214 -2.00025104 -1.99062038 -1.9815255  -1.97252772
 -1.96330644 -1.95368858 -1.94361558 -1.93304387 -1.92191232 -1.91011336
 -1.8974985  -1.88398349 -1.86960075 -1.85437582 -1.83829074 -1.82138258
 -1.80378758 -1.78580675 -1.7677896  -1.74984953 -1.73187072 -1.71372826
 -1.695404   -1.6770009  -1.65874647 -1.64090882 -1.62357899 -1.60663937
 -1.59002442 -1.5738126  -1.55804668 -1.5426159  -1.52722675 -1.51159179
 -1.49572319 -1.4798221  -1.46402413 -1.44835729 -1.4327742  -1.42171262
 -1.41515805 -1.4086337  -1.40213943 -1.3956751  -1.38924057 -1.38283571]",1.1543312315926084,-1.269803215946966,0.03161342055573808,"[-2.17282284 -2.15987837 -2.14711947 -2.13454345 -2.12214771 -2.10992966
 -2.09788675 -2.08212079 -2.0629417  -2.04461992 -2.02743143 -2.01161611
 -1.99724795 -1.98431691 -1.97274173 -1.96225913 -1.95241536 -1.94276729
 -1.93299362 -1.92292303 -1.91249974 -1.90168333 -1.89041631 -1.87859546
 -1.86607788 -1.85278611 -1.83875944 -1.82402975 -1.8085854  -1.79246965
 -1.77582401 -1.75895265 -1.74220474 -1.7256909  -1.70929278 -1.69288433
 -1.67644697 -1.66008284 -1.64401704 -1.62851274 -1.61365413 -1.59931718
 -1.58543114 -1.57206917 -1.55926808 -1.5469115  -1.53470236 -1.52235287
 -1.50987635 -1.49747369 -1.48527856 -1.47331623 -1.46153678 -1.45436138
 -1.4517158  -1.44910815 -1.44653788 -1.44400445 -1.44150734 -1.43904602]",3.588683027505747,0.9899999999999999,0.04026682768181739,"[-2.17282284 -2.16284014 -2.1529017  -2.14300702 -2.13315576 -2.12334762
 -2.11358234 -2.0999513  -2.08271727 -2.06614594 -2.05052392 -2.03610447
 -2.02297635 -2.01114439 -2.00054174 -1.99091785 -1.98182807 -1.97283376
 -1.96361439 -1.95399693 -1.94392284 -1.93334857 -1.92221297 -1.91040849
 -1.89778664 -1.88426316 -1.86987052 -1.85463444 -1.8385371  -1.82161565
 -1.80400639 -1.78601034 -1.76797706 -1.75002009 -1.73202379 -1.71386331
 -1.69552051 -1.67709841 -1.6588247  -1.64096773 -1.62361868 -1.60665989
 -1.59002579 -1.5737948  -1.55800962 -1.54255946 -1.52715093 -1.51149668
 -1.49560891 -1.4796887  -1.46387167 -1.44818584 -1.4325838  -1.42150323
 -1.41492941 -1.40838547 -1.40187133 -1.39538692 -1.3889321  -1.38250668]"
2026-01-12,2026-01-13 04:20:00+00:00,open,114.0,11.0,-0.35520604155297164,-0.24842016310501513,-0.24842016310501513,,0.8682520312769488,11.999999999993076,0.15916071392243888,"[-0.69217671 -0.69121602 -0.69025666 -0.68929864 -0.68834194 -0.68738657
 -0.68643253 -0.67080158 -0.64009474 -0.60872395 -0.57713035 -0.54592967
 -0.51557882 -0.48606714 -0.45698906 -0.42784617 -0.39821682 -0.36783479
 -0.33662782 -0.3047001  -0.27231643 -0.23973582 -0.20700808 -0.17414128
 -0.14135203 -0.10901382 -0.07749934 -0.04709782 -0.01803467  0.00942947
  0.03498523  0.05836476  0.07940109  0.09804418  0.11432008  0.12826737
  0.13991648  0.14928253  0.15639778  0.16134041  0.16422643  0.16520384
  0.16444685  0.1621645   0.15858459  0.15390513  0.14821007  0.14151086
  0.13390694  0.12562541  0.11698161  0.10828055  0.09970531  0.09539705
  0.09526464  0.09513242  0.09500039  0.09486853  0.09473686  0.09460538]",0.3248456380302434,-0.2674873180001986,0.051287716148407735,"[-0.69217671 -0.67093694 -0.65075943 -0.63159104 -0.61338132 -0.5960823
 -0.57964846 -0.54959944 -0.50644182 -0.46475458 -0.42489481 -0.38737161
 -0.3525129  -0.32017384 -0.28983306 -0.26090515 -0.23290856 -0.20553712
 -0.17868887 -0.1524388  -0.12701498 -0.10262741 -0.07927159 -0.05690426
 -0.03568813 -0.01593028  0.00207831  0.0181423   0.03213765  0.04391139
  0.05327065  0.0600727   0.06428007  0.06597101  0.0652937   0.06240095
  0.05743009  0.05049658  0.04172718  0.03128708  0.01937021  0.00619211
 -0.00801668 -0.02300288 -0.03850747 -0.05431336 -0.0703258  -0.08652453
 -0.10280399 -0.11893942 -0.13463105 -0.14960441 -0.16371753 -0.172941
 -0.1776695  -0.18216151 -0.18642886 -0.1904828  -0.19433398 -0.19799256]",11.999999815373481,0.9899999999999682,0.1592818069203344,"[-0.69217671 -0.69122762 -0.69027931 -0.68933164 -0.68838449 -0.68743778
 -0.68649155 -0.67086763 -0.64016706 -0.6088018  -0.57721299 -0.54601636
 -0.51566882 -0.48615967 -0.45708336 -0.42794149 -0.39831245 -0.36793003
 -0.336722   -0.30479255 -0.27240651 -0.23982288 -0.20709142 -0.17422017
 -0.1414257  -0.10908146 -0.07756017 -0.04715111 -0.01807975  0.00939324
  0.03495845  0.05834801  0.07939485  0.09804882  0.11433593  0.12829468
  0.1399555   0.14933345  0.15646081  0.16141575  0.16431428  0.16530438
  0.16456023  0.16229082  0.15872393  0.15405754  0.14837557  0.14168942
  0.13409847  0.12582977  0.11719864  0.10851013  0.09994734  0.09565147
  0.09553142  0.09541152  0.09529183  0.09517237  0.09505319  0.09493433]"
2026-01-17,2026-01-18 00:15:00+00:00,open,531.0,29.0,-1.0940756819154913,-0.6662493728000918,-0.6662493728000918,,2.718033517464228,6.692917668717338,0.05891262664462888,"[-1.11350932 -1.11073992 -1.1079774  -1.10522175 -1.10247296 -1.099731
 -1.09699587 -1.09214014 -1.08557535 -1.07986571 -1.07508172 -1.07130211
 -1.06856041 -1.06684679 -1.06610698 -1.06628825 -1.0674582  -1.06965546
 -1.07280582 -1.07688027 -1.08186333 -1.08766095 -1.09411925 -1.10107457
 -1.10836131 -1.11577163 -1.12311951 -1.13033861 -1.13739866 -1.14416382
 -1.15045016 -1.15613338 -1.16117232 -1.16558586 -1.1693694  -1.17249827
 -1.17496095 -1.17675503 -1.17788701 -1.17836965 -1.17827415 -1.17772054
 -1.17675315 -1.17535748 -1.17357216 -1.17143981 -1.16903157 -1.1664943
 -1.16392745 -1.16135803 -1.15878638 -1.15624833 -1.15382416 -1.15121639
 -1.14835321 -1.14549714 -1.14264818 -1.1398063  -1.13697149 -1.13414374]",11.999999999999998,0.891501758253284,0.058511953464786146,"[-1.11350932 -1.11072652 -1.10794758 -1.10517249 -1.10240126 -1.09963387
 -1.09687032 -1.09198244 -1.08537878 -1.07962358 -1.0747883  -1.07095276
 -1.06815161 -1.06637618 -1.0655733  -1.06569129 -1.06679877 -1.06893551
 -1.07202838 -1.0760494  -1.08098409 -1.08673934 -1.0931621  -1.10008933
 -1.10735586 -1.11475412 -1.12209808 -1.12932128 -1.1363933  -1.14317803
 -1.14949111 -1.15520763 -1.16028572 -1.16474356 -1.16857585 -1.1717572
 -1.17427537 -1.17612721 -1.17731847 -1.1778612  -1.17782591 -1.17733206
 -1.17642351 -1.17508529 -1.17335559 -1.17127662 -1.16891919 -1.16642991
 -1.16390817 -1.16138098 -1.15884867 -1.15634708 -1.15395659 -1.15137974
 -1.14854438 -1.14571295 -1.14288544 -1.14006187 -1.13724221 -1.13442647]",6.684617963177646,0.989999999999998,0.058961802441439795,"[-1.11350932 -1.11074904 -1.10799514 -1.1052476  -1.10250637 -1.0997714
 -1.0970427  -1.0921929  -1.08563358 -1.07992892 -1.07514942 -1.07137386
 -1.06863571 -1.0669252  -1.06618808 -1.06637169 -1.06754364 -1.0697426
 -1.07289436 -1.07696992 -1.08195376 -1.08775183 -1.09421031 -1.10116553
 -1.10845194 -1.11586172 -1.12320885 -1.13042699 -1.13748591 -1.14424978
 -1.15053467 -1.15621632 -1.16125353 -1.16566515 -1.16944655 -1.17257306
 -1.17503315 -1.17682437 -1.17795322 -1.17843244 -1.17833325 -1.17777569
 -1.17680409 -1.17540393 -1.17361386 -1.17147648 -1.16906295 -1.16652009
 -1.16394737 -1.16137181 -1.15879377 -1.15624907 -1.15381803 -1.15120314
 -1.14833268 -1.14546927 -1.14261293 -1.13976365 -1.1369214  -1.13408621]"
2026-01-18,2026-01-19 00:07:00+00:00,open,515.0,27.0,-0.6219000737960325,-0.3972537659787516,-0.3972537659787516,,4.001401035771766,11.999999999999453,0.39178904201536174,"[-0.28138998 -0.28099943 -0.28060943 -0.28021996 -0.27983104 -0.27944265
 -0.27905481 -0.28422778 -0.29507071 -0.30616131 -0.31746014 -0.32886874
 -0.34042842 -0.35218889 -0.36401089 -0.37568606 -0.3870953  -0.39817305
 -0.40880588 -0.41889565 -0.42839155 -0.43730407 -0.44569018 -0.45353134
 -0.4607144  -0.46714035 -0.47274971 -0.47744444 -0.48114683 -0.48387161
 -0.48567418 -0.48656582 -0.48645133 -0.48515807 -0.4825579  -0.47855555
 -0.47308895 -0.46625502 -0.45820368 -0.44902114 -0.43874008 -0.42743525
 -0.41529511 -0.40253404 -0.38934687 -0.37585989 -0.3621518  -0.34842175
 -0.33502708 -0.32230907 -0.31046931 -0.29954949 -0.2895048  -0.28449911
 -0.28410424 -0.28370993 -0.28331616 -0.28292294 -0.28253026 -0.28213813]",7.132380128764433,-4.999999999999999,0.12965513401191606,"[-0.28138998 -0.29240337 -0.30339106 -0.3143531  -0.32528955 -0.33620048
 -0.34708594 -0.36350452 -0.38555836 -0.40782333 -0.43025983 -0.45276937
 -0.4753932  -0.49818097 -0.52099334 -0.54362209 -0.56594841 -0.58790711
 -0.6093852  -0.63028511 -0.65055664 -0.67021094 -0.68930556 -0.70782255
 -0.72564941 -0.74268786 -0.75887925 -0.77412643 -0.78835266 -0.80157367
 -0.81384585 -0.82518137 -0.83548601 -0.84458821 -0.85236108 -0.85871067
 -0.86357633 -0.86705638 -0.86930202 -0.87040057 -0.87038583 -0.86933358
 -0.8674332  -0.86489982 -0.86192874 -0.85864665 -0.85513251 -0.85158563
 -0.84836324 -0.84580614 -0.84411522 -0.84333132 -0.8434088  -0.84850945
 -0.85819916 -0.86786626 -0.8775108  -0.88713282 -0.89673239 -0.90630955]",11.999999999999966,0.9899999999999997,0.391807379513041,"[-0.28138998 -0.28100444 -0.28061921 -0.28023432 -0.27984974 -0.27946545
 -0.27908142 -0.28425795 -0.29510417 -0.30619781 -0.3174994  -0.32891052
 -0.34047243 -0.35223488 -0.36405856 -0.37573508 -0.38714534 -0.39822381
 -0.40885707 -0.41894703 -0.42844287 -0.43735509 -0.44574065 -0.45358101
 -0.46076304 -0.46718774 -0.47279563 -0.47748869 -0.48118923 -0.48391201
 -0.48571241 -0.48660171 -0.48648473 -0.48518886 -0.48258595 -0.47858074
 -0.47311115 -0.4662741  -0.45821953 -0.44903362 -0.43874902 -0.42744044
 -0.4152963  -0.402531   -0.38933934 -0.37584764 -0.36213458 -0.34839933
 -0.33499923 -0.32227555 -0.31042992 -0.29950404 -0.28945313 -0.28444108
 -0.28403972 -0.2836388  -0.28323834 -0.28283836 -0.28243886 -0.2820398 ]"
2026-01-19,2026-01-20 00:16:00+00:00,open,530.0,9.0,-0.4615602361065516,-0.38177994705647933,-0.38177994705647933,,4.594831033477875,11.999999999999753,0.34643237258528886,"[-0.49182421 -0.49114159 -0.49045993 -0.4897792  -0.48909943 -0.48842059
 -0.4877427  -0.48317525 -0.47417049 -0.46408027 -0.45292893 -0.44072164
 -0.42740537 -0.41287322 -0.3970894  -0.38015636 -0.3621181  -0.34291196
 -0.32263548 -0.30153384 -0.27980628 -0.25766688 -0.2353248  -0.21288749
 -0.1904179  -0.1679883  -0.14574509 -0.12390813 -0.10267532 -0.08211973
 -0.0621685  -0.04277467 -0.02394092 -0.00556932  0.01240307  0.02986841
  0.04670567  0.06289338  0.07850538  0.09358613  0.10806477  0.12189706
  0.13511506  0.14782627  0.16017073  0.17216815  0.18374456  0.19479625
  0.2052479   0.21516563  0.2247187   0.2340619   0.24328627  0.24770258
  0.24735879  0.24701547  0.24667263  0.24633027  0.24598838  0.24564697]",0.34715055646174836,-0.6080634193467942,0.04666610870518052,"[-0.49182421 -0.497273   -0.50246637 -0.5074163  -0.5121342  -0.51663095
 -0.52091691 -0.5211712  -0.51709721 -0.51214153 -0.50636777 -0.49981776
 -0.49247434 -0.48426866 -0.47520515 -0.46542282 -0.45499596 -0.4438921
 -0.43223788 -0.42029713 -0.40827654 -0.39638859 -0.38483041 -0.37369092
 -0.36301188 -0.35284234 -0.34330199 -0.3345765  -0.32682133 -0.3200625
 -0.31418263 -0.30909607 -0.30476877 -0.30106969 -0.2979093  -0.29536875
 -0.29353756 -0.2924039  -0.29186348 -0.29184641 -0.29239841 -0.29353632
 -0.29520218 -0.29726654 -0.29957481 -0.30209749 -0.30489729 -0.30806332
 -0.31165232 -0.31557998 -0.31966568 -0.32375149 -0.32774899 -0.33628013
 -0.34902015 -0.36116297 -0.37273659 -0.38376769 -0.3942817  -0.40430286]",11.999999999999982,0.9899999999999999,0.346615146344747,"[-0.49182421 -0.49114125 -0.49045914 -0.48977786 -0.48909739 -0.48841773
 -0.48773887 -0.48317032 -0.47416432 -0.46407273 -0.45291987 -0.44071089
 -0.42739271 -0.41285841 -0.39707211 -0.38013625 -0.36209483 -0.34288521
 -0.32260491 -0.30149908 -0.27976696 -0.2576226  -0.23527517 -0.21283216
 -0.19035652 -0.16792051 -0.14567056 -0.12382657 -0.10258642 -0.08202319
 -0.06206403 -0.04266203 -0.02381988 -0.00543963  0.01254163  0.03001604
  0.04686254  0.06305969  0.07868131  0.09377186  0.1082605   0.122103
  0.13533138  0.14805312  0.16040823  0.17241639  0.18400366  0.19506628
  0.20552889  0.21545759  0.22502163  0.23437579  0.24361115  0.24803844
  0.24770562  0.24737326  0.24704137  0.24670995  0.24637903  0.24604865]"
2026-01-27,2026-01-27 23:43:00+00:00,open,555.0,11.0,0.5749096224886738,-0.3592519132439662,-0.3592519132439662,,1.5828357678665956,0.32773414682352825,0.041818144319056005,"[0.83569204 0.7942561  0.75487466 0.71744587 0.6818729  0.64806373
 0.61593092 0.58898566 0.56716609 0.54685002 0.52778693 0.50988761
 0.4932018  0.47764571 0.46301576 0.44915417 0.43590331 0.42308255
 0.41058369 0.39823935 0.38586294 0.37343076 0.36102753 0.3487474
 0.33655262 0.32433866 0.31212295 0.30005104 0.28823922 0.27663644
 0.26521226 0.25409574 0.24347638 0.23353409 0.22438039 0.21605881
 0.2086417  0.20221285 0.19675391 0.192165   0.18827933 0.18485474
 0.18159667 0.17823787 0.17470924 0.17108716 0.16734194 0.16321343
 0.15839379 0.15281294 0.14655591 0.13965439 0.13211997 0.12502724
 0.11882804 0.11293621 0.10733652 0.10201447 0.09695631 0.09214895]",0.359717459313936,-0.039144596586769,0.04082110788317676,"[0.83569204 0.79608321 0.7582677  0.72216431 0.68769552 0.65478733
 0.62336909 0.59697302 0.57557273 0.55556398 0.53670742 0.51892361
 0.50227169 0.48667681 0.47194325 0.45791983 0.44445466 0.43137177
 0.41856673 0.40587529 0.39311293 0.38025744 0.36739515 0.35462221
 0.34190289 0.32913426 0.31633498 0.30365219 0.29120438 0.27894273
 0.26683862 0.25502309 0.24368828 0.23301747 0.22312603 0.21406151
 0.2059003  0.19873046 0.19253786 0.18722635 0.18263218 0.17851512
 0.17458129 0.17056279 0.16638908 0.1621353  0.15777075 0.15303368
 0.14761335 0.14143599 0.13458326 0.12708392 0.11894685 0.11124567
 0.10443664 0.0979359  0.09172949 0.08580407 0.08014694 0.07474593]",0.3231025506971488,0.9899999999999999,0.04202808794746455,"[0.83569204 0.79400972 0.75441908 0.71681597 0.68109874 0.64717143
 0.61494497 0.5879285  0.56605414 0.54569757 0.52660757 0.50869412
 0.49200742 0.47646228 0.46185198 0.44801598 0.43479494 0.42200786
 0.40954595 0.39724123 0.38490695 0.37251966 0.3601644  0.34793479
 0.33579265 0.32363382 0.31147642 0.2994663  0.28771941 0.27618394
 0.26482957 0.2537861  0.24324303 0.23338034 0.22431034 0.21607818
 0.20875663 0.20242835 0.19707435 0.1925951  0.18882522 0.18552401
 0.18239726 0.17917726 0.17579464 0.17232558 0.16873981 0.16477598
 0.16012463 0.15471465 0.14863049 0.14190297 0.13454356 0.12762711
 0.12160403 0.11588605 0.110457   0.10530285 0.10040927 0.09576235]"
2026-01-28,2026-01-29 00:24:00+00:00,open,464.0,4.0,0.4675899627975024,0.7386648535648881,0.7386648535648881,,2.1626170241397977,0.08988586182052766,0.19072289650932053,"[0.71387532 0.59305551 0.49268385 0.40929958 0.34002769 0.28247971
 0.23467144 0.19329499 0.15744914 0.12787901 0.10357695 0.08370181
 0.06758848 0.05463403 0.04427198 0.03607771 0.02976867 0.02512737
 0.02198701 0.02021739 0.01962237 0.01998793 0.02118147 0.02305383
 0.02536003 0.02787375 0.0304939  0.0331855  0.03588147 0.03846585
 0.04081198 0.04280604 0.04438252 0.04550759 0.04613662 0.0462597
 0.04589829 0.04508533 0.04394285 0.04267178 0.04141784 0.04021252
 0.03901755 0.03779598 0.03652378 0.0351867  0.03381873 0.03248359
 0.0311907  0.0298702  0.02847402 0.02699274 0.0253974  0.02244769
 0.01864853 0.01549236 0.01287035 0.01069211 0.00888253 0.0073792 ]",0.09737876109367409,-0.027242080478465488,0.18944663510030416,"[ 7.13875320e-01  5.97292101e-01  4.99048279e-01  4.16258934e-01
  3.46492962e-01  2.87701690e-01  2.38158718e-01  1.94742051e-01
  1.56668718e-01  1.24794948e-01  9.82004157e-02  7.61054281e-02
  5.78868259e-02  4.29689535e-02  3.08005225e-02  2.09631322e-02
  1.31749613e-02  7.21594653e-03  2.91456114e-03  1.34755603e-04
 -1.32654489e-03 -1.69213009e-03 -1.10423223e-03  2.78201321e-04
  2.19933721e-03  4.42038699e-03  6.82762728e-03  9.37469385e-03
  1.19842907e-02  1.45306276e-02  1.68771235e-02  1.88999944e-02
  2.05241149e-02  2.17070050e-02  2.23962205e-02  2.25748252e-02
  2.22585297e-02  2.14757556e-02  2.03456247e-02  1.90688757e-02
  1.77935112e-02  1.65540434e-02  1.53146157e-02  1.40397561e-02
  1.27063242e-02  1.13005249e-02  9.85683105e-03  8.44008419e-03
  7.06125631e-03  5.65130342e-03  4.16191374e-03  2.58322574e-03
  8.85650967e-04 -2.17768705e-03 -6.12050053e-03 -9.44308045e-03
 -1.22429941e-02 -1.46024607e-02 -1.65907659e-02 -1.82662960e-02]",0.08673491811930671,0.9899999999999999,0.19207782625070238,"[0.71387532 0.59118301 0.48994466 0.40640972 0.3374803  0.28059953
 0.23366235 0.19327697 0.15848856 0.12999161 0.10673905 0.08786253
 0.07268144 0.06058519 0.05100318 0.04350878 0.03782053 0.03372567
 0.03106134 0.02969972 0.02944773 0.03009569 0.03151709 0.03356915
 0.03601371 0.03863028 0.04132461 0.04406914 0.0468002  0.04940541
 0.05176242 0.05375901 0.05533104 0.05644752 0.0570672  0.05718352
 0.05681943 0.05600854 0.05487278 0.05361229 0.05237186 0.05118223
 0.0500057  0.04880464 0.04755373 0.04623865 0.04489509 0.04358836
 0.04232749 0.04104082 0.03967826 0.03822904 0.03666288 0.03374144
 0.02997904 0.02686575 0.02428626 0.02214525 0.02036545 0.01888237]"
2026-01-30,2026-01-31 02:28:00+00:00,open,314.0,0.0,0.41769792441009557,0.12651606975667384,0.12651606975667384,,2.458485594114442,11.99999997095506,0.10553051502634467,"[0.41769792 0.41711819 0.41653926 0.41596114 0.41538381 0.41480729
 0.41423157 0.40644653 0.3915589  0.3768958  0.36248464 0.34834789
 0.33457539 0.32134838 0.30884016 0.29715716 0.28634621 0.27643694
 0.26743405 0.25923802 0.2516967  0.24474446 0.23839445 0.23267565
 0.22761353 0.22315262 0.21914847 0.21545366 0.21193916 0.20848753
 0.2050282  0.20161589 0.19837335 0.19536003 0.19265547 0.19039794
 0.18861255 0.18719525 0.18603576 0.18507073 0.18436435 0.18410024
 0.18442277 0.18538325 0.18700197 0.18924814 0.19198863 0.19507981
 0.19849654 0.20228698 0.20647864 0.21112727 0.21632065 0.21891024
 0.21860641 0.218303   0.21800001 0.21769745 0.2173953  0.21709357]",0.15296803745457926,0.34551506854274094,0.01597856789758721,"[0.41769792 0.41024653 0.40356434 0.39757194 0.39219814 0.38737908
 0.38305748 0.37222353 0.35588781 0.34143199 0.32868819 0.31750133
 0.30779736 0.29959596 0.29290644 0.28767407 0.28379342 0.28115437
 0.27963382 0.27902195 0.27908206 0.27968457 0.28078694 0.28236589
 0.28439708 0.28678087 0.2893444  0.29193019 0.29441408 0.29669561
 0.29872951 0.30059468 0.30242467 0.30427893 0.30623178 0.30840443
 0.31079679 0.31328776 0.31576335 0.31816596 0.32056587 0.32313819
 0.32600153 0.32917473 0.3326459  0.33635507 0.3401514  0.34389107
 0.34755787 0.35120534 0.35486177 0.35858037 0.36243835 0.36338212
 0.36153772 0.35988371 0.35840044 0.35707029 0.35587745 0.35480775]",11.999999999857831,0.9899999999993331,0.10554583233808579,"[0.41769792 0.41712111 0.4165449  0.41596927 0.41539424 0.41481979
 0.41424592 0.4064625  0.39157627 0.37691436 0.36250421 0.34836827
 0.33459643 0.32136992 0.30886203 0.29717922 0.28636829 0.2764589
 0.26745572 0.25925925 0.25171737 0.24476444 0.23841367 0.23269403
 0.22763102 0.22316919 0.21916408 0.21546827 0.21195269 0.20849989
 0.20503932 0.20162572 0.19838183 0.19536707 0.19266095 0.19040171
 0.18861449 0.18719522 0.18603362 0.18506639 0.18435776 0.18409135
 0.18441156 0.18536967 0.18698599 0.18922969 0.19196763 0.1950562
 0.19847025 0.20225796 0.20644684 0.21109267 0.21628321 0.21886993
 0.2185632  0.21825688 0.21795099 0.21764556 0.21734059 0.21703609]"
2026-02-05,2026-02-06 01:15:00+00:00,open,447.0,10.0,1.2544678078017828,0.8530396813689656,0.8530396813689656,,1.2653215552535382,1.612307691910972,0.040106655526936555,"[1.35809389 1.34412738 1.3303045  1.31662378 1.30308374 1.28968295
 1.27641997 1.26648798 1.25998948 1.25389084 1.24819805 1.24277334
 1.23747727 1.23229239 1.22722215 1.22223928 1.21733001 1.21255059
 1.2079985  1.20370182 1.19959    1.19554306 1.19143559 1.18717542
 1.1827241  1.17807054 1.17318736 1.16802856 1.16255875 1.15676691
 1.15068736 1.14433448 1.13762463 1.13043249 1.12269633 1.11457203
 1.10635862 1.09820938 1.09011826 1.0820659  1.07407599 1.0661874
 1.05838909 1.05060147 1.04268318 1.03444158 1.02569946 1.01639129
 1.00657431 0.99627846 0.98532959 0.97346203 0.96057694 0.94898231
 0.93922306 0.92956418 0.92000463 0.91054339 0.90117945 0.8919118 ]",0.42451696084761437,0.8529214403062394,0.02314255571768371,"[1.35809389 1.33864495 1.31994478 1.30196457 1.28467658 1.26805418
 1.25207173 1.23986866 1.23140467 1.223595   1.21642408 1.20973528
 1.20337567 1.19731688 1.19155174 1.18604321 1.1807688  1.17577595
 1.17115116 1.16690997 1.16297048 1.15920461 1.15548275 1.15171188
 1.14785455 1.14390123 1.13982648 1.13558732 1.13115243 1.12651542
 1.12171477 1.1167678  1.11159471 1.10607707 1.10016269 1.09401573
 1.08793591 1.08207021 1.07640494 1.07091396 1.06561443 1.06053787
 1.05566567 1.05091228 1.04613373 1.04113969 1.03576067 1.02994218
 1.02375203 1.01722855 1.01020745 1.00243954 0.99384747 0.98673842
 0.98158652 0.97663297 0.97187012 0.96729064 0.96288747 0.95865382]",0.564091251937268,0.45436192278370313,0.028692004818912705,"[1.35809389 1.33855005 1.31967708 1.30145961 1.28391784 1.2670417
 1.25080555 1.23837004 1.22973803 1.22183857 1.21464728 1.20799134
 1.20171422 1.19578819 1.19021907 1.18498715 1.18007699 1.17553549
 1.17143603 1.16777722 1.16446373 1.16136364 1.1583435  1.1552948
 1.15217316 1.14897458 1.1456739  1.14221304 1.13853115 1.13459797
 1.13043074 1.12603039 1.12130839 1.11612842 1.11041029 1.10429775
 1.09808863 1.09193739 1.08584342 1.07977909 1.07374907 1.06776752
 1.06181673 1.05587492 1.04985864 1.04357951 1.03685871 1.02964596
 1.02201829 1.01400673 1.00542377 0.99599389 0.98560436 0.97653078
 0.96924346 0.96199204 0.95478714 0.94761621 0.94046612 0.93333843]"
2026-02-06,2026-02-07 01:02:00+00:00,open,431.0,6.0,-0.7575756309551682,-0.24466513008152546,-0.24466513008152546,,1.961218951698243,0.30573170263465066,0.04506364650480927,"[-0.97669492 -0.92487659 -0.87580747 -0.8293417  -0.78534117 -0.74367507
 -0.70421955 -0.66234755 -0.61876244 -0.57853916 -0.54164168 -0.50799367
 -0.47743006 -0.44972807 -0.42464641 -0.4019316  -0.38132115 -0.36254287
 -0.34526765 -0.32908448 -0.31362169 -0.29862766 -0.2839287  -0.2694411
 -0.25512806 -0.24095037 -0.22694322 -0.21318868 -0.19970087 -0.18644105
 -0.17342742 -0.16080608 -0.14881835 -0.137729   -0.12775127 -0.11896466
 -0.11132967 -0.10477462 -0.09920021 -0.094502   -0.09062006 -0.08746028
 -0.08487346 -0.08277719 -0.08118548 -0.08005847 -0.07920527 -0.07837682
 -0.07739187 -0.07620145 -0.07484429 -0.07330908 -0.07151698 -0.06866708
 -0.06502396 -0.06157413 -0.05830733 -0.05521385 -0.05228449 -0.04951055]",0.3963895924878394,0.11978350984320763,0.026736618294503866,"[-9.76694920e-01 -9.31547974e-01 -8.88259931e-01 -8.46754251e-01
 -8.06957546e-01 -7.68799451e-01 -7.32212496e-01 -6.92603571e-01
 -6.50656125e-01 -6.11491643e-01 -5.75138747e-01 -5.41582497e-01
 -5.10715219e-01 -4.82366740e-01 -4.56343339e-01 -4.32434150e-01
 -4.10414371e-01 -3.90044705e-01 -3.71023962e-01 -3.52963393e-01
 -3.35507655e-01 -3.18417027e-01 -3.01526695e-01 -2.84759808e-01
 -2.68085570e-01 -2.51470006e-01 -2.34953210e-01 -2.18622830e-01
 -2.02498978e-01 -1.86548420e-01 -1.70794376e-01 -1.55388773e-01
 -1.40580941e-01 -1.26646496e-01 -1.13812095e-01 -1.02171929e-01
 -9.17007584e-02 -8.23397995e-02 -7.40011454e-02 -6.65899064e-02
 -6.00543396e-02 -5.43073874e-02 -4.92050310e-02 -4.46682299e-02
 -4.07139498e-02 -3.73051944e-02 -3.42523837e-02 -3.13048755e-02
 -2.82771605e-02 -2.51147702e-02 -2.18512280e-02 -1.84705340e-02
 -1.48887007e-02 -1.02959094e-02 -4.93995494e-03  1.95470791e-04
  5.11944796e-03  9.84068285e-03  1.43675233e-02  1.87079733e-02]",0.1420745565996613,0.5230430461212148,0.014930369257729075,"[-9.76694920e-01 -9.34287267e-01 -8.94043324e-01 -8.55604964e-01
 -8.18701780e-01 -7.83120137e-01 -7.48655051e-01 -7.10726219e-01
 -6.70360531e-01 -6.32637266e-01 -5.97458305e-01 -5.64735662e-01
 -5.34329521e-01 -5.06026057e-01 -4.79630236e-01 -4.54958112e-01
 -4.31801630e-01 -4.09968310e-01 -3.89207783e-01 -3.69162158e-01
 -3.49475505e-01 -3.29894894e-01 -3.10266765e-01 -2.90540327e-01
 -2.70727821e-01 -2.50844694e-01 -2.30932224e-01 -2.11048720e-01
 -1.91261058e-01 -1.71666006e-01 -1.52444752e-01 -1.33942827e-01
 -1.16545284e-01 -1.00619882e-01 -8.65109674e-02 -7.43166377e-02
 -6.38572827e-02 -5.48928998e-02 -4.72287411e-02 -4.07806244e-02
 -3.55472866e-02 -3.14397691e-02 -2.82089009e-02 -2.56293464e-02
 -2.36215233e-02 -2.21090965e-02 -2.08939224e-02 -1.97608691e-02
 -1.86009919e-02 -1.74148870e-02 -1.61985373e-02 -1.48838359e-02
 -1.33849375e-02 -1.08704754e-02 -7.63288770e-03 -4.69238847e-03
 -2.08215560e-03  1.73355625e-04  2.09082229e-03  3.75311650e-03]"
2026-02-07,2026-02-08 01:12:00+00:00,open,438.0,11.0,-0.4799334475182544,0.742683279486517,0.742683279486517,,3.8381745176650397,0.490480961295991,0.04330080671935465,"[-0.42393358 -0.40977021 -0.39608003 -0.38284723 -0.37005653 -0.35769316
 -0.34574285 -0.34960737 -0.36904645 -0.38863016 -0.40805115 -0.42682817
 -0.44436314 -0.4602116  -0.47416096 -0.48613034 -0.49619294 -0.50445228
 -0.51085827 -0.51540084 -0.51816443 -0.51900882 -0.5176205  -0.51378597
 -0.50742561 -0.4986708  -0.48798443 -0.47593559 -0.46279909 -0.44865039
 -0.43357185 -0.41749952 -0.40023036 -0.38164115 -0.36181584 -0.34116671
 -0.32034369 -0.29989321 -0.28016914 -0.26131889 -0.24316986 -0.22549939
 -0.20846887 -0.19257058 -0.17817521 -0.16543516 -0.15461508 -0.14617369
 -0.14072503 -0.13881523 -0.140512   -0.14561543 -0.15399684 -0.15629168
 -0.15107007 -0.1460229  -0.14114437 -0.13642882 -0.13187081 -0.12746508]",0.32545338660879236,-0.12937059560846614,0.03895411492728649,"[-0.42393358 -0.40922857 -0.39525766 -0.38198419 -0.36937335 -0.35739207
 -0.34600891 -0.35052193 -0.37033724 -0.3899503  -0.40907112 -0.42724135
 -0.44389412 -0.45862377 -0.47125987 -0.48176397 -0.49024981 -0.49685738
 -0.50157086 -0.50441375 -0.50550136 -0.5047228  -0.50179687 -0.49654534
 -0.48892448 -0.47909961 -0.46756092 -0.45489402 -0.441382   -0.42710586
 -0.41215189 -0.39645931 -0.37983075 -0.36215135 -0.34351343 -0.32433324
 -0.30525509 -0.28680956 -0.26932811 -0.25293243 -0.23742562 -0.22256611
 -0.20849821 -0.19569188 -0.18448869 -0.1750094  -0.1674856  -0.16233823
 -0.1601366  -0.1613738  -0.16606166 -0.1739493  -0.18486229 -0.18944717
 -0.18644806 -0.18359867 -0.18089153 -0.17831953 -0.17587593 -0.17355431]",0.5727258389358747,0.5484250298918877,0.03957254083530971,"[-0.42393358 -0.41041103 -0.39675655 -0.38301135 -0.36927292 -0.35564475
 -0.34221456 -0.34447403 -0.36230461 -0.38032028 -0.39825636 -0.41565871
 -0.43193005 -0.44662594 -0.45952565 -0.47054304 -0.4797353  -0.48717715
 -0.49281009 -0.49662297 -0.49870589 -0.49896029 -0.49710828 -0.49294987
 -0.48645606 -0.47780091 -0.46745031 -0.45600542 -0.44376694 -0.43074927
 -0.41697948 -0.40233378 -0.38653505 -0.36944928 -0.35122069 -0.33229502
 -0.31331207 -0.29481746 -0.27713956 -0.26038371 -0.24432475 -0.22867654
 -0.2136081  -0.19969143 -0.187304   -0.17656838 -0.16771845 -0.16113731
 -0.15737605 -0.15704229 -0.16034453 -0.16720338 -0.17754075 -0.18199276
 -0.17913108 -0.17670099 -0.17479445 -0.17350618 -0.17288152 -0.17290856]"
2026-02-08,2026-02-09 00:14:00+00:00,open,432.0,32.0,1.2551245645937694,1.8381286142408158,1.8381286142408158,,1.3402581334569847,3.0552218160604525,0.09160651705093044,"[0.85897207 0.85429901 0.84965138 0.84502903 0.84043183 0.83585964
 0.83131232 0.84506285 0.87661284 0.90709219 0.93629424 0.9643021
 0.99129589 1.01718358 1.04168841 1.06462845 1.08600985 1.10595429
 1.12451987 1.14172149 1.15757242 1.17205285 1.18513588 1.1968703
 1.20745402 1.21707924 1.22570792 1.23316321 1.23944515 1.24474004
 1.24916594 1.2527836  1.2557337  1.25817916 1.26026053 1.26213432
 1.26393899 1.26585754 1.26816713 1.27097442 1.27416529 1.27769675
 1.28158576 1.28570447 1.28988613 1.29413205 1.29841905 1.30242901
 1.30564492 1.3075355  1.30770897 1.30602078 1.30246705 1.29668754
 1.28963319 1.28261721 1.2756394  1.26869955 1.26179746 1.25493292]",0.1777881056421129,1.1187619855695727,0.04025221274238492,"[0.85897207 0.88221929 0.90338624 0.92265907 0.94020727 0.95618518
 0.97073332 1.00172709 1.04679376 1.08696481 1.12247666 1.15382147
 1.18153735 1.20585281 1.22680174 1.24450508 1.2592526  1.2714172
 1.2812772  1.28904623 1.29491667 1.29903228 1.30151724 1.30255793
 1.30246705 1.30152274 1.29975783 1.29707145 1.29354231 1.28941833
 1.28485936 1.2799584  1.27487717 1.26978392 1.26481166 1.26009769
 1.25574988 1.25191136 1.2488027  1.24646007 1.24470783 1.24345543
 1.24267555 1.24220398 1.24185558 1.24162238 1.24147041 1.24108579
 1.23999253 1.23774164 1.23405649 1.2289199  1.22244852 1.21440209
 1.20584376 1.19805128 1.1909561  1.18449583 1.17861366 1.17325785]",0.010000000000000002,0.2706400960123532,0.0405424460358591,"[0.85897207 0.85431572 0.87472184 0.90027864 0.92474473 0.94852418
 0.97358266 1.01077744 1.04517571 1.07067459 1.09471426 1.11952756
 1.14435716 1.16845597 1.19093403 1.21028808 1.22490718 1.23635392
 1.24637265 1.2563133  1.26549849 1.27284332 1.27820919 1.28204279
 1.2853601  1.28958369 1.29472766 1.3000734  1.30445166 1.30730526
 1.3068387  1.30330713 1.29936259 1.2955907  1.29023685 1.28315475
 1.27641351 1.27036314 1.2635446  1.2575801  1.25419852 1.25338983
 1.25437266 1.25631782 1.25781011 1.25919743 1.26025229 1.26010434
 1.25873244 1.25609758 1.25102514 1.24379466 1.23605135 1.2283187
 1.22054057 1.21189919 1.20067964 1.18636406 1.17050244 1.15427837]"
2026-02-09,2026-02-09 23:17:00+00:00,open,578.0,36.0,0.8620778222175165,1.0821390360354943,1.0821390360354943,,2.01750356570054,1.8927818016450217,0.15067355356592854,"[0.61164196 0.60627986 0.60096477 0.59569627 0.59047396 0.58529744
 0.5801663  0.59260572 0.62202172 0.65042833 0.67776553 0.70396167
 0.72913492 0.75349749 0.77720194 0.80025826 0.82270914 0.84448302
 0.86534361 0.88534867 0.90450823 0.92241043 0.93856128 0.95247597
 0.9637084  0.97205364 0.97758009 0.98070325 0.98191014 0.98122686
 0.97850584 0.97381848 0.96726311 0.95874832 0.94804004 0.93505178
 0.91996947 0.90317388 0.88519354 0.86652963 0.84755571 0.82863769
 0.8100133  0.79159589 0.77322507 0.75497251 0.73710006 0.71993513
 0.70370335 0.68832451 0.67356562 0.65931075 0.64541589 0.63573346
 0.63016015 0.62463571 0.6191597  0.6137317  0.60835128 0.60301803]",0.1769393241343825,0.7836959031389532,0.10342057905775846,"[0.61164196 0.62710858 0.64118485 0.65399574 0.66565501 0.67626619
 0.68592348 0.71175057 0.75138949 0.78674509 0.81813479 0.84583884
 0.87029343 0.89198561 0.91130221 0.92845982 0.94368943 0.9570877
 0.9685878  0.9784113  0.98670743 0.99320978 0.99759617 0.99957677
 0.99892253 0.99565347 0.99004752 0.98269251 0.97419018 0.96464849
 0.95400524 0.94241206 0.93003115 0.91682833 0.90263639 0.88744515
 0.87150497 0.85523177 0.83914857 0.82370759 0.8092029  0.79589896
 0.78391397 0.77304659 0.76304552 0.75390393 0.74579721 0.73894963
 0.73346862 0.72915975 0.72570192 0.72291386 0.7206     0.72246945
 0.72797334 0.73298247 0.73754131 0.74169033 0.74546638 0.74890299]",0.08570335453380287,0.48912095557539464,0.029264699441668526,"[0.61164196 0.65522654 0.69430498 0.72952402 0.76090576 0.78814051
 0.81145504 0.84817632 0.89428857 0.93148778 0.96111801 0.9846722
 1.00327416 1.01808712 1.03008782 1.04005641 1.04877804 1.05650335
 1.0629003  1.06775657 1.07071608 1.07161364 1.07070086 1.06762112
 1.06177093 1.05293355 1.04178313 1.02952256 1.01654807 1.00249274
 0.98716521 0.9705835  0.95275307 0.93353319 0.91278754 0.89107298
 0.86914093 0.8474346  0.82621912 0.80557611 0.78534586 0.76565125
 0.74677275 0.72845085 0.71041133 0.69313956 0.67735539 0.66345288
 0.65157858 0.64175316 0.63380518 0.62722382 0.62148402 0.62007387
 0.621936   0.6228835  0.62296998 0.62204411 0.61989213 0.6165709 ]"
2026-02-10,2026-02-11 04:34:00+00:00,open,246.0,2.0,0.22564552621925849,0.12845467398270038,0.12845467398270038,,1.3884459420498416,11.999999999998442,0.18361814837820445,"[0.20265348 0.20237221 0.20209133 0.20181085 0.20153075 0.20125104
 0.20097172 0.2051718  0.21334649 0.22047227 0.226418   0.23104664
 0.23433604 0.23637285 0.23727308 0.23715568 0.23614272 0.23442897
 0.23233424 0.23019766 0.22827439 0.22670208 0.22551029 0.22464114
 0.22398602 0.22349244 0.22322791 0.22329017 0.22369748 0.22439775
 0.22529305 0.22625492 0.22712848 0.22771658 0.22783941 0.22739604
 0.22635897 0.22474021 0.22257741 0.21992584 0.21682312 0.21326671
 0.20921797 0.20463586 0.19949485 0.19374366 0.18729048 0.1800052
 0.17172879 0.16238146 0.15203794 0.14088736 0.1291313  0.12303946
 0.12286869 0.12269815 0.12252786 0.1223578  0.12218798 0.12201839]",11.999999999999998,3.922223995359664,0.032583852272485024,"[0.20265348 0.20781596 0.21297128 0.21811945 0.22326047 0.22839435
 0.23352111 0.24311976 0.25668554 0.26919492 0.28051678 0.29051409
 0.2991647  0.30655529 0.31280186 0.31802338 0.32234194 0.3259523
 0.32917429 0.33234706 0.33572576 0.33944808 0.34354356 0.34795433
 0.35257181 0.35734353 0.36233696 0.36764991 0.37330061 0.37923699
 0.38536115 0.3915446  0.3976325  0.40342771 0.40875041 0.41349971
 0.41764809 0.42120759 0.42421586 0.42672818 0.42878219 0.43037535
 0.43146903 0.4320222  0.43200935 0.4313792  0.43003995 0.4278615
 0.42468484 0.42043018 0.41517226 0.40910022 0.40241565 0.40138826
 0.40627492 0.41115479 0.41602789 0.42089423 0.42575381 0.43060665]",1.1195745687750984,0.010000000000000281,0.06596778054719452,"[0.20265348 0.21226378 0.2217487  0.2311233  0.24036715 0.24943166
 0.2582783  0.2713464  0.28804938 0.30335929 0.31714602 0.32925725
 0.33964839 0.34838875 0.35559687 0.36140272 0.36594542 0.36943943
 0.37220696 0.37456827 0.37676374 0.37893769 0.38114271 0.38336027
 0.3855279  0.3876555  0.38987531 0.39232232 0.395039   0.39798581
 0.40105725 0.40410498 0.40695707 0.40941378 0.41129928 0.41251339
 0.41302952 0.4128665  0.41207035 0.41070849 0.40883261 0.40644514
 0.40350285 0.39995949 0.39578878 0.39093331 0.38528988 0.37872095
 0.37106842 0.36225136 0.35232966 0.34148227 0.32990734 0.32383075
 0.32337935 0.3225732  0.32137553 0.31977665 0.31779725 0.31547899]"
2026-02-11,2026-02-12 01:28:00+00:00,open,373.0,4.0,-0.21045861138608757,0.45783109105028785,0.45783109105028785,,1.0959348928778525,0.36267167444116066,0.058346741959318105,"[-0.21151163 -0.20201152 -0.19293812 -0.18427224 -0.1759956  -0.16809071
 -0.16054086 -0.15705647 -0.15751193 -0.15816505 -0.15898811 -0.15994427
 -0.16099463 -0.16207817 -0.16309295 -0.16401451 -0.16493354 -0.16588684
 -0.16683462 -0.16772276 -0.16848616 -0.16911404 -0.16967013 -0.17021605
 -0.17073343 -0.17117999 -0.1715729  -0.17192447 -0.17225231 -0.17263579
 -0.17309769 -0.17358172 -0.17408545 -0.1746488  -0.17535771 -0.17635755
 -0.17770177 -0.17931061 -0.18106443 -0.1828993  -0.18482585 -0.18682603
 -0.18883836 -0.19081196 -0.19274225 -0.19471361 -0.19680022 -0.1989546
 -0.20106217 -0.20295408 -0.20442094 -0.20531518 -0.20558092 -0.2009041
 -0.19188043 -0.18326207 -0.1750308  -0.16716924 -0.15966078 -0.15248957]",10.970803400158546,4.999999999999998,0.053335618736598686,"[-0.21151163 -0.2036004  -0.19570117 -0.18781394 -0.17993868 -0.17207538
 -0.16422401 -0.16016629 -0.1600099  -0.16007678 -0.16034739 -0.1607916
 -0.16137546 -0.16204091 -0.16268523 -0.16327966 -0.16391249 -0.16462173
 -0.16536818 -0.16609632 -0.16673684 -0.16727277 -0.16776301 -0.16826752
 -0.16876743 -0.16921798 -0.16963334 -0.17002394 -0.17040563 -0.17085829
 -0.17140824 -0.17200138 -0.17263581 -0.17335325 -0.17424373 -0.17546225
 -0.17707702 -0.17902199 -0.18118654 -0.18351122 -0.18601023 -0.18866941
 -0.19142906 -0.19423748 -0.19708788 -0.20006408 -0.20324403 -0.20658466
 -0.20997173 -0.21323081 -0.21613807 -0.21852329 -0.22030356 -0.21707262
 -0.20915295 -0.20124529 -0.19334964 -0.18546598 -0.17759429 -0.16973454]",0.11648263531531713,0.6815646061139913,0.04882354061970976,"[-0.21151163 -0.19290186 -0.17685571 -0.16305105 -0.1512297  -0.14117196
 -0.13266237 -0.12910205 -0.12973273 -0.13060466 -0.13166943 -0.13290433
 -0.13430514 -0.13583935 -0.13740471 -0.13897389 -0.14062088 -0.14235308
 -0.14409683 -0.14578033 -0.1473481  -0.14876346 -0.15003284 -0.15124297
 -0.15240987 -0.15348062 -0.1544988  -0.15550165 -0.15652285 -0.1576812
 -0.15906293 -0.1606349  -0.16234635 -0.16422806 -0.16640199 -0.16899141
 -0.17200682 -0.17532682 -0.17879227 -0.18233386 -0.18598177 -0.18976439
 -0.19373583 -0.19793033 -0.20232212 -0.20694671 -0.21178036 -0.21668727
 -0.22154232 -0.22618326 -0.23040747 -0.23406364 -0.23712334 -0.23548142
 -0.23022852 -0.22604661 -0.22273795 -0.22014236 -0.21811857 -0.21651829]"
2026-02-13,2026-02-14 00:58:00+00:00,open,501.0,9.0,-0.7015573869830085,0.31749554009907044,0.31749554009907044,,3.7967303454949017,0.3389059352078571,0.0308043506631644,"[-1.06327520e+00 -1.01225053e+00 -9.63674446e-01 -9.17429440e-01
 -8.73403648e-01 -8.31490575e-01 -7.91588835e-01 -7.49463076e-01
 -7.05424486e-01 -6.63747879e-01 -6.24256699e-01 -5.86799242e-01
 -5.51307735e-01 -5.17720064e-01 -4.85953468e-01 -4.55914725e-01
 -4.27447963e-01 -4.00392089e-01 -3.74620938e-01 -3.50062692e-01
 -3.26662405e-01 -3.04277131e-01 -2.82739555e-01 -2.62028004e-01
 -2.42250282e-01 -2.23443776e-01 -2.05496174e-01 -1.88263193e-01
 -1.71698743e-01 -1.55805250e-01 -1.40610203e-01 -1.26204802e-01
 -1.12673701e-01 -1.00082695e-01 -8.84492036e-02 -7.77167969e-02
 -6.78315731e-02 -5.87494698e-02 -5.03416536e-02 -4.24275085e-02
 -3.49557346e-02 -2.80891778e-02 -2.21039987e-02 -1.71153333e-02
 -1.30173890e-02 -9.69421673e-03 -7.10194553e-03 -5.18941652e-03
 -3.78944596e-03 -2.70754531e-03 -1.82758880e-03 -1.12981167e-03
 -7.23552247e-04 -5.99571173e-04 -5.70798829e-04 -5.43407218e-04
 -5.17330081e-04 -4.92504339e-04 -4.68869940e-04 -4.46369713e-04]",0.3232337997625122,-0.02011055350088927,0.0296906740487111,"[-1.0632752  -1.01085045 -0.96106034 -0.91377245 -0.86886103 -0.82620666
 -0.78569591 -0.74308547 -0.69868841 -0.65677088 -0.61714515 -0.57964928
 -0.54420602 -0.51074441 -0.47917345 -0.44939229 -0.42123809 -0.39454355
 -0.36917693 -0.34506134 -0.32213717 -0.30025723 -0.2792506  -0.25909241
 -0.23988731 -0.22166946 -0.2043236  -0.18770297 -0.17175936 -0.15649322
 -0.14193013 -0.12815933 -0.1152634  -0.10330601 -0.09230242 -0.08219423
 -0.07292579 -0.06445149 -0.05664121 -0.04931351 -0.04241659 -0.0361127
 -0.0306769  -0.02622273 -0.02264294 -0.01982048 -0.01771062 -0.01626147
 -0.01530539 -0.01464793 -0.01417334 -0.0138624  -0.01382484 -0.01405162
 -0.01435611 -0.0146453  -0.01491996 -0.01518082 -0.01542856 -0.01566386]",0.3002562589457306,0.9151127641576178,0.02947483592571796,"[-1.0632752  -1.01073586 -0.96088549 -0.91358146 -0.86868623 -0.82606494
 -0.78559387 -0.7430255  -0.69868342 -0.65683008 -0.61727305 -0.57985025
 -0.54448037 -0.51108685 -0.47957762 -0.44984959 -0.42173384 -0.39505972
 -0.36969409 -0.34556174 -0.32260609 -0.30068034 -0.27961711 -0.25939059
 -0.24010225 -0.22178946 -0.2043446  -0.18763059 -0.17160252 -0.15625925
 -0.1416264  -0.12780259 -0.11488231 -0.10292747 -0.09194318 -0.08186535
 -0.07263991 -0.06422176 -0.05648059 -0.0492346  -0.04243436 -0.03624911
 -0.0309541  -0.02665292 -0.02322682 -0.02054775 -0.01856048 -0.01721038
 -0.01633085 -0.01573741 -0.01533148 -0.01509424 -0.01512678 -0.015418
 -0.01578512 -0.01613692 -0.0164702  -0.01678304 -0.01706769 -0.01732417]"
2026-02-14,2026-02-14 23:55:00+00:00,open,504.0,11.0,1.8668386741599683,1.081639776325849,1.081639776325849,,3.072802568557143,1.6089242183664558,0.0970465572181504,"[2.20479146 2.18207016 2.15958301 2.1373276  2.11530154 2.09350247
 2.07192805 2.04504545 2.01291243 1.98107492 1.94964189 1.91884462
 1.88880867 1.85952668 1.8309821  1.80318108 1.77615647 1.749927
 1.7244945  1.69992261 1.67624066 1.65331901 1.63105759 1.60956107
 1.58901795 1.56946082 1.55070981 1.53261958 1.5151367  1.49819225
 1.48174193 1.46572315 1.45001906 1.43451414 1.41911611 1.40379117
 1.38859345 1.37363826 1.35900384 1.34464822 1.330572   1.31694043
 1.30382291 1.29108916 1.27856227 1.26607944 1.25360228 1.24122632
 1.22902368 1.21701288 1.20518895 1.19350126 1.18184959 1.16995764
 1.15790073 1.14596808 1.13415839 1.12247042 1.11090289 1.09945457]",0.4571970346400797,1.1553583214217973,0.03952647163613093,"[2.20479146 2.16722431 2.13100197 2.0960763  2.06240089 2.02993097
 1.9986234  1.96295376 1.92312857 1.88469382 1.84771084 1.81236006
 1.77871303 1.74670912 1.7162809  1.68738558 1.66000836 1.63412112
 1.6096805  1.58670585 1.56518203 1.54493787 1.52583697 1.50794885
 1.4914239  1.47625458 1.46222453 1.44915816 1.4369749  1.42558125
 1.41491084 1.4048808  1.39535723 1.38621122 1.37734023 1.36870234
 1.36034355 1.35236909 1.34484465 1.33771568 1.3309719  1.32476574
 1.31915032 1.31398094 1.30907088 1.30425235 1.29948507 1.29486168
 1.29044905 1.28625963 1.28228243 1.27846164 1.27469402 1.27070465
 1.26657553 1.26259423 1.25875544 1.25505408 1.25148521 1.2480441 ]",0.32432739888821244,0.31477516458984556,0.03097400896587369,"[2.20479146 2.169913   2.1360573  2.10306439 2.07081859 2.03932107
 2.00860339 1.97321314 1.9334873  1.89498112 1.85778157 1.82210744
 1.78800603 1.75541978 1.72435162 1.69473248 1.66644259 1.63939326
 1.61356037 1.58901755 1.56580332 1.54380749 1.52294142 1.50331787
 1.48511564 1.46836375 1.45292176 1.43868166 1.42557199 1.41349011
 1.40238161 1.39218893 1.38280576 1.37404081 1.36569639 1.35773996
 1.35020674 1.34316597 1.33667148 1.33060354 1.32489783 1.31970324
 1.31507557 1.31086556 1.30691515 1.30311987 1.29946949 1.29604266
 1.29292507 1.2901675  1.28774773 1.28553382 1.28332587 1.28080061
 1.27804844 1.27538376 1.27282461 1.27038059 1.26802468 1.2657187 ]"
2026-02-16,2026-02-16 23:46:00+00:00,open,572.0,10.0,-0.20459834093757578,0.09902780918985066,0.09902780918985066,,6.0918382559662225,11.99999999999913,0.16898342889069937,"[-0.10376886 -0.10362484 -0.10348101 -0.10333739 -0.10319396 -0.10305074
 -0.10290771 -0.1001788  -0.09511071 -0.09043117 -0.08591558 -0.08136269
 -0.07677227 -0.07235281 -0.06821069 -0.06426231 -0.0604351  -0.05671179
 -0.05308338 -0.04948802 -0.04589464 -0.04250242 -0.03964477 -0.03759381
 -0.03654198 -0.03660889 -0.03780966 -0.04005798 -0.04329192 -0.04756424
 -0.05291235 -0.05929954 -0.06671064 -0.07511752 -0.08444885 -0.09462682
 -0.10549564 -0.11682365 -0.12847493 -0.14045893 -0.15275236 -0.16523949
 -0.17781835 -0.19034579 -0.20258244 -0.21434535 -0.22556102 -0.23615521
 -0.24609244 -0.25542138 -0.26417273 -0.27235222 -0.27999951 -0.28350015
 -0.28310668 -0.28271375 -0.28232136 -0.28192952 -0.28153822 -0.28114747]",0.2604922123116034,-0.31235698396038186,0.04984321225753554,"[-0.10376886 -0.11669665 -0.12882321 -0.14019819 -0.15086817 -0.16087686
 -0.17026523 -0.17653877 -0.18018091 -0.1839661  -0.1876681  -0.19109763
 -0.19427289 -0.19741221 -0.20061964 -0.20380989 -0.20691443 -0.20992209
 -0.21283028 -0.21558479 -0.21816595 -0.22077903 -0.22374542 -0.22730719
 -0.23161482 -0.23673888 -0.24264436 -0.24920025 -0.2563083  -0.26398723
 -0.27223867 -0.28099292 -0.29020581 -0.29982258 -0.30975042 -0.31989577
 -0.33009456 -0.34011981 -0.34985215 -0.35931977 -0.36851618 -0.37734627
 -0.38573442 -0.39356872 -0.40065109 -0.40685124 -0.41215223 -0.41653683
 -0.42002725 -0.4227254  -0.42470896 -0.4260271  -0.42675897 -0.42339934
 -0.4165172  -0.4100616  -0.40400611 -0.39832592 -0.39299777 -0.38799985]",11.999999999999812,0.9899999999999993,0.16929147941278894,"[-0.10376886 -0.10361392 -0.10345907 -0.10330437 -0.10314987 -0.10299558
 -0.10284151 -0.10010157 -0.09502252 -0.09033209 -0.08580571 -0.08124213
 -0.07664115 -0.07221125 -0.06805876 -0.06410004 -0.06026247 -0.05652875
 -0.05288987 -0.04928401 -0.04568014 -0.04227745 -0.03940936 -0.03734799
 -0.03628579 -0.03634235 -0.03753281 -0.03977085 -0.04299454 -0.04725665
 -0.05259461 -0.05897171 -0.06637279 -0.07476973 -0.08409122 -0.09425945
 -0.10511867 -0.11643725 -0.12807926 -0.14005414 -0.15233862 -0.16481696
 -0.17738717 -0.1899061  -0.20213435 -0.21388894 -0.22509638 -0.23568244
 -0.24561165 -0.25493266 -0.26367616 -0.27184789 -0.27948747 -0.28298046
 -0.28257935 -0.28217883 -0.28177889 -0.28137953 -0.28098076 -0.28058256]"
2026-02-17,2026-02-18 00:09:00+00:00,open,392.0,32.0,-0.023068062712395587,0.2516847553709347,0.2516847553709347,,5.102343075253205,0.27792545345301256,0.35358223239996056,"[ 0.66395233  0.62530669  0.58891044  0.55463265  0.52235001  0.49194639
  0.46331244  0.43571029  0.40711335  0.37617186  0.34299918  0.30780764
  0.27063383  0.23150216  0.19067606  0.14850904  0.10522921  0.06099227
  0.01607277 -0.02912084 -0.07425144 -0.11912733 -0.16356911 -0.20733525
 -0.25021786 -0.29212217 -0.33296951 -0.37257244 -0.41071191 -0.44724576
 -0.48203281 -0.51492638 -0.54582977 -0.57464978 -0.60129106 -0.6256565
 -0.64759399 -0.6669238  -0.68347282 -0.69704075 -0.70744594 -0.71458849
 -0.71843591 -0.71891072 -0.71583773 -0.70909884 -0.6987708  -0.68511125
 -0.66832733 -0.64844426 -0.62571028 -0.60069338 -0.57384774 -0.54368318
 -0.51203786 -0.48223447 -0.4541658  -0.42773088 -0.40283462 -0.37938745]",1.6160623036776358,1.4253805124681338,0.06477588268370263,"[ 0.66395233  0.67176468  0.67949689  0.68714975  0.6947241   0.70222073
  0.70964045  0.71633866  0.72031306  0.72013818  0.71583165  0.70752076
  0.69516463  0.67871066  0.65835295  0.63439302  0.60702232  0.57636889
  0.54268978  0.50639363  0.46783724  0.42724435  0.38483464  0.34089991
  0.29570965  0.24942701  0.20220187  0.15429845  0.10602276  0.05761189
  0.0093074  -0.03863701 -0.08601284 -0.1326118  -0.17821975 -0.22261748
 -0.26552609 -0.30663174 -0.34561999 -0.3821416  -0.41585754 -0.44650519
 -0.4738879  -0.49776374 -0.51778819 -0.53366739 -0.54530291 -0.55278759
 -0.5561785  -0.55535762 -0.55043532 -0.54186531 -0.53001547 -0.51329796
 -0.49340686 -0.47371984 -0.45423481 -0.4349497  -0.41586246 -0.39697106]",0.3997429735153177,0.4519660903742411,0.060244393541346974,"[ 0.66395233  0.66977729  0.67599032  0.68248296  0.68918093  0.69604545
  0.70297654  0.70917746  0.71255509  0.71171781  0.7067285   0.69768572
  0.68452152  0.66721571  0.64601315  0.62124729  0.59311544  0.56175897
  0.52749142  0.49076472  0.4519234   0.41118139  0.36876768  0.3249707
  0.28006281  0.23421116  0.18757003  0.14042726  0.09309775  0.04581197
 -0.00118659 -0.04764946 -0.09340773 -0.13828249 -0.18206769 -0.2245513
 -0.26549121 -0.30461547 -0.34163401 -0.3762378  -0.40814531 -0.43713449
 -0.46303027 -0.48561417 -0.50455522 -0.51957238 -0.53057938 -0.53768902
 -0.54098135 -0.54035589 -0.53594994 -0.5281989  -0.51741077 -0.50198169
 -0.48370648 -0.46599592 -0.44874608 -0.43179623 -0.41518814 -0.39897738]"
2026-02-18,2026-02-18 23:22:00+00:00,open,602.0,15.0,0.38963940386972773,-0.9924329518607031,-0.9924329518607031,,6.626946887789374,0.314335112044519,0.05963195680019552,"[0.44355527 0.42064971 0.39892701 0.37832609 0.35878902 0.34026086
 0.32268951 0.32524185 0.34602973 0.36453231 0.38070553 0.39477065
 0.40680365 0.41671008 0.42450652 0.43030502 0.43421149 0.43638943
 0.4369505  0.43591928 0.43340089 0.42947235 0.42408533 0.41723531
 0.4090985  0.39978371 0.38919999 0.3774088  0.36471386 0.35145451
 0.33775791 0.32349626 0.30860764 0.29333696 0.27794648 0.2623886
 0.24663789 0.23082613 0.21500058 0.19916796 0.18336361 0.16765712
 0.1521985  0.13717719 0.12269627 0.1087529  0.09534984 0.08247198
 0.06997324 0.05772811 0.04578439 0.03422983 0.02314479 0.01731631
 0.01642208 0.01557403 0.01476977 0.01400705 0.01328371 0.01259773]",0.2758516545473155,0.039797687335714656,0.05904249416306048,"[0.44355527 0.41988299 0.39759861 0.37662077 0.35687285 0.33828276
 0.3207826  0.32347789 0.34429131 0.36267684 0.37861562 0.39235175
 0.40398139 0.4134294  0.4207309  0.42601483 0.4294022  0.43106983
 0.43114075 0.42964988 0.42671167 0.42241112 0.41670734 0.40960314
 0.40128105 0.39185449 0.38123694 0.3694944  0.35693338 0.34389346
 0.33050015 0.31662424 0.30220345 0.28748166 0.27271801 0.25786116
 0.24288284 0.22791154 0.21299071 0.19812339 0.18334133 0.16871033
 0.1543761  0.14052276 0.1272472  0.11454049 0.10239974 0.09080444
 0.079604   0.06866982 0.05804706 0.04782038 0.03806666 0.03355757
 0.03392342 0.03426783 0.03459205 0.03489725 0.03518457 0.03545503]",0.26988873450645906,0.9758568320549846,0.05894475697109432,"[0.44355527 0.41916311 0.3962935  0.37485556 0.35476464 0.33593834
 0.31829533 0.32091928 0.34169475 0.36006935 0.37602173 0.38979225
 0.40147636 0.41099966 0.41839607 0.42379401 0.42731022 0.42911373
 0.42933144 0.42800529 0.42524576 0.42112931 0.41561039 0.40869311
 0.40056346 0.39133534 0.38091708 0.36937376 0.35701499 0.34417719
 0.33098169 0.31729603 0.30305669 0.28850973 0.27391557 0.25921979
 0.24438982 0.22955333 0.21475034 0.19997977 0.18527291 0.17069747
 0.1563982  0.14255595 0.12926648 0.11651866 0.10430499 0.09260287
 0.08126412 0.07016518 0.05935546 0.04892254 0.03894622 0.03419497
 0.03429071 0.03433667 0.03433449 0.03428731 0.03419926 0.03407491]"
2026-02-19,2026-02-19 23:59:00+00:00,open,582.0,19.0,-2.132054950548522,0.8889041088360479,0.8889041088360479,,1.7480796819131643,1.1590528289048279,0.21804870170918625,"[-3.07784655 -3.03390516 -2.99059112 -2.94789545 -2.90580933 -2.86432406
 -2.82343107 -2.77619867 -2.72261995 -2.66955787 -2.6169929  -2.56484914
 -2.51306101 -2.4615936  -2.41043135 -2.35959248 -2.30909904 -2.25894403
 -2.20912118 -2.15965054 -2.11056196 -2.06191665 -2.01382118 -1.96636291
 -1.91957348 -1.87352231 -1.8283322  -1.78405038 -1.7406224  -1.69794229
 -1.65587787 -1.61429915 -1.5731025  -1.5322365  -1.4917031  -1.45150403
 -1.41158893 -1.37186378 -1.33223043 -1.29261537 -1.25298995 -1.21340388
 -1.17398399 -1.13488384 -1.09628245 -1.05840203 -1.0214432  -0.98554845
 -0.95084372 -0.91745685 -0.88551816 -0.85515838 -0.82649594 -0.80682009
 -0.79530139 -0.78394714 -0.77275499 -0.76172263 -0.75084777 -0.74012817]",0.5567053721888854,-1.0253714231442335,0.17649488042008007,"[-3.07784655 -3.01731016 -2.95855926 -2.90154117 -2.84620479 -2.79250052
 -2.74038023 -2.68290965 -2.62018512 -2.55906427 -2.49948766 -2.44134139
 -2.38452427 -2.32896748 -2.27462301 -2.22147754 -2.16952214 -2.1187196
 -2.06903455 -2.02045864 -1.97299379 -1.92667344 -1.88157591 -1.83775951
 -1.79522685 -1.75401855 -1.71422786 -1.67587185 -1.63886696 -1.60308024
 -1.56835518 -1.5345402  -1.50151257 -1.46920353 -1.43759858 -1.4066833
 -1.37639205 -1.34661712 -1.3172486  -1.28820288 -1.25944238 -1.23100796
 -1.2030165  -1.17560967 -1.14895244 -1.12325035 -1.09868437 -1.07537544
 -1.05342649 -1.03294114 -1.01402422 -0.99677969 -0.98129809 -0.97480289
 -0.97629438 -0.97774187 -0.97914667 -0.98051004 -0.9818332  -0.98311733]",1.1512890290318591,0.9899999999999585,0.2181833825801561,"[-3.07784655 -3.03392417 -2.99062892 -2.94795163 -2.90588339 -2.86441542
 -2.82353906 -2.7763228  -2.72276042 -2.66971493 -2.61716671 -2.56503956
 -2.51326749 -2.46181515 -2.41066655 -2.35983941 -2.30935545 -2.25920756
 -2.20938931 -2.15992067 -2.1108315  -2.06218308 -2.01408206 -1.96661589
 -1.91981634 -1.87375297 -1.82854869 -1.78425077 -1.74080478 -1.69810486
 -1.65601902 -1.61441739 -1.57319658 -1.53230561 -1.49174686 -1.45152229
 -1.41158165 -1.37183094 -1.33217203 -1.29253146 -1.25288067 -1.21326958
 -1.1738252  -1.1347011  -1.09607623 -1.05817265 -1.02119081 -0.98527317
 -0.95054589 -0.91713722 -0.88517778 -0.85479843 -0.82611778 -0.80642501
 -0.79488981 -0.78351938 -0.77231169 -0.7612647  -0.75037634 -0.7396444 ]"
2026-02-21,2026-02-22 03:57:00+00:00,open,198.0,3.0,0.5282076993585836,1.4995154741473495,1.4995154741473495,,2.3415799058401308,2.755595795941434,0.04153811479953504,"[0.54241944 0.53914863 0.53589754 0.53266605 0.52945405 0.52626142
 0.52308804 0.52245352 0.52448377 0.52682774 0.52953579 0.53261304
 0.53603751 0.53978079 0.54379369 0.54802242 0.55242434 0.55696691
 0.56163239 0.56641412 0.57131698 0.57633867 0.58140333 0.58640275
 0.59128527 0.59603128 0.60064674 0.60512028 0.60937395 0.61334364
 0.61700497 0.62032325 0.62324194 0.62570227 0.62767496 0.6291562
 0.63015282 0.63070104 0.63082486 0.63046498 0.6295336  0.62799048
 0.62587017 0.62328391 0.62032527 0.61702982 0.61341119 0.60943335
 0.60503505 0.60019877 0.59493466 0.58924382 0.58312336 0.57820867
 0.57472205 0.57125645 0.56781175 0.56438782 0.56098454 0.55760177]",11.999999999999742,-1.9281483318272536,0.03952393374362686,"[0.54241944 0.53899048 0.53556627 0.53214682 0.52873212 0.52532215
 0.52191692 0.52104005 0.52283339 0.52495094 0.52744464 0.5303213
 0.53356061 0.53713568 0.5409987  0.54509695 0.54938869 0.55384206
 0.55843991 0.56317609 0.56805601 0.57307791 0.5781663  0.5832129
 0.58816553 0.59300397 0.59773353 0.60234219 0.60675114 0.61089506
 0.61474816 0.6182742  0.62141491 0.62410949 0.62632643 0.62805961
 0.6293136  0.6301224  0.63050801 0.63040905 0.62973524 0.62844358
 0.62656582 0.62421077 0.62147008 0.61837771 0.61494578 0.61113673
 0.6068875  0.60217858 0.59701813 0.59140531 0.58533526 0.58044396
 0.57696222 0.57348532 0.57001324 0.56654598 0.56308353 0.55962589]",0.7159555260806413,0.010000000000202373,0.037320016852260704,"[0.54241944 0.53686443 0.53156466 0.5264979  0.52165458 0.51702793
 0.51261217 0.51091653 0.51202143 0.5135755  0.5156385  0.5182082
 0.52124839 0.5247144  0.52855593 0.53274161 0.53724409 0.54203648
 0.54709281 0.55238006 0.55788065 0.56356478 0.56932651 0.5750456
 0.58067142 0.58619098 0.59161023 0.59690971 0.60200434 0.60682346
 0.61132371 0.61546774 0.61920841 0.62248453 0.62526824 0.62752869
 0.62922591 0.6303767  0.6310023  0.63104369 0.63041362 0.62906988
 0.6270533  0.62448777 0.6214816  0.61807888 0.61429027 0.61005734
 0.60529836 0.59999909 0.594182   0.58785712 0.58101939 0.5753
 0.57088328 0.56631765 0.56157623 0.55666243 0.5515837  0.54634726]"
2026-02-22,2026-02-22 23:55:00+00:00,open,584.0,10.0,0.9239547651876627,-0.8490686327272012,-0.8490686327272012,,1.4546223098022246,0.38011517295573405,0.07717710635373055,"[1.25385923 1.20006991 1.14858811 1.09931482 1.05215531 1.00701889
 0.96381879 0.92114205 0.8794332  0.84047539 0.80431723 0.7709802
 0.74031485 0.7120179  0.6858344  0.66158234 0.63913837 0.61835377
 0.598962   0.5806515  0.56312096 0.54625225 0.53013058 0.51489125
 0.50062961 0.48735342 0.47501686 0.46362915 0.45323755 0.44381795
 0.43528749 0.4275341  0.42050484 0.4141801  0.40844696 0.40318147
 0.3982956  0.39366783 0.38916577 0.3847069  0.38023006 0.37566683
 0.37099095 0.36624488 0.3614874  0.35675155 0.35203476 0.34725404
 0.34227714 0.33702932 0.33147901 0.32555958 0.31921268 0.30912775
 0.29586648 0.2831741  0.27102621 0.25939946 0.24827148 0.23762088]",0.615153003675302,-0.3939156200959981,0.05846550878737601,"[1.25385923 1.20981454 1.16694717 1.12522563 1.0846193  1.04509837
 1.00663382 0.96786015 0.9292478  0.89263717 0.8581427  0.82585072
 0.79567406 0.76736602 0.74072182 0.71560491 0.69193346 0.66959734
 0.64836396 0.62795    0.60807644 0.58864305 0.56975246 0.55155891
 0.53417817 0.51763877 0.50191468 0.48703387 0.47306256 0.45999535
 0.44776659 0.43627941 0.425494   0.41540324 0.40590537 0.39688501
 0.38826089 0.37991639 0.37172167 0.36359486 0.35547436 0.34729026
 0.33901392 0.33068566 0.32236315 0.31407907 0.30583083 0.29753474
 0.28905598 0.28031542 0.27127653 0.26186712 0.25202215 0.23840576
 0.22150394 0.2050539  0.18904357 0.17346119 0.15829533 0.14353484]",0.3712924629760311,0.9899999999999999,0.07915004391024871,"[1.25385923 1.19950181 1.14752606 1.09782656 1.05030315 1.00486065
 0.96140843 0.91853001 0.87666793 0.83760105 0.80137386 0.7680043
 0.73734004 0.70907492 0.68295014 0.65878005 0.63643788 0.61577224
 0.5965148  0.57835263 0.56098238 0.54428429 0.52834252 0.51329135
 0.49922528 0.48615086 0.47402139 0.46284514 0.45266821 0.44346603
 0.43515573 0.42762536 0.42082205 0.41472616 0.4092246  0.40419307
 0.39954298 0.39515215 0.39088731 0.38666534 0.38242499 0.3780973
 0.37365475 0.36913893 0.36460834 0.36009584 0.35559897 0.35103518
 0.34627257 0.3412367  0.33589663 0.33018652 0.3240487  0.31417427
 0.3011293  0.28865872 0.27673612 0.26533616 0.25443504 0.24401014]"
2026-02-23,2026-02-23 23:52:00+00:00,open,576.0,26.0,0.3511785642252949,-0.3387897665836608,-0.3387897665836608,,2.1053899206607314,0.39319167252924037,0.09926400982555879,"[0.84496401 0.80989604 0.77628347 0.74406589 0.71318542 0.68358657
 0.65521613 0.63181035 0.61322329 0.59558218 0.57874412 0.56267011
 0.54744086 0.53306196 0.5194148  0.50625801 0.49328765 0.4803794
 0.467535   0.45467717 0.44168038 0.42841037 0.41476797 0.40076981
 0.38649833 0.37200106 0.35725256 0.34219563 0.32682734 0.31121476
 0.29548324 0.27973296 0.26396462 0.24819462 0.23246992 0.21681457
 0.20131804 0.18611451 0.17126762 0.1567639  0.14258297 0.12874906
 0.11531766 0.10233895 0.08981358 0.07769952 0.06599932 0.05476014
 0.04397772 0.03363898 0.02379869 0.01451454 0.00579334 0.00156663
 0.00150161 0.00143929 0.00137956 0.0013223  0.00126743 0.00121482]",0.5439741182273707,-0.17269760573144927,0.09223668140919909,"[ 8.44964014e-01  8.14256986e-01  7.84476515e-01  7.55594643e-01
  7.27584256e-01  7.00419057e-01  6.74073544e-01  6.52324968e-01
  6.35109680e-01  6.18589516e-01  6.02639243e-01  5.87235792e-01
  5.72475685e-01  5.58380574e-01  5.44846659e-01  5.31644946e-01
  5.18480139e-01  5.05233557e-01  4.91912068e-01  4.78442956e-01
  4.64703870e-01  4.50562117e-01  4.35918610e-01  4.20789549e-01
  4.05257640e-01  3.89371515e-01  3.73106914e-01  3.56407215e-01
  3.39269658e-01  3.21761855e-01  3.04010793e-01  2.86119734e-01
  2.68092886e-01  2.49949991e-01  2.31741757e-01  2.13496232e-01
  1.95307318e-01  1.77314919e-01  1.59589444e-01  1.42124233e-01
  1.24905235e-01  1.07962794e-01  9.13588729e-02  7.51505403e-02
  5.93455029e-02  4.39082235e-02  2.88472718e-02  1.42160040e-02
  1.64933126e-05 -1.37584372e-02 -2.70480408e-02 -3.97880894e-02
 -5.19650547e-02 -5.96255722e-02 -6.30374196e-02 -6.63463175e-02
 -6.95553723e-02 -7.26675968e-02 -7.56859128e-02 -7.86131537e-02]",0.37734351842685093,0.9899999999999901,0.10104661026839243,"[0.84496401 0.8093879  0.77534643 0.74277366 0.71160529 0.68177954
 0.65323834 0.62971158 0.61104146 0.59335063 0.5764935  0.56042888
 0.5452357  0.5309174  0.51735278 0.50429797 0.49144698 0.4786739
 0.46597883 0.45328306 0.44046003 0.42737445 0.41392645 0.4001314
 0.38607047 0.37179045 0.35726515 0.34243728 0.32730385 0.31193104
 0.29644356 0.28094158 0.26542577 0.24991197 0.23444601 0.21905107
 0.20381616 0.18887514 0.17429095 0.16004883 0.1461274  0.13255069
 0.11937419 0.10664779 0.09437194 0.08250463 0.07104866 0.06005106
 0.04950705 0.03940295 0.02979301 0.02073462 0.01223415 0.00822034
 0.00835105 0.00846589 0.00856584 0.00865257 0.00872783 0.00879309]"
2026-02-24,2026-02-24 23:41:00+00:00,open,588.0,7.0,0.8126216765181251,0.21931537956012193,0.21931537956012193,,1.4272312266127014,0.14434249807511113,0.20108624008226536,"[1.32457269 1.18012905 1.05143689 0.9367785  0.83462352 0.74360847
 0.66251854 0.59118871 0.52866666 0.4732519  0.42410967 0.38045349
 0.34166323 0.3072374  0.27676899 0.24991109 0.22617785 0.20497686
 0.18590233 0.16875384 0.15330483 0.13932896 0.1267617  0.11562099
 0.10593011 0.0977567  0.09109898 0.08576901 0.08154018 0.07826734
 0.07581497 0.07412189 0.07322455 0.07308961 0.07354286 0.07437166
 0.07543943 0.07662815 0.07776268 0.07866117 0.07918606 0.07921746
 0.0786697  0.07751313 0.07575954 0.0734841  0.07070861 0.06734915
 0.06336014 0.05879831 0.05375084 0.04826636 0.04240084 0.0372509
 0.03318872 0.02956952 0.02634498 0.02347208 0.02091247 0.01863198]",0.23409375091877238,-0.30296432441551524,0.11147191314252454,"[ 1.32457269  1.21272645  1.10856641  1.01156438  0.92122843  0.83710048
  0.7587539   0.68672211  0.62069814  0.55950707  0.50275623  0.45003562
  0.40104545  0.35555921  0.3134062   0.27444407  0.23836049  0.20470056
  0.17316418  0.14363738  0.11596573  0.08997947  0.06566032  0.04306915
  0.02226984  0.00336978 -0.01359361 -0.02877581 -0.04238314 -0.05454959
 -0.06540597 -0.07501399 -0.08333766 -0.09041005 -0.0964097  -0.10156221
 -0.10602381 -0.1099357  -0.11350092 -0.11693525 -0.12041471 -0.12410027
 -0.12812057 -0.13254755 -0.13740927 -0.14266587 -0.14832545 -0.15450165
 -0.16127104 -0.16860537 -0.17644049 -0.18474629 -0.19348213 -0.20154766
 -0.20851713 -0.21500765 -0.22105214 -0.22668124 -0.2319235  -0.23680551]",0.13949789420087982,0.9899999999999999,0.21046162289823836,"[1.32457269 1.17808386 1.04806487 0.93265751 0.83021458 0.73927583
 0.65854579 0.5877887  0.52599079 0.47140881 0.42317513 0.38047283
 0.34265831 0.3092138  0.27971705 0.25380664 0.23098633 0.21065567
 0.19240186 0.17602158 0.16128985 0.1479824  0.13603653 0.12547099
 0.11630928 0.10861907 0.1023986  0.09746164 0.09358408 0.09062283
 0.0884454  0.08699416 0.08630834 0.08635618 0.08696494 0.08792393
 0.08910031 0.09037954 0.09158888 0.09255233 0.09313855 0.09323118
 0.09274662 0.09165714 0.08997649 0.08778073 0.0850913  0.08182391
 0.07793236 0.07347128 0.06852688 0.06314871 0.05739412 0.05235912
 0.0484107  0.044901   0.04177921 0.03900082 0.03652654 0.03432123]"
